id,video,title,upload_date,channel,views,description,chapters,segments,date_updated
1,BlqIfbNrqEs,BEST OF CAR CRASHES COMPILATION - 2025 [MegaDrivingSchool Rewind],20122025,UCKIrZr7WuPFgFy7OfkAuHOw,216590,"In this ""Best of Car Crash Compilation -2025 "", you will see driving fails, car crashes, semi-truck crashes caught on dashcam. All the bad drivers are from America & Canada.  Treat this as a quick driving school lesson on what NOT to do out there on the roads. In this video, we analyze these dangerous situations to help you learn how to drive more defensively, identify potential hazards before they happen, and understand the critical mistakes that lead to these accidents. Stay safe and watch closely - there is a lesson in every clip.  ✪ Submit your Dashcam video for the feature here: https://megadrivingschool.com/submit Or sent to Email: megadrivingschoolyt@gmail.com  Got an Issue? Email me: megadrivingschoolyt@gmail.com  #carcrash #cars #drivingfails  ------------------------------------------------------------------------- Educational Disclaimer: These car crashes in usa and Canada are curated strictly for traffic safety analysis, accident awareness, and educational purposes. Drive safe!",[],397,02092026
2,e0pCKnab290,TOP 150 MOST VIEWED DASH CAM VIDEOS OF ALL TIME | BEST OF WHAM BAAM DASHCAM,19092025,UCJZpPG8wegZJ3rsnc6-Bpnw,1115467,We are celebrating 150 published episodes on @WhamBaamDashcamThis special video features a collection of our most-viewed clips from our years of work. We hope you enjoy it!  🚨 Dashcams we trust after reviewing thousands of real crash clips: VIOFO A229 Pro 4K  ▶ https://amzn.to/3LQ3FkE  (🎟 5% off: WHCAM229P) VIOFO A119M Pro ▶ https://amzn.to/3N35zii (🎟 5% off: WHCAM119MP) (As an Amazon Associate we may earn from qualifying purchases at no extra cost to you.)   Submit your dashcam video ▶ https://linktr.ee/whambaam Join Patreon and our Discord ▶ https://patreon.com/whambaam Buy our merch ▶ https://whambaam.com Voiceover recorded and edited by ▶ Ben & Melissa Anderson of  @pnweventures    ALL VIDEOS ARE EXCLUSIVELY SUBMITTED TO OR FOR WHAM BAAM CHANNELS AND USED WITH ORIGINAL COPYRIGHT PERMISSION.  #whambaam #dashcam #crash,[],235,02092026
3,LLUbhzcjv_c,BEST OF CAR CRASHES COMPILATION - 2022 [MegaDrivingSchool Rewind],08122022,UCKIrZr7WuPFgFy7OfkAuHOw,6688818,"In this ""Best of Car Crash Compilation"", you will see driving fails, car crashes, semi-truck crashes caught on dashcam. All the bad drivers are from America & Canada.  Treat this as a quick driving school lesson on what NOT to do out there on the roads. In this video, we analyze these dangerous situations to help you learn how to drive more defensively, identify potential hazards before they happen, and understand the critical mistakes that lead to these accidents. Stay safe and watch closely - there is a lesson in every clip.  ✪ Submit your Dashcam video for the feature here: https://megadrivingschool.com/submit Or sent to Email: megadrivingschoolyt@gmail.com  Got an Issue? Email me: megadrivingschoolyt@gmail.com  #carcrash #cars #drivingfails  ------------------------------------------------------------------------- Educational Disclaimer: These car crashes in usa and Canada are curated strictly for traffic safety analysis, accident awareness, and educational purposes. Drive safe!",[],217,04092026
4,jJXT2zGlSc0,BEST OF CAR CRASHES 2026 (so far),21062026,UCnetiRHPnIMBCm-yY4m69qA,1160537,"🛑 Submit your clips: https://dashcamlessons.com/  ⚫Looking for a dashcam for your car? We recommend VIOFO: A229 Pro: https://amzn.to/3W2Lnzi (5% off discount code: DLESSONS229 ) A119M Pro: https://amzn.to/4scZvE9 (5% off discount code: DLESSONSMP )  ⚫ Contact me at dashcamlessons@gmail.com  ⚫ Links to the original videos:  1. Lisa  2. jUsTwAtEvA - https://youtu.be/gAjNe8UbfTw  3. {^Solar Eclipse Dragonz^} - https://youtu.be/nUJnI-zkoqU  4. dfunk  5. ekr6 - https://youtu.be/8_0d7_jEjYo  6. Jon Y.  7. 2socks  8. synthetix83 - https://youtu.be/Uwfx2ysINaY  9. Parag Shah - https://youtu.be/Wmjx0N0qmMI  10. u/cdnstudman  11. u/Hopeful-Value9489  12. Michael Sprouse - https://youtu.be/GU2zH4a2k5s --- Drunk driver  13. Tanner  14. Do Not Contact Me Bro.. :-)  15. carortruck - https://youtu.be/Ds0T8xp5-iQ  16. Josh Tsonos - https://youtu.be/KdXOVfdnZAg  17. Hate bad drivers  18. Miggs - https://youtu.be/KuEmsbCgepM --- Mom's Car Crash  19. u/forshibedoge  20. Who is This - https://youtu.be/sTv3Fzvx-wQ ---  Dash cam drunk driver   21. Leslie  22. u/loadmanagement  23. u/EarLatter  24. Anonymous  25. Rebreb  26. u/LX47001  27. Anonymous  28. Hemi Callahan - https://youtu.be/Lf1aq0nyX40  29. MadMonk  30. Anonymous  31. Maia Stanton  32. ekr6 - https://youtu.be/eDyLQA2_nIQ  33. Bad Drivers of the Bay Area - https://www.youtube.com/@BadDriversoftheBayArea  34. Matt Goelz - https://www.youtube.com/@VOHZ-nyak/videos  35. Friant Roulette - https://youtu.be/nQgFK7b-7rc --- T-Bone Crash  36. TexTom1981  37. JWaldz  38. @techhausinc  39. Snuggs  40. Anonymous  41. Jared  42. Anonymous  43. Brilee  44. k  45. u/manderrooney  46. Heath  47. l3ahamut  48. Anonymous  49. Anonymous  50. ThatBlueS60  51. Anonymous  52. Friant Roulette - https://youtu.be/ebczzJHkbbs  53. u/booper_dooper_balls  54. Movie Hats  55. Sean  56. u/matthew9811  57. Anonymous  58. Anonymous  59. u/Lowtech0  60. DeaconJim  61. u/Fun-Building-8146  62. TK ALPHA MECHANIC LIFE 101 - https://youtu.be/o7taeTQ1xDo  63. u/catlover4682  64. Ronbo  65. u/Swiss_manager  66. samlol23  67. Anonymous  68. Busy Gadgets - https://youtu.be/osdCY4cQuJU  69. Anonymous  70. Anonymous  71. hoboxo  72. CallmeRood  73. Reading Strong - The City of Reading, Ohio - https://youtu.be/Iui-dvNm2wY  74. PissedinIndy  75. Anonymous  76. Stealth Sean  77. Anonymous  78. MorgStu  79. u/Nstraclassic  80. u/Tiny-Maintenance-488  81. maarwein  82. Gbusto  83. Metsknicksfan - https://youtu.be/0vONakIDED8   84. u/Henness0666  85. IRmods Services - https://youtu.be/F6MJ2WmBzhQ  86. Mooshie  87. TL  88. Iaroslav Nagikh - https://youtu.be/Hqehg0-gusA  89. Zinny Wonder  90. u/SirRedhand  91. Smart Asian Man  92. JRS  93. TohsakaMine  94. CraigH - https://youtu.be/5gHbkoVA5Ec  95. Squid - https://youtu.be/vpXFA1g7ddA  96. Tru Faze - https://youtu.be/4xTR0j16uXg  97. javajeff - https://youtu.be/OODZOPgcFOA --- Car wreck   98. Genesis  99.  Sean P  100. The Deckhand - https://youtu.be/CFaZAEFh2L0   ⚫ My socials: Instagram: https://www.instagram.com/dashcamlessons/ TikTok: https://www.tiktok.com/@dashcamlessons Facebook: https://www.facebook.com/dashcamlessons  ⚫ Intro song: My Country - Ben Bostick",[],177,02092026
5,0zdj1w9cR30,BEST OF CAR CRASHES COMPILATION - 2024 [MegaDrivingSchool Rewind],15012025,UCKIrZr7WuPFgFy7OfkAuHOw,1137089,"In this ""Best of Car Crash Compilation"", you will see driving fails, car crashes, semi-truck crashes caught on dashcam. All the bad drivers are from America & Canada.  Treat this as a quick driving school lesson on what NOT to do out there on the roads. In this video, we analyze these dangerous situations to help you learn how to drive more defensively, identify potential hazards before they happen, and understand the critical mistakes that lead to these accidents. Stay safe and watch closely - there is a lesson in every clip.  ✪ Submit your Dashcam video for the feature here: https://megadrivingschool.com/submit Or sent to Email: megadrivingschoolyt@gmail.com  Got an Issue? Email me: megadrivingschoolyt@gmail.com  #carcrash #cars #drivingfails  ------------------------------------------------------------------------- Educational Disclaimer: These car crashes in usa and Canada are curated strictly for traffic safety analysis, accident awareness, and educational purposes. Drive safe!",[],167,02092026
6,8ZvszQog-EE,TOP 100 MOST VIEWED DASH CAM VIDEOS OF ALL TIME | BEST OF WHAM BAAM DASHCAM,03062024,UCJZpPG8wegZJ3rsnc6-Bpnw,4521430,We are celebrating 100 published episodes on @WhamBaamDashcam! This special video features a collection of our most viewed clips from our years of work. We hope you enjoy it!  🚨 Dashcams we trust after reviewing thousands of real crash clips: VIOFO A229 Pro 4K  ▶ https://amzn.to/3LQ3FkE  (🎟 5% off: WHCAM229P) VIOFO A119M Pro ▶ https://amzn.to/3N35zii (🎟 5% off: WHCAM119MP) (As an Amazon Associate we may earn from qualifying purchases at no extra cost to you.)   Submit your dashcam video ▶ https://linktr.ee/whambaam Join Patreon and our Discord ▶ https://patreon.com/whambaam Buy our merch ▶ https://whambaam.com Voiceover recorded and edited by ▶ Ben & Melissa Anderson of  @pnweventures    ALL VIDEOS ARE EXCLUSIVELY SUBMITTED TO OR FOR WHAM BAAM CHANNELS AND USED WITH ORIGINAL COPYRIGHT PERMISSION.  #whambaam #dashcam #crash,[],166,04092026
7,74TuTs8jVHI,BEST OF CAR CRASHES COMPILATION - 2023 [MegaDrivingSchool Rewind],01012024,UCKIrZr7WuPFgFy7OfkAuHOw,522165,"In this ""Best of Car Crash Compilation"", you will see driving fails, car crashes, semi-truck crashes caught on dashcam. All the bad drivers are from America & Canada.  You will find our unique text commentary at the end or at the beginning of the clips throughout the compilation.  ✪ Submit your Dashcam video for the feature here: https://forms.gle/FnavwQg5WwkNkS6r8 Or sent to Email: megadrivingschoolyt@gmail.com   Got an Issue? Email me: megadrivingschoolyt@gmail.com  #carcrash #cars #drivingfails  NOTE: Our channel aims to promote safe driving practices and responsible road behavior through a mix of thrilling, shocking, and educational road moments.",[],137,04092026
8,Wy7SPN44F4c,🔥 Worst Drivers of March 2026 | Dashcam Fails - Bad drivers & Driving fails -learn how to drive,01042026,UC8FpG11hqfqr8n9a9LcxKzA,594173,"This video breaks down real driving mistakes and on-road situations, showing what went wrong and how similar incidents can be avoided in everyday traffic.  ALL VIDEOS ARE USED WITH OWNERS PERMISSION  All footage is Edited and I add a storyline and my commentary. Best of the month-Bad drivers,Driving fails -learn how to drive. (Hit And Run, Accident, Road Rage, Instant karma, car crashes, wreck, road rage  ). This is video about bad drivers.Here you can learn how to /how not to  drive and behave in traffic.There's original commentary and/or storyline at the beginning or at the end of the clips throughout the compilation.Please, read each clip text commentary on the video screen. We tried to give you additional information about so you can better understand what did driver do wrong. Here you can learn about consequences of bad driving/driving fails so you can educate yourself and be a better driver.",[],127,02092026
9,J8LZrDGjoNo,2 HOURS BEST OF CAR CRASHES COMPILATION | USA & CANADA - 8,27032026,UCKIrZr7WuPFgFy7OfkAuHOw,140266,"In this ""Best of Car Crash Compilation"", you will see driving fails, car crashes, semi-truck crashes caught on dashcam. All the bad drivers are from America & Canada.  Treat this as a quick driving school lesson on what NOT to do out there on the roads. In this video, we analyze these dangerous situations to help you learn how to drive more defensively, identify potential hazards before they happen, and understand the critical mistakes that lead to these accidents. Stay safe and watch closely - there is a lesson in every clip.  ✪ Submit your Dashcam video for the feature here: https://megadrivingschool.com/submit Or sent to Email: megadrivingschoolyt@gmail.com  Got an Issue? Email me: megadrivingschoolyt@gmail.com  #carcrash #cars #drivingfails  ------------------------------------------------------------------------- Educational Disclaimer: These car crashes in usa and Canada are curated strictly for traffic safety analysis, accident awareness, and educational purposes. Drive safe!",[],120,02092026
10,L9OhULYZ8Rg,2 HOURS BEST OF CAR CRASHES COMPILATION | USA & CANADA - 1,20072025,UCKIrZr7WuPFgFy7OfkAuHOw,627541,"In this ""Best of Car Crash Compilation"", you will see driving fails, car crashes, semi-truck crashes caught on dashcam. All the bad drivers are from America & Canada.  ✪ Submit your Dashcam video for the feature here: https://forms.gle/FnavwQg5WwkNkS6r8 Or sent to Email: megadrivingschoolyt@gmail.com  Got an Issue? Email me: megadrivingschoolyt@gmail.com  #carcrash #cars #drivingfails",[],120,02092026
11,QK8-NuV9Agk,2 HOURS BEST OF CAR CRASHES COMPILATION | USA & CANADA - 2,22072025,UCKIrZr7WuPFgFy7OfkAuHOw,208203,"In this ""Best of Car Crash Compilation"", you will see driving fails, car crashes, semi-truck crashes caught on dashcam. All the bad drivers are from America & Canada.  ✪ Submit your Dashcam video for the feature here: https://forms.gle/FnavwQg5WwkNkS6r8 Or sent to Email: megadrivingschoolyt@gmail.com  Got an Issue? Email me: megadrivingschoolyt@gmail.com  #carcrash #cars #drivingfails",[],112,02092026
12,bDNdMyagjLw,2 HOURS BEST OF CAR CRASHES COMPILATION | USA & CANADA - 11,12082026,UCKIrZr7WuPFgFy7OfkAuHOw,62407,"In this ""Best of Car Crash Compilation"", you will see driving fails, car crashes, semi-truck crashes caught on dashcam. All the bad drivers are from America & Canada.  ✪ Submit your Dashcam video for the feature here: https://megadrivingschool.com/submit Or sent to Email: megadrivingschoolyt@gmail.com  Got an Issue? Email me: megadrivingschoolyt@gmail.com  #carcrash #cars #drivingfails ------------------------------------------------------------------------- Educational Disclaimer: These car crashes in usa and Canada are curated strictly for traffic safety analysis, accident awareness, and educational purposes. Drive safe!",[],103,02092026
13,lEdlPGy555A,2 HOURS BEST OF CAR CRASHES COMPILATION | USA & CANADA - 4,27092025,UCKIrZr7WuPFgFy7OfkAuHOw,297305,"In this ""Best of Car Crash Compilation"", you will see driving fails, car crashes, semi-truck crashes caught on dashcam. All the bad drivers are from America & Canada.  ✪ Submit your Dashcam video for the feature here: https://forms.gle/FnavwQg5WwkNkS6r8 Or sent to Email: megadrivingschoolyt@gmail.com  Got an Issue? Email me: megadrivingschoolyt@gmail.com  #carcrash #cars #drivingfails",[],102,04092026
14,VFdG7sQ0RCc,2 HOURS BEST OF CAR CRASHES COMPILATION | USA & CANADA - 9,06052026,UCKIrZr7WuPFgFy7OfkAuHOw,141070,"In this ""Best of Car Crash Compilation"", you will see driving fails, car crashes, semi-truck crashes caught on dashcam. All the bad drivers are from America & Canada.  Treat this as a quick driving school lesson on what NOT to do out there on the roads. In this video, we analyze these dangerous situations to help you learn how to drive more defensively, identify potential hazards before they happen, and understand the critical mistakes that lead to these accidents. Stay safe and watch closely - there is a lesson in every clip.  ✪ Submit your Dashcam video for the feature here: https://megadrivingschool.com/submit Or sent to Email: megadrivingschoolyt@gmail.com  Got an Issue? Email me: megadrivingschoolyt@gmail.com  #carcrash #cars #drivingfails  ------------------------------------------------------------------------- Educational Disclaimer: These car crashes in usa and Canada are curated strictly for traffic safety analysis, accident awareness, and educational purposes. Drive safe!",[],97,04092026
15,xRGqusjb8JA,BEST OF THE MONTH - Road Rage! Bad Drivers! Instant Karma! Car crashes! --- learn how to drive.,31052024,UC8FpG11hqfqr8n9a9LcxKzA,3992570,"ALL VIDEOS ARE USED WITH OWNERS PERMISSION  All footage is Edited and I add a storyline and my commentary. Best of the month -Bad drivers,Driving fails -learn how to drive. (Hit And Run, Accident, Road Rage, Instant karma, car crashes, wreck, road rage  ). This is video about bad drivers.Here you can learn how to /how not to  drive and behave in traffic.There's original commentary and/or storyline at the beginning or at the end of the clips throughout the compilation.Please, read each clip text commentary on the video screen. We tried to give you additional information about so you can better understand what did driver do wrong. Here you can learn about consequences of bad driving/driving fails so you can educate yourself and be a better driver.   I edit the raw footage (I need a couple of days for every video I make),I add the location of the incident, I add arrows that follow cars to make the situation easier to be seen. I zoom in and out so everyone can see the action and many other things.",[],94,02092026
16,XYsQXRLUfsE,Most BRUTAL Truck Moments of 2026! (So Far) | Dashcam Compilation,08072026,UC8FpG11hqfqr8n9a9LcxKzA,634604,"ALL VIDEOS ARE USED WITH OWNERS PERMISSION  All footage is Edited and I add a storyline and my commentary. This is video in the series that is all about bad drivers.Here you can learn how to /how not to  drive and behave in traffic. original commentary and/or storyline at the beginning or at the end of the clips throughout the compilation.Please, read each clip text commentary on the video screen. We tried to give you additional information about so you can better understand what did driver do wrong. Here you can learn about consequences of bad driving/driving fails so you can educate yourself and be a better driver.   I edit the raw footage (I need a couple of days for every video I make),I add the location of the incident, I add arrows that follow cars to make the situation easier to be seen. I zoom in and out so everyone can see the action and many other things.   📩 Submit your dashcam clips: rrbddrivingschool@gmail.com",[],93,02092026
17,R5B3uVNziXE,BEST OF ROAD RAGE 2025 | Most Insane Dashcam Videos of the YEAR,21122025,UCnetiRHPnIMBCm-yY4m69qA,1752333,🛑 Submit your clips: http://dashcamlessons.com/  ⚫Looking for a dashcam for your car? We recommend VIOFO: A229 PRO 4K ▶ https://amzn.to/3W2Lnzi  (5% off promo code: dash4K229Pro) VS1 2K ▶https://amzn.to/3W85Xyo  (5% off promo code: dashVS1cam)  ⚫ Contact me at dashcamlessons@gmail.com  ⚫ Links to the original videos:  1. Mike  2. Anonymous  3. Tori - https://youtu.be/oMBXDEphssI  4. Dustin nehl - https://youtu.be/m5fT1ISfO3I  5. Anonymous  6. Las Vegas Dashcam   7. u/Creekbow  8. u/HateBeingStover  9. NOVA Horn   10. Anonymous  11. BadDriversofCharlotteCLT - https://youtu.be/4QyzpoaLaZw   12. freeflymonkey - https://youtu.be/nx0Ng8VNW3Y   13. Zero - https://youtu.be/9EEcgmBLg8U --- Road Rage  14. J  15. Anonymous  16. Mr Souvenir - https://youtu.be/0Zto7d8baCQ  17. Jeremy TAylor  18. u/LICK_THE_BUTTER  19. SanteeTom  20. Natural State Transparency - https://youtu.be/sLepDsVpWkA   21. SanteeTom  22. F - https://youtu.be/hiD7dU4M3RM  23. Anonymous  24. Anonymous  25. Brantforddriverssuck  26. Dashcam NYC - https://youtu.be/HiiSCrBkTMU  27. Martial Fartist   28. Anonymous  29. u/jigardz3  30. Anonymous  31. Science Fiction - https://youtu.be/5tmO0_DqLLY  32. Dwigt Schrute - https://youtu.be/Xs5AqNv9sH0  33. Anonymous  34. u/vicvavoom  35. S “Reviewer” K - https://youtu.be/zVJ40sGtFg_c  36. Anonymous  37. gingerale-  38. Hush1250 - https://youtu.be/SxsHiVyqLeg  39. Anonymous  40. Locutus - https://youtu.be/Md6KCDcNomU  41. u/Wooden-Mistake-4922  42. JattilaB  43. freshgeardude - https://youtu.be/IbpMTFGfJ2w  44. Anonymous  45. Anonymous  46. u/Available-Chip3550  47. u/Bikebulb33  48. u/ElHikerVago  49. Kyle   50. My ATX Dashcam Snips - https://youtu.be/2riQzFxUCck  51. Anonymous  52. James  53. Bethyame - https://youtu.be/zkB05dzlvT_w  54. Anonymous  55. u/master_kaltal  56. u/Cute_Principle3363  57. u/frozen_in_ohio  58. Anonymous  59. Laydownthelaw  60. Anonymous  61. u/Vermonster14  62. u/markul39  63. Rodrigo D  64. Jax Dashcams  65. krystal - https://youtu.be/V7G313il6so  66. u/Krungie_goddammit  67. C Jolly  68. u/Former-Ller  69. 615AsphaltSurfers - https://youtu.be/bkpwQcc6-Yw  70. u/crescentallen  71. Anonymous  72. Anonymous  73. Anonymous  74. u/mythisme  75. Robert D  76. Plates & Passports - https://youtu.be/qjvTroYxFnw  77. u/somebody_throw_a_pie  78. @DugasVlog  79. Anonymous  80. Anonymous  81. u/Availbale_Froyo928  82. Anonymous  83. utspoolup  84. Anonymous  85. Josh Price - https://youtu.be/quxLdNUh-_Y   86. motor headman - https://youtu.be/YdPllicQ9f8  87. TWoah - https://youtu.be/7CrWTMsa-HM  88. Bad Drivers and Random Stuff - https://youtu.be/X8HYinHvtw8  89. Jim Jackson - https://youtu.be/fu0VD0tfEtM  90. Alex W  91. M.E.  92. David D  93. Grab A Stack of Rock - https://youtu.be/rt9o6ZMOTsk  94. 20impala06 - https://youtu.be/eK-EQDGBxrks  95. u/baynemonster  96. Manny Red - https://youtu.be/UR-LJryeYJ8  97. sebbrand  98. u/shh28  99. Sweet talker  100. Sean  101. u/_MariBunny_  102. u/MpiaCheese  103. nyKD - https://youtu.be/sJOtR_CvOMQ   104. u/Dragonfire716  105. Lando  106. UberDrifter - https://youtu.be/gy-ehngQzuE   107. Manifest Calm Sounds - https://www.youtube.com/@manifestcalmsounds  108. Vegas Builder - https://youtu.be/9s1ly1-yBKw  109. MelissaCV - https://youtu.be/2hAsVRnBpLY  110. Anonymous  111. @kirk.turner2  112. ELEMAR  113.  u/ProjecctMKUltra  114. u/Issue_Gloomy  115. yolo_lets_roll - https://youtu.be/2Hm2VxA-Tyo  116. Anonymous  117. u/melandex  118. wstack  119. u/panda-moto  120. C11pagans  ⚫ My socials: Instagram: https://www.instagram.com/dashcamlessons/ TikTok: https://www.tiktok.com/@dashcamlessons Facebook: https://www.facebook.com/dashcamlessons  ⚫ Intro song: My Country - Ben Bostick,[],91,02092026
18,l6VMy9MG5HY,"BEST OF CONVENIENT COP 2025 | Instant Karma, Drivers Busted by Police | BEST OF THE YEAR",20122025,UCnetiRHPnIMBCm-yY4m69qA,1447636,🛑 Submit your clips: http://dashcamlessons.com/  ⚫Looking for a dashcam for your car? We recommend VIOFO: A229 PRO 4K ▶ https://amzn.to/3W2Lnzi  (5% off promo code: dash4K229Pro) VS1 2K ▶https://amzn.to/3W85Xyo  (5% off promo code: dashVS1cam)  ⚫ Contact me at dashcamlessons@gmail.com  ⚫ Links to the original videos:  1. Donktryme - https://youtu.be/Tmfv6fOYnbM  2. Palm Tree  3. u/cyclistNerd  4. u/belleayreski2  5. Harper  6. u/Therealfego  7. u/sunndaycl  8. u/PositionOrganic868  9. Anonymous  10. u/richmoney46  11. Another Utah Driver  12. u/No_Customer_552  13. Rob K.  14. Anonymous  15. jway90  16. u/BraaaaaStaaaap  17. Andrew  18. u/Blueberrydream336  19. u/DeadMoneyDrew  20. Anonymous  21. u/Secret_Act_3833  22. Laura Dickerson - https://youtu.be/sUldvreAgkk  23. Juju  24. Dave S.  25. MadamLemon  26. Dashcam Gnome  27. Keith Keber - https://youtu.be/w4LXGkQl9lA  28. Anonymous  29. Kamicklo  30. u/luisisay  31. Morlan Thomas   32. Dow  33. u/AeroTheManiac  34. Martial Fartist (Mr. Honk)  35. u/kalagula  36. Anonymous  37. CyberTahoe   38. Ryan Losinger - https://youtu.be/vquMNwQYiXc   39. u/jtl94  40. Woo-Sung Shim - https://youtu.be/H3CkDtiaaiY   41. Anonymous  42. The Elevator and Airplane Finder - https://youtu.be/i0_7DLNKE0A   43. Anonymous  44. Zach Gadson - https://youtu.be/rKPDrPjjT8o   45. DogPig - https://youtu.be/jTMiBmNm8Ko  46. Anonymous  47. Maple Bronco  48. Mike  49. u/tipnitty  50. MikeP  51. Anonymous  52. u/Logical_Idiot_9433  53. u/Dr-Shlong  54. u/HuyFongFood  55. cc pro - https://youtu.be/GC24siYfa8g   56. u/Snooflu  57. Stickman  58. u/10PlyTP  59. Backfire42  60. Sev  61. u/ivanromanaround  62. HeavyOlds - https://youtu.be/xv9OZUCZChk --- Instant karma  63. Tayvin  64. Ben Tyler - https://youtu.be/kpqCzRAbHaQ  65. Really Annoying Drivers (R.A.D.) of Orange County - https://youtu.be/wfhQPKpnJIo   66. u/C-Jiggy  67. Bryan Kelly  68. u/Papabear1102  69. CannotManage  70. u/_Dihydrogen_Monoxide  71. u/Fab_Chikorita  72. imSterling (YouTube)  73. YNOT13  74. u/ChiefNovaDTX  75. u/fritzw911  76. RoomBroom - https://youtu.be/6zA9ZCJY7Zg  77. @savorynuggets  78. u/rillytherapper  79. u/Briliant_Mistake_  80. Al Pavangkanan - https://youtu.be/jG2n28bWyU8 --- Red light karma  81. Joeshru  82. Bad Drivers of Ulster Co.  83. Mofo69  84. Anonymous  85. Philip Lee - https://youtu.be/7ABPh6U6r_s   86. Donvega513 - https://youtu.be/Zb5SPd3abkU  87. Anonymous  88. u/Glow5torm  89. bruhmomentum8504  90. BB's Dashcam  - https://youtu.be/0WxIkkCCGRg --- Idiot in Ram Truck   91. Streets of Vegas - https://youtu.be/bAVdoxn4nro  92. Antonio Huynata - https://youtu.be/d4eXx88W_tM   93. u/BabyGates_  94. CYMGRC  95. Anonymous  96. miata ho  97. Jeff  98. Robert E  99. u/wllmshkspr  100. u/MikalCaober  101. CGPN103  102. Bo Minter  103. Anonymous  104. Anonymous  105. Mavuika  ⚫ My socials: Instagram: https://www.instagram.com/dashcamlessons/ TikTok: https://www.tiktok.com/@dashcamlessons Facebook: https://www.facebook.com/dashcamlessons  ⚫ Intro song: My Country - Ben Bostick,[],82,02092026
19,2SN-HKA0idg,"Best-Of Dashcam 2024 - Unfälle, Road-Rage, Heftige Vollbremsungen und mehr! | DDG Dashcam Germany |",20122024,UCv2hsZ_qFgB7332f0uMja2Q,3402173,"Wir haben jetzt unseren eigenen Dashcam-Shop! ✅5% Rabatt mit dem Code ""DDG5"" ✅ ✅https://www.dashcam-shop.com/?ref=ddg Meine Empfehlungsliste findet sich hier in der Videobeschreibung!  ------------------ 📣📣📣Ihr wollt eure Clips einsenden?📣📣📣 Alle Infos zur Videoeinsendung finden sich hier: https://www.dashcamdriversgermany.de/einsendebedingungen.html ------------------   ❗ Welche Dashcam kaufen? ❗  ✅ https://www.dashcam-shop.com/?ref=ddg ✅✅5% Rabatt mit dem Code ""DDG5"" ✅✅   ❗❗❗ 1-Kanal-Dashcam (filmt nur Vorne)❗❗❗ Testvideo: https://youtu.be/cbY3o3BkcKw  Meine Preis-Leistungs-Tipps: ✅VIOFO A119Mini 2 (Bei Wolken minimal besser als die E1 Pro) https://www.dashcam-shop.com/VIOFO-A119-Mini-2?ref=ddg  ✅Vantrue E1 Pro (Bei Nacht mimimal besser als die Mini2) https://www.dashcam-shop.com/Vantrue-E1Pro?ref=ddg  Die modernste Dashcam: ✅Viofo A329S Bester Parkmodus mit HK6-Hardwirekit (mehr Infos weiter unten), 4K 60FPS, SSD-Suport, WiFi6 und leistungsstärkster Prozessor https://www.dashcam-shop.com/VIOFO-A329S-1CH?ref=ddg  --------- ❗❗❗ 2-Kanal-Dashcam (filmt Vorne und Hinten)❗❗❗ Testvideo Preis-Leistung: https://youtu.be/CCGOWqyI968 Testvideo Beste Qualität: https://youtu.be/dbfnsosCeCc  Meine Preis-Leistungs-Tipps: ✅Viofo A229 Plus https://www.dashcam-shop.com/VIOFO-A229-Plus-2CH?ref=ddg  ✅Vantrue N4S ⚠️Bei der N4S handelt es sich um eine 3-Kanal-Dashcam. Für einen kleinen Mehrpreis erhaltet ihr mit der N4S nicht nur eine bessere Frontkameraqualität sondern zusätzlich auch eine 3te Perspektive.  https://www.dashcam-shop.com/Vantrue-N4S?ref=ddg  Die Beste Qualität: ✅Viofo A229 Pro https://www.dashcam-shop.com/VIOFO-A229-Pro-2CH?ref=ddg  Die modernste Dashcam: ✅Viofo A329S Bildqualität minimal besser als A229 Pro, Bester Parkmodus mit HK6-Hardwirekit (mehr Infos weiter unten), 4K 60FPS, SSD-Suport, WiFi6 und leistungsstärkster Prozessor https://www.dashcam-shop.com/VIOFO-A329S-2CH?ref=ddg  Wer bei der Heckkamera 4K-Aufösung haben möchte und keinen Wert auf Parkmodus legt ✅Vantrue S1 Pro Max Heckkamera besser als A229Pro/A329S aber Frontkamera minimalst schlechter. https://www.dashcam-shop.com/Vantrue-S1-Pro-Max?ref=ddg   --------- ❗❗❗ 2-Kanal-Dashcam (filmt Vorne + Innenraum)❗❗❗ Testvideo: https://youtu.be/pZfpqrgwETU ✅Vantrue N2X https://www.dashcam-shop.com/Vantrue-N2X?ref=ddg  --------- ❗❗❗ 3-Kanal-Dashcam (filmt Vorne + Hinten + Innenraum)❗❗❗ Testvideo Preis-Leistung: https://youtu.be/CCGOWqyI968 Testvideo Beste Qualität: https://youtu.be/dbfnsosCeCc  Mein Preis-Leistungs-Tip: ✅Vantrue N4S https://www.dashcam-shop.com/Vantrue-N4S?ref=ddg  Die Beste Qualität: ✅VIOFO A229 PRO  https://www.dashcam-shop.com/VIOFO-A229-Pro-3CH?ref=ddg oder ✅Vantrue N4 Pro S https://www.dashcam-shop.com/Vantrue-N4-Pro-S?ref=ddg  Die modernste Dashcam: ✅Viofo A329S Bildqualität minimal besser als A229 Pro, Beste Abdeckung mit Fisheye-Innenraumkamera, Bester Parkmodus mit HK6-Hardwirekit (mehr Infos weiter unten), SSD-Suport, WiFi6 und leistungsstärkster Prozessor. https://www.dashcam-shop.com/VIOFO-A329S-3CH?ref=ddg   --------- ❗❗❗ Telephoto-Dashcam (filmt Vorne + Telezoom Vorne + Heck)❗❗❗  ✅Viofo A329T https://www.dashcam-shop.com/VIOFO-A329T-Telephoto-3CH?ref=ddg  ⚠️ Bei Telephoto-Modellen filmt ein zusätzliches Kamera-Modul zur normalen Frontkamera mit Zoom nach vorne. Was Kennzeichen der Frontperspektive angeht erhält man so die besten Resultate.  Das Funktionsprinzip seht ihr in diesem Video am Beispiel des Tele-Modules für die A229Plus/Pro. Die A329T funktioniert nach dem selben Prinzip. https://www.youtube.com/watch?v=3rsVh7UmR7A  --------- ❗❗❗ Motorrad-Dashcam (fimt Vorne und Hinten) ❗❗❗ Testvideo: https://youtu.be/xizgBcnqekw  ✅Vantrue F1 https://www.dashcam-shop.com/Vantrue-F1-2CH-Motorrad?ref=ddg    ⚠️❗Zusatzinfo Parkmodus Viofo A329S/T❗⚠️ Die A329S/T-Reihe unterstützt einen Standby-Parkmodus. Mit dem HK6-Hardwirekit können 2 Parkmodus-Arten kombiniert werden. Wer viel Wert auf das Thema Parkmodus bzw. insbesondere längere Einsatzbereitschaft legt kann sich die Infos in dem Video ansehen ⚠️Ab Minute 13.23 bis 24.20 https://youtu.be/sreZ55Iw6qA?si=rj4t1O_43r1qlGTp   ❗ Wichtige Hinweise für den Kauf!❗  ✅ Ich empfehle dringend(!) die Verwendung eines CPL-Filters.  ✅ Mit Erfahrung der letzten Jahre empfehle ich nur noch originale Speicherkarten https://www.dashcam-shop.com/Speicherkarten?ref=ddg (Einzige zuverlässige Alternative: SanDisk Max Endurance)  Alle meine Dashcam-Tests findet ihr Hier: https://www.youtube.com/playlist?list=PLzerT6ucKbNvzdTRHBjzwy2Il3HqZI0Kc  --- ✅Hier findest du unseren Rettungsgassenaufkleber-Shop!✅ https://dashcamdriversgermany.de/aufkleber ---  ---- Unsere Social-Media-Kanäle Facebook: http://facebook.com/dashcamdriversgermany Instagram: https://www.instagram.com/dashcamdriversgermanyofficial/ Tiktok: https://www.tiktok.com/@dashcamdriversgermany  Alle Links mit ""✅"" sind Affiliate-Links oder Werbelinks. Für euch entsteht kein Nachteil beim Kauf, ich erhalte jedoch im Gegenzug eine kleine Provision.",[],78,02092026
20,y3nVx05W4xQ,"BEST OF Accidents, Hit And Run, Road Rage, Bad Drivers, Brake Check, Instant Karma | USA CANADA 2023",13052023,UCnetiRHPnIMBCm-yY4m69qA,6754480,"🛑 Submit your clips: https://forms.gle/7LKzTdvHwnmZmZ439 ⚫ Contact me at dashcamlessons@gmail.com  ⚫ Links to the original videos:  1. u/Rubyysoho801 -  --- [Rexing V1P Max] Honda Fit turns in front of a semi ( Moab, Utahwhen )  2. Flt Hwk -  ---  ( Richmond, VA )  3. Jaxton -  ---  ( Plano Texas )  4. Andre Dimitrov -  --- Hit and Run. (  )   5. Francis Creer - https://www.youtube.com/@franciscreer8869 --- Drunk driver on the wrong side of the highway, Happy Thanksgiving. (  )  6. Hunter -  ---  ( Murfreesboro, Tennessee )   7. zzzSR20SleeperSentrazzz - https://youtu.be/Y-OuHKDP5dE --- Almost rear-ended. (  Huntsville AL )   8. u/cloud9flyerr -  --- I am the idiot. My new, non narcotic meds made me fall asleep while driving. (  )  9. befuddledzebra -  ---  ( Richmond, VA )  10. Hang Ran - https://youtu.be/9aix0l2KBBk --- Dash cam (  )  11. u/JellyOceana -  --- Coronado Naval Base Car accident: She tried claiming no fault too (  )  12. Danny Frank - https://youtu.be/k2XeIZ8AFgs --- Car Crash - T-Boned - Escort M2 Smart Dash Cam ( Friendswood TX )  13. Ryan -  ---  ( Elk Grove, CA )  14. Chris Kearsey -  ---  ( Phoenix )  15. u/zCLONEz -  --- What could go wrong trying to cut across gore zone. (  )   16. Anonymous  17. Michael Sauerwein -  ---  ( Taylorsville, Utah )  18. sageflat - https://youtu.be/JoPT4zu-puc --- 20221108 accident dash cam (  )  19. jynx624 -  ---  ( Mount Holly, NC )  20. MrOnosa -  --- Truck appears out of nowhere after they take an illegal blind turn ( Edmond, Oklahoma )  21. Sea Viper - https://gofund.me/55334292 -  Ontario    22. Whales Lover - https://youtu.be/ZYkl4zxPBHU --- Car crash @ Seabrook Texas 20221122 ( Seabrook Texas )  23. Friant Roulette - https://youtu.be/ORpjePv2TNc --- Multi Car Crash ( Fresno CA )   24. TONY SIMEK - https://youtu.be/5htiLxMwm84 --- Car Accident in Scottsale Arizona 5.13.22 ( Scottsale Arizona )  25. u/IChrisSmith -  --- Black Car tried to beat oncoming traffic and gets creamed. ( Galloway, NJ )  26. Antonio - https://youtu.be/NEK45_Tof2Y --- CL PARKER TRUCKING HIT AND RUN ( I64 E, Richmond, VA )  27. Roman Diaz - https://youtu.be/ItRI1UaWn90 --- Tesla Cam Accident 301 & Big Bend Riverview @ Dec-01-2022 8PM ( Riverview, FL )  28. Kuya Bobon’s Adventures - https://youtu.be/I1cHB6WiNqE --- Dash Cam is a MUST. Claims secured! ( South Sacramento Area )  29. Beef Biscuits -  ---  ( Portland, OR )  30. Mattygadd -  ---  ( Weymouth )  31. u/Elderberry420 -  --- Vehicle racing, clips SUV causing SUV to flip over several times.... ( NY )  32. Tom's Dirty Deeds - https://youtu.be/KQpl5xZSnks --- How to Total a Miata ( Knoxville TN )   33. Lucas smith -  ---  ( mainland Florida )   34. eddie munster - https://youtu.be/BAx8VdB8vFQ --- car crash ( Grand island, NE )  35. SovietSunrise - https://youtu.be/kpNt1d9h9mo --- 18-Wheeler Rear-Ended Me ( San Marcos, Texas )  36. u/arcylix -  --- ""Let's cross two lanes at once without looking!"" - Driver, probably. (  )  37. Goober Magnet - https://youtu.be/rJRiaBhhkVI --- 2 Cars, 1 Space (  )   38. Dex -  ---  ( Seattle, WA )  39. Anonymous2  40. Kill So - https://youtu.be/jUIaTLNeguw --- Car Accident ( Bloomington, Minnesota )  41. AtomiCSwift -  --- Witnessed A Las Vegas Car Accident / Dumb Lady Can't Drive ( Las Vegas )  42. u/Lillillillies -  --- Montreal first snow fall. Truck cuts me off and hits me. ( Montreal )  43. Pakshi Media - https://youtu.be/GuihVpK2xcE --- My Car Accident Experience!!! ( Kansas City, MO )  44. Warren Lapp - https://youtu.be/Xc4nyShxPzg --- Boom! (  )  45. HelenKiller - https://youtu.be/IPg7U4mWqwg --- Hit N Run Columbus, OH  46. acrorrusd - https://youtu.be/BCmKG942OJk --- Black Truck WHite Car Accident Nov 15 2022 ( Semiloe, FL )  47. u/Paolobabe98 -  --- This happened Friday on my way home. The driver of the SUV ended up with a broken hand ( Spring Hwy 99 and Kuykendahl TX )   48. Anonymous3  49. Vidal Juarez - https://youtu.be/hUQBulCtaP0 --- New Caney Tx, Car accident. (  )  50. Lodosswarz  -  ---  ( Medford Oregon )  51. Todd - https://youtu.be/-z_fp9DdTWo --- Tesla cam footage of hit and run in Tampa Fl ( Tampa, FL )  52. 4Runner -  ---  ( Colorado Springs )   53. First Class Finds - https://youtu.be/zx5GfWjDaSw --- Car gets tboned accident in front of Target in Rancho Cordova ( Rancho Cordova )  54. KingSolomon -  ---  ( Jax/fl )  55. u/Skreali -  --- ""I had my blinker on"" ( Staten Island )  56. That.09.rx -  ---  ( Tooele, Utah )  57. Who's Your Delivery Guy (Hoosier Delivery Guy) - https://youtu.be/BrxKizT06tU --- A proper Thanksgiving Rear Ending in Plymouth ( Plymouth )  58. TRSMayson -  ---  ( Powder Springs, Georgia  )   59. Pepper -  ---  ( Hanover, MD )  60. smoothmedia - https://youtu.be/Xi5TsEliY_E --- Nov 29 2022 - Accident - Surrey 160th St at 30th Ave - Dashcam Footage  ⚫ My socials: Instagram: https://www.instagram.com/dashcamlessons/ TikTok: https://www.tiktok.com/@dashcamlessons Facebook: https://www.facebook.com/dashcamlessons  ⚫ Intro song: My Country - Ben Bostick",[],76,02092026
21,lqhVCvk0iHI,INSANE CAR CRASHES COMPILATION  || Best of USA & Canada Accidents- PART 45,18012026,UCnetiRHPnIMBCm-yY4m69qA,375302,🛑 Submit your clips: http://dashcamlessons.com/  ⚫Looking for a dashcam for your car? We recommend VIOFO: A229 PRO 4K ▶ https://amzn.to/3W2Lnzi  (5% off promo code: dash4K229Pro) VS1 2K ▶https://amzn.to/3W85Xyo  (5% off promo code: dashVS1cam)  ⚫ Contact me at dashcamlessons@gmail.com  ⚫ Links to the original videos:  1. {^Solar Eclipse Dragonz^} - https://youtu.be/nUJnI-zkoqU  2. Parag Shah - https://youtu.be/Wmjx0N0qmMI  3. u/cdnstudman  4. u/Hopeful-Value9489  5. Michael Sprouse - https://youtu.be/GU2zH4a2k5s --- Drunk driver  6. Jared  7. Anonymous  8. Brilee  9. k  10. u/manderrooney  11. maarwein  12. Gbusto  13. Metsknicksfan - https://youtu.be/0vONakIDED8   14. u/Henness0666  15. IRmods Services - https://youtu.be/F6MJ2WmBzhQ  16. Mooshie  17. TL  18. Iaroslav Nagikh - https://youtu.be/Hqehg0-gusA  19. Friant Roulette - https://youtu.be/6xSO1toYy3Y  20. Zinny Wonder  21. u/SirRedhand  22.  itz.nate  23. u/Different-Biscotti-3   24. u/Fearless_Addition219  25. Shredhead1620  26. u/Deadside00  27. cln0919  28. Random things - https://youtu.be/htUeiDwFu30  29. Anonymous  30. Anonymous  31. King AD - https://youtu.be/dQC7CFllIXY  32. Elizabeth Clemmons - https://youtu.be/JhaW78-8WQo  33. Rylie Voyles   34. Flippy5612  35. u/Presolution  36. SubuRabbit  37. Anonymous  38. Zotung Tube - https://youtu.be/OgO9ram4WLo  39. u/AdventurousPurpose64  40. Connor  41. u/bulb-uh-saur  42. Frank Delle Donne - https://youtu.be/o81cFjsGg_c  43. SneakySS  44. Ratsirt83  45. u/Lightzeaka  46. Anonymous  47. u/shlamwow  48. Stickman  49. Alex  50. Anonymous  51. RocketPak  52. u/conner937  53. William Huffaker - https://youtu.be/qsTh0ckB-Ps  54. Matt W.  55. u/New-Spread-749  56. Mtntigger  57. Para  58. Chad Moore  59. Alex S.  60. Stardantheman  61. nyKD - https://youtu.be/Nki6liQX6CU  62. u/JellyLumpy8011  63. Weslie Barrett  64. Enrique Mendoza - https://youtu.be/q6v3fQOzg5U  65. vL6njh - https://youtu.be/CRMze3tBXxw  66. @bluehazelphotography  67.  Ilovehaters  68. Anonymous  69. mrbaldy - https://youtu.be/LyYl2WW4QL0  70. pOwEr_stEErIng   ⚫ My socials: Instagram: https://www.instagram.com/dashcamlessons/ TikTok: https://www.tiktok.com/@dashcamlessons Facebook: https://www.facebook.com/dashcamlessons  ⚫ Intro song: My Country - Ben Bostick,[],66,02092026
22,qiI8TFbUUjc,INSANE CAR CRASHES COMPILATION  || Best of USA & Canada Accidents- PART 46,08022026,UCnetiRHPnIMBCm-yY4m69qA,391616,🛑 Submit your clips: http://dashcamlessons.com/  ⚫Looking for a dashcam for your car? We recommend VIOFO: A229 Pro: https://amzn.to/3W2Lnzi (5% off discount code: DLESSONSMP) A119M Pro: https://amzn.to/4scZvE9 (5% off discount code: DLESSONS229)  ⚫ Contact me at dashcamlessons@gmail.com  ⚫ Links to the original videos:  1. Parag Shah - https://youtu.be/Wmjx0N0qmMI  2. Anonymous  3. {^Solar Eclipse Dragonz^} - https://youtu.be/nUJnI-zkoqU  4. u/Lightzeaka  5. Jared  6. Metsknicksfan - https://youtu.be/0vONakIDED8  7. Flippy5612  8. u/AdventurousPurpose64  9. Friant Roulette - https://youtu.be/6xSO1toYy3Y  10. Friant Roulette  11. IRmods Services - https://youtu.be/F6MJ2WmBzhQ  12. u/Hopeful-Value9489  13. Anonymous  14. itz.nate  15. Mooshie  16. Anonymous  17. Shredhead1620  18. Frank Delle Donne - https://youtu.be/o81cFjsGg_c  19. u/cdnstudman  20. Zotung Tube - https://youtu.be/OgO9ram4WLo  21. K  22. Anonymous  23. cln0919  24. Brilee  25.  Ilovehaters  26. Zinny Wonder  27. Gbusto  28. Anonymous  29. Stickman  30. u/Different-Biscotti-3  31. u/Henness0666  32. maarwein  33. TL  34. Michael Sprouse - https://youtu.be/GU2zH4a2k5s  35. Anumbers  36. Random things - https://youtu.be/htUeiDwFu30  37. u/SirRedhand  38. Ratsirt83  39. Rylie Voyles   40. u/Fearless_Addition219  41. M E  42. Anonymous  43. SneakySS  44. Anonymous  45. Connor  46. u/aidgon09  47. William Huffaker - https://youtu.be/qsTh0ckB-Ps  48. Mtntigger  49. Elizabeth Clemmons - https://youtu.be/JhaW78-8WQo  50. Anonymous  51. u/New-Spread-749  52. Para  53. u/JellyLumpy8011  54. vL6njh - https://youtu.be/CRMze3tBXxw  55. Weslie Barrett   56. Alex  57. Iaroslav Nagikh - https://youtu.be/Hqehg0-gusA  58. u/Rid2cool  59. Matt W.  60. Anonymous  61. Chad Moore  62. @bluehazelphotography  63. SubuRabbit  64. Stardantheman  65. Alex S.  66. Anonymous  67. pOwEr_stEErIng  68. mrbaldy - https://youtu.be/LyYl2WW4QL0  69. Anonymous  ⚫ My socials: Instagram: https://www.instagram.com/dashcamlessons/ TikTok: https://www.tiktok.com/@dashcamlessons Facebook: https://www.facebook.com/dashcamlessons  ⚫ Intro song: My Country - Ben Bostick,[],62,02092026
23,_yfmLXQrnEE,INSANE CAR CRASHES COMPILATION  || Best of USA & Canada Accidents - part 29,26012025,UCnetiRHPnIMBCm-yY4m69qA,1262175,🛑 Submit your clips: https://forms.gle/gyoznmQ9vXe8GCcXA  ⚫Looking for a dashcam for your car? We recommend VIOFO: A229 PRO 4K ▶ https://amzn.to/3W2Lnzi  (5% off promo code: dash4K229Pro) VS1 2K ▶https://amzn.to/3W85Xyo  (5% off promo code: dashVS1cam)  ⚫ Contact me at dashcamlessons@gmail.com  ⚫ Links to the original videos:  1. dzimpact - https://youtu.be/wdzl1XBYIQ4 --- Close Encounters of the Automotive Kind  2. Shally  3. u/Drthugnugs  4. obtainm3rcy - https://youtu.be/7VKsZfLePuM --- Car DashCam Crash  5. Samuel  6. Anonymous  7. u/hatchback34  8. FTPlayerlipK  9. Anonymous  10. Anonymous  11. Maamoon Ateia - https://youtu.be/CgBP0oFw1VU --- 2024/06/14 Car Accident  12. Dillpickle01  13. Chad  14. Ankur Sadhoo - https://youtu.be/5gFR3sMWSO0 --- Tesla Dashcam Footage  15. Big Wheels  16. Anonymous  17. Friant Roulette - https://youtu.be/4WoLmae9eMg --- Hard Crash Sends Pickup Truck Spinning  18. Anonymous  19. Arthur  20. Umbrella Corp.  21. Anonymous  22. Cowboy  23. Traffic Cam Watch - https://youtu.be/2BJuOT32d2E --- DASHCAM  24. Carter  25. Polo  26. danijo99 - https://youtu.be/-KqfrYemSLo --- TESLA CRASH FOOTAGE GETTING REAR ENDED  27. Bubba-Joe360  28. Halston Holt - https://youtu.be/Okxj0GrfIn4 ---  Rented pickup truck  29. CrazyDrivers  30. AllKindsOfRalph - https://youtu.be/3H64veLc7XM --- Car Accident   31. Anonymous  32. Ashland County Pictures - https://youtu.be/755evRaD-60 --- Main Street Crash  33. CK  34. Mike Mike  35. @tristanwatts2693  36. David Kim - https://youtu.be/kux459Qcrog --- accident   37. John  38. Alan  39. KS0LEH  40. Kemper Morrow - https://youtu.be/Pp0eRpJ6NTs --- wreck  41. tuxamation - https://youtu.be/eu48dMHQhe8 --- Hit and Run Driver   42. Yury Kagan - https://youtu.be/avuDsOz3dA0 --- Accident with Garbage Truck  43. u/illpaisa  44. The_supracar210  45. u/Wise_Drop_9186  46. Anonymous  47. Anonymous  48. Bad SoCal Drivers - https://youtu.be/KRKUyTxVNhI --- SUV ROLLOVER CAUGHT   49. Charles BridgTec - https://youtu.be/4-gIx3cD148 --- This is why I don't drive without a Dashcam  50. Ryan  51. Red Car Dashcam  52. Destinee  53. AndrewAzN  54.u/Salzano14  55. javajeff - https://youtu.be/XCku58QRekw --- 2024 0703 110519 041 - Car crash  56. Moore700r - https://youtu.be/kYKPqEzjIiw  57. Hector B - https://youtu.be/lrHpvX9sZKY --- 6.17.24 Crash Dashcam  58. @kevindague8539  59. Try it yourself  60. Anonymous  61. nhi nguyen - https://youtu.be/FMnxlqcgefA --- 060924 DASHCAM  62. TwinTierBadDrivers  63. RockinAraxis  64. u/horn3t_  65. Pete  66. Brian Wells - https://youtu.be/aC_-VanTAYQ --- 2024 05 03 14 42 33 back  67. FuSpo Dashcam - https://youtu.be/__BrEpUU4-A --- Both backing at the same time   ⚫ My socials: Instagram: https://www.instagram.com/dashcamlessons/ TikTok: https://www.tiktok.com/@dashcamlessons Facebook: https://www.facebook.com/dashcamlessons  ⚫ Intro song: My Country - Ben Bostick,[],61,02092026
24,JFCtL_NqdMk,INSANE CAR CRASHES COMPILATION  || Best of USA & Canada Accidents - PART 56,09082026,UCnetiRHPnIMBCm-yY4m69qA,618802,🛑 Submit your clips: https://dashcamlessons.com/  ⚫Looking for a dashcam for your car? We recommend VIOFO: A229 Pro: https://amzn.to/3W2Lnzi (5% off discount code: DLSA229P ) A119M Pro: https://amzn.to/4scZvE9 (5% off discount code: DLS119MP )  ⚫ Contact me at dashcamlessons@gmail.com  ⚫ Links to the original videos:  1. Tuck Daddy - https://youtu.be/zZLeY3Mndux8 2. Entry 3. MadiCorax 4. u/RoofWalker2004 5. Lace 6. leothelionator - https://youtu.be/st8hcXDQpho?t=2 7. Anonymous 8. Jaxsen 9. Loganpage 10. Ebbie&Eric 11. SiouxFallsDriversuck 12. u/tommyboy110 13. u/leap-29 14. Justin 15. InvisibleToDwayne 16. Zojumi 17. u/TigerDollar 18. Chadster60 - https://youtu.be/e-1RoDBZ_w8 19. u/Aglisito 20. u/MrBrownBanana 21. (name not identified - fill in manually) 22. u/Outrageous-Dig-6096 23. tahir ashraf - https://youtu.be/vV2saEU3Nr8 24. Britt 25. Aidan Schackmann - https://youtu.be/6utAUQqdeyg 26. u/Dewthedru 27. Kodiak Bear 28. The Jersey Devil 29. gmblaskowicz 30. DietPepto 31. Payton Peta - https://youtu.be/blQo_AcfZRA 32. Kb1 33. Adamantium the Great 34. u/Glittering_Spirit737 35. u/DaddyThiccThighz 36. u/KindaDrunkRtNow 37. AZFry 38. Leonidas Fortunis - https://youtu.be/zBgYmFceH6S8 39. Scoop Gilligan 40. KLW ein 41. Anonymous 42. Chris Rhine - https://youtu.be/xi-rb6nHuv4 43. CS_Dashcam - https://youtu.be/RW3dRYlr2N4 44. u/100percentdead 45. u/New_Perspective6064 46. Brian George 47. schweinigel - https://youtu.be/kpQcBQIODtI 48. Anonymous 49. Anonymous 50. vespera - https://youtu.be/z_PRLns-TdoA 51. Asia 52. Wackakcar! 53. u/JackieWei 54. Anonymous 55. Anonymous 56. Z-Pink 57. Milahhstarr 58. Anonymous 59. u/justananontroll 60. Mark B - https://youtu.be/Q8y-7h-hKiA 61. Legend's and Hero's World - https://youtu.be/yLvG8CYcISE 62. Anonymous 63. Nelson Escalante 64. All Out - https://youtu.be/3WuKfmEmBdo  ----- YouTube Video Chapters ----- [00:00] - 1. Tuck Daddy [00:24] - 2. Entry [00:40] - 3. MadiCorax [01:08] - 4. u/RoofWalker2004 [01:23] - 5. Lace [01:38] - 6. leothelionator [01:57] - 7. Anonymous [02:13] - 8. Jaxsen [02:36] - 9. Loganpage [02:53] - 10. Ebbie&Eric [03:17] - 11. SiouxFallsDriversuck [03:33] - 12. u/tommyboy110 [04:02] - 13. u/leap-29 [04:22] - 14. Justin [04:35] - 15. InvisibleToDwayne [04:54] - 16. Zojumi [05:19] - 17. u/TigerDollar [05:33] - 18. Chadster60 [05:57] - 19. u/Aglisito [06:13] - 20. u/MrBrownBanana [06:39] - 21. (name not identified - fill in manually) [06:57] - 22. u/Outrageous-Dig-6096 [07:08] - 23. tahir ashraf [07:40] - 24. Britt [07:56] - 25. Aidan Schackmann [08:37] - 26. u/Dewthedru [09:09] - 27. Kodiak Bear [09:33] - 28. The Jersey Devil [09:57] - 29. gmblaskowicz [10:14] - 30. DietPepto [10:40] - 31. Payton Peta [10:55] - 32. Kb1 [11:08] - 33. Adamantium the Great [11:30] - 34. u/Glittering_Spirit737 [11:43] - 35. u/DaddyThiccThighz [11:59] - 36. u/KindaDrunkRtNow [12:21] - 37. AZFry [12:38] - 38. Leonidas Fortunis [12:53] - 39. Scoop Gilligan [13:09] - 40. KLW ein [13:23] - 41. Anonymous [13:39] - 42. Chris Rhine [14:02] - 43. CS_Dashcam [14:43] - 44. u/100percentdead [14:58] - 45. u/New_Perspective6064 [15:17] - 46. Brian George [15:34] - 47. schweinigel [16:03] - 48. Anonymous [16:27] - 49. Anonymous [16:41] - 50. vespera [16:56] - 51. Asia [17:13] - 52. Wackakcar! [17:30] - 53. u/JackieWei [17:46] - 54. Anonymous [18:05] - 55. Anonymous [18:24] - 56. Z-Pink [18:44] - 57. Milahhstarr [19:05] - 58. Anonymous [19:17] - 59. u/justananontroll [19:32] - 60. Mark B [19:50] - 61. Legend's and Hero's World [20:05] - 62. Anonymous [20:20] - 63. Nelson Escalante [20:37] - 64. All Out [20:57] - 65. Outro   ⚫ My socials: Instagram: https://www.instagram.com/dashcamlessons/ TikTok: https://www.tiktok.com/@dashcamlessons Facebook: https://www.facebook.com/dashcamlessons  ⚫ Intro song: My Country - Ben Bostick,"[{'title': '1. Tuck Daddy', 'timestamp': '0:00:00'}, {'title': '2. Entry', 'timestamp': '0:00:24'}, {'title': '3. MadiCorax', 'timestamp': '0:00:40'}, {'title': '4. u/RoofWalker2004', 'timestamp': '0:01:08'}, {'title': '5. Lace', 'timestamp': '0:01:23'}, {'title': '6. leothelionator', 'timestamp': '0:01:38'}, {'title': '7. Anonymous', 'timestamp': '0:01:57'}, {'title': '8. Jaxsen', 'timestamp': '0:02:13'}, {'title': '9. Loganpage', 'timestamp': '0:02:36'}, {'title': '10. Ebbie&Eric', 'timestamp': '0:02:53'}, {'title': '11. SiouxFallsDriversuck', 'timestamp': '0:03:17'}, {'title': '12. u/tommyboy110', 'timestamp': '0:03:33'}, {'title': '13. u/leap-29', 'timestamp': '0:04:02'}, {'title': '14. Justin', 'timestamp': '0:04:22'}, {'title': '15. InvisibleToDwayne', 'timestamp': '0:04:35'}, {'title': '16. Zojumi', 'timestamp': '0:04:54'}, {'title': '17. u/TigerDollar', 'timestamp': '0:05:19'}, {'title': '18. Chadster60', 'timestamp': '0:05:33'}, {'title': '19. u/Aglisito', 'timestamp': '0:05:57'}, {'title': '20. u/MrBrownBanana', 'timestamp': '0:06:13'}, {'title': '21. (name not identified - fill in manually)', 'timestamp': '0:06:39'}, {'title': '22. u/Outrageous-Dig-6096', 'timestamp': '0:06:57'}, {'title': '23. tahir ashraf', 'timestamp': '0:07:08'}, {'title': '24. Britt', 'timestamp': '0:07:40'}, {'title': '25. Aidan Schackmann', 'timestamp': '0:07:56'}, {'title': '26. u/Dewthedru', 'timestamp': '0:08:37'}, {'title': '27. Kodiak Bear', 'timestamp': '0:09:09'}, {'title': '28. The Jersey Devil', 'timestamp': '0:09:33'}, {'title': '29. gmblaskowicz', 'timestamp': '0:09:57'}, {'title': '30. DietPepto', 'timestamp': '0:10:14'}, {'title': '31. Payton Peta', 'timestamp': '0:10:40'}, {'title': '32. Kb1', 'timestamp': '0:10:55'}, {'title': '33. Adamantium the Great', 'timestamp': '0:11:08'}, {'title': '34. u/Glittering_Spirit737', 'timestamp': '0:11:30'}, {'title': '35. u/DaddyThiccThighz', 'timestamp': '0:11:43'}, {'title': '36. u/KindaDrunkRtNow', 'timestamp': '0:11:59'}, {'title': '37. AZFry', 'timestamp': '0:12:21'}, {'title': '38. Leonidas Fortunis', 'timestamp': '0:12:38'}, {'title': '39. Scoop Gilligan', 'timestamp': '0:12:53'}, {'title': '40. KLW ein', 'timestamp': '0:13:09'}, {'title': '41. Anonymous', 'timestamp': '0:13:23'}, {'title': '42. Chris Rhine', 'timestamp': '0:13:39'}, {'title': '43. CS_Dashcam', 'timestamp': '0:14:02'}, {'title': '44. u/100percentdead', 'timestamp': '0:14:43'}, {'title': '45. u/New_Perspective6064', 'timestamp': '0:14:58'}, {'title': '46. Brian George', 'timestamp': '0:15:17'}, {'title': '47. schweinigel', 'timestamp': '0:15:34'}, {'title': '48. Anonymous', 'timestamp': '0:16:03'}, {'title': '49. Anonymous', 'timestamp': '0:16:27'}, {'title': '50. vespera', 'timestamp': '0:16:41'}, {'title': '51. Asia', 'timestamp': '0:16:56'}, {'title': '52. Wackakcar!', 'timestamp': '0:17:13'}, {'title': '53. u/JackieWei', 'timestamp': '0:17:30'}, {'title': '54. Anonymous', 'timestamp': '0:17:46'}, {'title': '55. Anonymous', 'timestamp': '0:18:05'}, {'title': '56. Z-Pink', 'timestamp': '0:18:24'}, {'title': '57. Milahhstarr', 'timestamp': '0:18:44'}, {'title': '58. Anonymous', 'timestamp': '0:19:05'}, {'title': '59. u/justananontroll', 'timestamp': '0:19:17'}, {'title': '60. Mark B', 'timestamp': '0:19:32'}, {'title': ""61. Legend's and Hero's World"", 'timestamp': '0:19:50'}, {'title': '62. Anonymous', 'timestamp': '0:20:05'}, {'title': '63. Nelson Escalante', 'timestamp': '0:20:20'}, {'title': '64. All Out', 'timestamp': '0:20:37'}, {'title': '65. Outro', 'timestamp': '0:20:57'}]",59,04092026
25,3v5VGGWm0jc,INSANE CAR CRASHES COMPILATION  || Best of USA & Canada Accidents - PART 53,07062026,UCnetiRHPnIMBCm-yY4m69qA,515286,🛑 Submit your clips: https://dashcamlessons.com/  ⚫Looking for a dashcam for your car? We recommend VIOFO: A229 Pro: https://amzn.to/3W2Lnzi (5% off discount code: DLESSONS229 ) A119M Pro: https://amzn.to/4scZvE9 (5% off discount code: DLESSONSMP )  ⚫ Contact me at dashcamlessons@gmail.com  ⚫ Links to the original videos:  1. synthetix83 - https://youtu.be/Uwfx2ysINaY  2. JWaldz  3. @techhausinc  4. Snuggs  5. Anonymous  6. Stealth Sean  7. Anonymous  8. MorgStu  9. u/Nstraclassic  10. u/Tiny-Maintenance-488  11. Cesar  12. Riven  14. pavaz21 - https://youtu.be/kYV2jihu4YM  15. NOVA Horn  16. u/White_Miata  17. Anonymous  18. u/bruhathkayosaurus_  19. @AntiHero  20. Anonymous  21. Mach 1 Padilla  22. Nick  23. u/Technical-Progress21  24. Anonymous  25. Jack Roen - https://youtu.be/0RsGqAp-5wg  26. Anonymous  27. M²  28. Erik M - https://youtu.be/sfx9IAiWlmM  29. FlyingShazbot  30. Gigi  31. Charles  32. Anonymous  33. caylux   34. Anonymous  35. u/MechanicalAttraction  36. Anonymous  37. @easproul  38. Paul  39. wx_hawkins  40. Alexander Galvez - https://youtu.be/6rkJvlpKTBc  41. Frank the Geographer - https://youtu.be/Yn9q-rN7h8g   42. Crockett Insider  43. Delo  44. Anonymous  45. Anonymous  46. Dan H  47. Jorge - https://youtu.be/6nVXGaqpFfs ---  Road Rager  48. Bad Drivers HR - https://youtu.be/gnB47dMSxeo  49. Double Barrel Trouble - https://youtu.be/emG-eadXbrQ  50. AbrahamAbeBibin - https://youtu.be/nXkJ0GAfyhk  51. u/Rambling_Engineer  52. Anonymous  53. John Cottrell - https://youtu.be/eQX8EOs9yKc  54. dash cam - https://youtu.be/ae4ggCwriJM  55. u/HateBeingStover  56. 9point81 - https://youtu.be/g1Bd1uF2lmY   57. Koblr - https://youtu.be/bIdRNmQn6BM --- Dash Cam Crash  58. paogim30 - https://youtu.be/yc3-dQylKz8  59. Yisel  60. Jib.exe  61. Bahia  62. Pottstown  63. Reverb  64. u/jollysideup   ⚫ My socials: Instagram: https://www.instagram.com/dashcamlessons/ TikTok: https://www.tiktok.com/@dashcamlessons Facebook: https://www.facebook.com/dashcamlessons  ⚫ Intro song: My Country - Ben Bostick,[],57,02092026
26,kM8QMsVL58s,Best of WINTER FAILS - Idiots vs. Snow / Snow car crashes / Icy roads,14022024,UC8FpG11hqfqr8n9a9LcxKzA,1600540,"ALL VIDEOS ARE USED WITH OWNERS PERMISSION This is video Best Winter Fails - Idiots vs. Snow . Here you can learn how to /how not to drive a truck and behave in traffic.There's original commentary and/or storyline at the beginning or at the end of the clips throughout the compilation.Please, read each clip text commentary on the video screen. We tried to give you additional information about so you can better understand what did driver do wrong. Here you can learn about consequences of bad driving/driving fails so you can educate yourself and be a better driver.   I edit the raw footage (I need a couple of days for every video I make),I add the location of the incident, I add arrows that follow cars to make the situation easier to be seen. I zoom in and out so everyone can see the action and many other things.   SUBMIT YOUR DASHCAM VIDEOS OF BAD DRIVERS AT : rrbddrivingschool@gmail.com  Take these videos as a learning tool. Always obey the laws of the road and driving conditions. Stay safe on the road #DrivingFails #Dashcam #BadDrivers #brakecheck #roadrage #truck",[],56,02092026
27,ulU2u1CeAwQ,INSANE CAR CRASH COMPILATION 8,10082026,UC9pJ5zaA4kEy4TxMJ7V8eQw,44164,Troydan reacts to the most insane car crashes 8  Original Video: https://www.youtube.com/watch?v=JFCtL_NqdMk Dashcam Lessons: https://www.youtube.com/@DashcamLessons  ►Join the Discord @ http://discord.gg/troydan ►Follow Troydan @ Twitter: http://www.twitter.com/troydan ►Follow Troydan on Instagram: http://www.instagram.com/troydan,[],54,02092026
28,38ixIcb5OQc,INSANE CAR CRASH COMPILATION 5,17052026,UC9pJ5zaA4kEy4TxMJ7V8eQw,77361,Troydan reacts to the worst driving dashcams  ►Join the Discord @ http://discord.gg/troydan ►Follow Troydan @ Twitter: http://www.twitter.com/troydan ►Follow Troydan on Instagram: http://www.instagram.com/troydan,[],53,02092026
29,khby8M3i3Lw,INSANE CAR CRASHES COMPILATION  || Best of USA & Canada Accidents- PART 52,17052026,UCnetiRHPnIMBCm-yY4m69qA,253147,"🛑 Submit your clips: https://dashcamlessons.com/  ⚫Looking for a dashcam for your car? We recommend VIOFO: A229 Pro: https://amzn.to/3W2Lnzi (5% off discount code: DLESSONS229 ) A119M Pro: https://amzn.to/4scZvE9 (5% off discount code: DLESSONSMP )  ⚫ Contact me at dashcamlessons@gmail.com  ⚫ Links to the original videos:  1. 2socks  2. Matt Goelz - https://www.youtube.com/@VOHZ-nyak/videos  3. Friant Roulette - https://youtu.be/nQgFK7b-7rc --- T-Bone Crash  4. TexTom1981  5. sapna2703 - https://youtu.be/Y2NSoWQ1Oj8 --- Dashcam  6. hoboxo  7. CallmeRood  8. Reading Strong - The City of Reading, Ohio - https://youtu.be/Iui-dvNm2wY  9. PissedinIndy  10. Anonymous  11. u/Proper-Astronaut-251  12. FriendlyneighborhoodCO  13. Doughbiz1  14. Angry Man With a Horn - https://youtu.be/nP_EgyvdgX4  15. Hiren Mistry - https://youtu.be/Sjs349nYF0k  16. Meme  17. Dillon Baker - https://youtu.be/sOGfoXsNLFE  18. Friant Roulette - https://youtu.be/Ty_31-mCwlU --- Rollover  19. redpestbeats  20. OneEyedWonder  21. John  22. u/NH2223  23. Eric Donner - https://youtu.be/zyGxv1akBXU   24. u/Swimming_Range737  25. MAGFAB - https://youtu.be/GlksnbArUO4 --- Dashcam footage  26. u/OverExposedDad  27. u/Chausaster  28. Hith Media - https://youtu.be/s_UstF66UoI  29. u/Dumpaccount4959  30. KLW Ein - https://youtu.be/2hzVJFVqEus  31. Anonymous  32. Jib.exe  33. u/TastyTwix  34. Dilli - https://youtu.be/gk8sTlOp_ww  35. Kevin  36. Bootz  37. eddiefromcali - https://youtu.be/300gwSjGz1c  38. u/Fearless_Addition2196.1  39. McOatmeal - https://youtu.be/aBVLlh7sv8g  40. Deepak M - https://youtu.be/YqWlQmCa6bo  41. Crisperdad  42. Lisa  43. S.Florida Railfanner (FEC 816) - https://youtu.be/Xo29KtrSJPg   44. Chris Morrow - https://youtu.be/UPdPuZW6rbs  45. AfterKathyProductions  46. C B - https://youtu.be/R1J09FiBhrQ --- Road Rage  47. SwampFox612 - https://youtu.be/T4RT02mle70  48. V L - https://youtu.be/icmoQFFuFCk  49. DJBurn77  50. u/millertv79  51. Riley   52. Anonymous  53. Vico  54. u/RandomLoLs  55. Alex Brummett - https://youtu.be/4TGVcSFhPW0  56. Richard miller  - https://youtu.be/XLb4g9YjJG4  57. Dr Fezzik  58. Norfolk Chicken Lady   59. 30 going on 13  60. CCook08  61. eddiefromcali - https://youtu.be/a7Z9zJehGz4    ⚫ My socials: Instagram: https://www.instagram.com/dashcamlessons/ TikTok: https://www.tiktok.com/@dashcamlessons Facebook: https://www.facebook.com/dashcamlessons  ⚫ Intro song: My Country - Ben Bostick",[],53,02092026
30,_RTNTyHhH-I,"BEST OF TEXAS DRIVERS 2023  |  40 Minutes of Road Rage, Accidents, Convenient Cop & More",12082023,UCnetiRHPnIMBCm-yY4m69qA,1685599,"🛑 Submit your clips: https://forms.gle/7LKzTdvHwnmZmZ439 ⚫ Contact me at dashcamlessons@gmail.com  ⚫ Links to the original videos:  1. Maelehn -  --- We were both the idiots today, unfortunately one of us got away scott free. ( Houston, TX )   2. Anonymous  3. u/Ichorian_ -  --- Reposting this now that the lady's insurance has accepted fault. Street is a 45. I'm okay. Just sore. ( Mansfield TX )   4. Toko Gamma - https://youtu.be/v7uX8kud8Z4 --- Car crash Monday  ( Pflugerville, TX )   5. ClaireBere - https://youtu.be/ofUPBTQYGhM --- Adventures in Texas Winter Driving! (  )  6. u/semperip -  --- /ImAlwaysTheIdiot ( Irving Texas )  7. Austin O. -  ---  ( Coppell Texas )  8. Русский Техаn - https://youtu.be/koYx-rB9mQY --- Accident Hit and Run ( Prosper, TX )  9. Anonymous  10. ahmed Fadhel - https://youtu.be/Mztg1YWr37c --- Road Rage in Fort Worth Texas (  )   11. Rob H -  --- Accident video - Hit and Run ( NW Houston Texas )   12. CrankyApes -  ---  ( Marshall, TX )  13. AD TX - https://youtu.be/mBr71UGjbHA ---  ( HOUSTON )  14. @dumbdallasdrivers - https://youtu.be/UL6QVPynoxk ---  ( Dallas, TX )  15. Eric G - https://youtu.be/2wWh5lr4Wdo --- Dangerous 18 Wheeler Pass -FAIL! #dashcam ( Caldwell, TX )  16. Weather Intercepts Storm Chasing - https://youtu.be/6_GYgGDeL1Y --- Truck Loses Control on Icy Texas Road | Anna, TX January 30, 2023 ( Anna, TX )  17. Qvaxe -  ---  ( I 45 Dallas Texas )  18. Michael Watkins - https://youtu.be/1VD8Rhe2VFk --- first car wreck on GoPro ( Mesquite TX )  19. TexTom1981 -  ---  ( Corpus Christi, Texas )  20. Grateful Texan - https://youtu.be/r65sdNHuZUM --- Emergency guy tries to run me off the road, then... ( Cresson TX )  21. Josue Vazquez -  ---  ( Seagoville, TX )  22. Keed -  ---  ( Corpus Christi, TX )   23. Ray Frost -  ---  ( Corpus Christi, TX )  24. Flukybox -  ---  ( Mansfield, TX )  25. Budocka -  ---  ( Sugar Land, TX )  26. Ryan M.  -  ---  ( Sherman, TX )   27. u/jhammah -  --- Witnessed some road rage yesterday in Houston, Texas. They both ended... ( Houston, Texas )  28. Robbie Frazier - https://youtu.be/X4eg0E4ujZs --- Two Bad Drivers on One Commute ( Fort Worth, TX )   29. Greg - https://youtu.be/zbA4jJvYnwg ---  ( Cedar Park, TX )  30. u/Useful-Front8312 -  --- Hit & Run in near Denton, TX! ( Denton, TX )  31. Deanius -  ---  ( Killeen, TX )  32. A Geek and his Tacoma - https://youtu.be/oraWbpQnB5I --- Halloween 2022 San Antonio dashcam close call ( San Antonio, TX )  33. Just Lauren -  ---  ( Denton TX )  34. Flapffles -  ---  ( Burleson. TX )  35. Austin Olmstead - https://youtu.be/SXakvAKBXvk --- Car Wreck Caught On Camera ( Dallas Texas )  36. C MO - https://youtu.be/WT1HcYriR6c --- More bad drivers ( Austin, TX )  37. Justin L. -  ---  ( Houston, TX )  38. TSX Dashcam -  ---  ( Arlington, TX )  39. Anonymous  40. Alex -  ---  ( Round Rock Tx )   41. A1 Jake Sauce -  ---  ( Fort Worth, TX )  42. Austin -  ---  ( Houston, Texas )  43. u/rmiller196 -  --- Was expecting them to go straight or turn left, not just stop in the middle of the road. ( San Antonio, TX )   44. Anonymous  45. Anonymous  46. JB -  ---  ( Arlington TX )   47. TSX Dashcam -  ---  ( Arlington, Texas )  48. Wednesday  -  ---  ( Houston, TX )  49. Texas Roadhog -  ---  ( Magnolia,Texas )  50. Jack E. -  ---  ( Plano, TX )  51. Bobert Johnson - https://youtu.be/7z-Sj76fSBY --- North Texas bad driver screws up merge, then cuts me off and ""brake checks me"". ( I35E, Texas )  52. u/DCBadman17 -  --- Idiot doesn't want me to get to my office I guess ( Austin, TX )  53. Tee -  ---  ( Dallas, TX )   54. V M - https://youtu.be/43lhB01zs2g --- car accident (witness) 1-21-23 12:30am ( Houston Texas )  55. Insano234 - https://youtu.be/qQZ4I5rThrs --- Dash Cam near miss 4/12/23 ( Georgetown, TX )  56. NavyTech214 -  ---  ( Dallas Texas, USA )  57. Bramshonen -  ---  ( Fort Worth, TX )  58. Kaze Kitsune - https://youtu.be/fj4IEMIrfMk ---  ( Mesquite, TX )  59. A1JakeSauce -  ---  ( Fort Worth, TX )  60. Budocka -  ---  ( Fulsher, TX )  61. Eric GM -  ---  ( Fort Worth )  62. Ashton N. -  ---  ( Plano Texas )  63. @usethathorn -  ---  ( HOUSTON, TX )   64. Anonymous  65. Jomy0589 -  ---  ( Stafford, Texas )  66. Not Kurt - https://youtu.be/ZznBmPqo92E --- Highway Cutoff ( Northlake, TX )  67. Gabi C -  ---  ( Huntsville, Texas )  68. Randy -  --- Near Auto Collision ( Austin TX )   69. GibsonCRG -  ---  ( West Lake Hills, Texas )  70. Get a Dashcam - https://youtu.be/cJxODEqikN8 --- Uber Truck rear ends Prius ( Austin, TX )  ⚫ My socials: Instagram: https://www.instagram.com/dashcamlessons/ TikTok: https://www.tiktok.com/@dashcamlessons Facebook: https://www.facebook.com/dashcamlessons  ⚫ Intro song: My Country - Ben Bostick",[],52,02092026
31,fg4lPugjjys,BAD DRIVERS OF ITALY dashcam compilation 2.1 - SOSPESO,01022024,UCqYkaHQFrorRCAj2WgH-G5g,263292,"Trova la tua prossima DASHCAM https://sicurisullastrada.it/dashcam/ Statistiche BDOI, notizie dashcam, anteprime https://bit.ly/bdoinewsletter Prenota un corso di GUIDA SICURA: https://sicurisullastrada.it/corsi/ Dubbi o domande? Trovi qui le RISPOSTE https://sicurisullastrada.it/dashcam-5-minuti-per-sapere-tutto/ Vuoi inviarci le clip della TUA DASHCAM? Guarda come fare su https://bit.ly/inviavideo Seguici sui canali BDOI per essere AGGIORNATO e vedere le MIGLIORI CLIP https://bit.ly/canalibdoi Hai domande o curiosità? COMMENTA sotto al video oppure CONTATTACI https://bit.ly/contattabdoi - - - - - - - - - - - - - - - - - - - - - - - - - - - - - - - - - - - - - - - - - - - - -  This video shows DANGEROUS behaviors not to imitate! Always drive carefully! Do you want to send us the clips of YOUR DASHCAM? See how on https://bit.ly/inviavideo Follow us on BDOI channels to be UPDATED and see the BEST CLIPS https://bit.ly/canalibdoi Do you have any questions or curiosities? COMMENT below the video or CONTACT US https://bit.ly/contattabdoi  #baddriversofitaly #dashcam #compilation",[],47,02092026
32,63fvYAWVfro,"THE WORST DRIVERS OF THIS YEAR | Dashcam Videos, Bad Drivers, Road Rage 2026 - Part 4",22082026,UCnetiRHPnIMBCm-yY4m69qA,195283,🛑 Submit your clips: https://dashcamlessons.com/  ⚫Looking for a dashcam for your car? We recommend VIOFO: A229 Pro: https://amzn.to/3W2Lnzi (5% off discount code: DLSA229P ) A119M Pro: https://amzn.to/4scZvE9 (5% off discount code: DLS119MP )  ⚫ Contact me at dashcamlessons@gmail.com  ⚫ Links to the original videos:  1. Odd Todd - https://youtu.be/nPrDM9CPJlc ---  Who's the dummy? 2. BNOMA 3. u/orozco-javi 4. Anonymous 5. u/stewarts_dad 6. u/buonbajs 7. joshhan - https://youtu.be/MSm8m7OyfVY 8. yuuki 9. brian 10. Bad Drivers of South Central PA - https://youtu.be/TuvMlJKe4Iw 11. u/mawiggins123 12. u/Friendly-Lead9561 13. Mickey - https://youtu.be/jk3nNxXMmZ8 14. EvlSmrf 15. Anonymous 16. Anonymous 17. Dan H 18. u/nazopo 19. u/BaconAccessories 20. RAYRAY 21. Anonymous 22. u/rockycore 23. (name not identified - fill in manually) 24. Kerosenee-e 25. u/Stang70Fastback 26. Eric (Frothy) - https://youtu.be/EwCqiOe4XbQ 27. David 28. u/EvAnZeGeek 29. Anonymous 30. BigFish 31. Anonymous 32. Anonymous4 33. Anonymous 34. ZombusterFTW 35. Anonymous 36. matneym 37. JayK 38. Tavis 39. u/akaisei 40. PilotHomie 41. u/beanmachine69 42. Elijah Aguirre 43. u/Sagun1 44. napsisnapping 45. u/Creative_Bad_1150 46. Robert’s World Travel - https://youtu.be/XO-DLqF4S2Q 47. u/Disastrous-Item-5746 48. u/WhereasInevitable433 49. Festeburg 50. MoNyC 51. Anonymous 52. jaweewee 53. Anonymous 54. SvgCbbg 55. Anonymous 56. u/McBehrer 57. Delo 58. Roy From Ohio  ----- YouTube Video Chapters ----- [00:00] - 1. Todd Zabel [00:17] - 2. BNOMA [00:31] - 3. u/orozco-javi [00:56] - 4. Anonymous [01:31] - 5. u/stewarts_dad [01:45] - 6. u/buonbajs [02:36] - 7. joshhan [02:51] - 8. yuuki [03:10] - 9. brian [03:22] - 10. Bad Drivers of South Central PA [03:40] - 11. u/mawiggins123 [03:55] - 12. u/Friendly-Lead9561 [04:13] - 13. Mickey [04:35] - 14. EvlSmrf [04:46] - 15. Anonymous [05:02] - 16. Anonymous [05:11] - 17. Dan H [05:27] - 18. u/nazopo [05:39] - 19. u/BaconAccessories [05:59] - 20. RAYRAY [06:16] - 21. Anonymous [06:46] - 22. u/rockycore [07:01] - 23. (name not identified - fill in manually) [07:38] - 24. Kerosenee-e [07:53] - 25. u/Stang70Fastback [08:35] - 26. Eric (Frothy) [08:53] - 27. David [09:05] - 28. u/EvAnZeGeek [09:50] - 29. Anonymous [10:09] - 30. BigFish [10:23] - 31. Anonymous [10:47] - 32. Anonymous4 [11:03] - 33. Anonymous [11:17] - 34. ZombusterFTW [11:31] - 35. Anonymous [11:58] - 36. matneym [12:15] - 37. JayK [12:36] - 38. Tavis [12:48] - 39. u/akaisei [13:07] - 40. PilotHomie [13:24] - 41. u/beanmachine69 [13:53] - 42. Elijah Aguirre [14:10] - 43. u/Sagun1 [14:28] - 44. napsisnapping [14:43] - 45. u/Creative_Bad_1150 [14:57] - 46. Robert’s World Travel [15:11] - 47. u/Disastrous-Item-5746 [15:36] - 48. u/WhereasInevitable433 [16:15] - 49. Festeburg [16:36] - 50. MoNyC [17:14] - 51. Anonymous [17:28] - 52. jaweewee [17:49] - 53. Anonymous [18:03] - 54. SvgCbbg [18:18] - 55. Anonymous [18:29] - 56. u/McBehrer [18:52] - 57. Delo [19:38] - 58. Roy From Ohio [19:54] - Outro   ⚫ My socials: Instagram: https://www.instagram.com/dashcamlessons/ TikTok: https://www.tiktok.com/@dashcamlessons Facebook: https://www.facebook.com/dashcamlessons  ⚫ Intro song: My Country - Ben Bostick,"[{'title': '1. Todd Zabel', 'timestamp': '0:00:00'}, {'title': '2. BNOMA', 'timestamp': '0:00:17'}, {'title': '3. u/orozco-javi', 'timestamp': '0:00:31'}, {'title': '4. Anonymous', 'timestamp': '0:00:56'}, {'title': '5. u/stewarts_dad', 'timestamp': '0:01:31'}, {'title': '6. u/buonbajs', 'timestamp': '0:01:45'}, {'title': '7. joshhan', 'timestamp': '0:02:36'}, {'title': '8. yuuki', 'timestamp': '0:02:51'}, {'title': '9. brian', 'timestamp': '0:03:10'}, {'title': '10. Bad Drivers of South Central PA', 'timestamp': '0:03:22'}, {'title': '11. u/mawiggins123', 'timestamp': '0:03:40'}, {'title': '12. u/Friendly-Lead9561', 'timestamp': '0:03:55'}, {'title': '13. Mickey', 'timestamp': '0:04:13'}, {'title': '14. EvlSmrf', 'timestamp': '0:04:35'}, {'title': '15. Anonymous', 'timestamp': '0:04:46'}, {'title': '16. Anonymous', 'timestamp': '0:05:02'}, {'title': '17. Dan H', 'timestamp': '0:05:11'}, {'title': '18. u/nazopo', 'timestamp': '0:05:27'}, {'title': '19. u/BaconAccessories', 'timestamp': '0:05:39'}, {'title': '20. RAYRAY', 'timestamp': '0:05:59'}, {'title': '21. Anonymous', 'timestamp': '0:06:16'}, {'title': '22. u/rockycore', 'timestamp': '0:06:46'}, {'title': '23. (name not identified - fill in manually)', 'timestamp': '0:07:01'}, {'title': '24. Kerosenee-e', 'timestamp': '0:07:38'}, {'title': '25. u/Stang70Fastback', 'timestamp': '0:07:53'}, {'title': '26. Eric (Frothy)', 'timestamp': '0:08:35'}, {'title': '27. David', 'timestamp': '0:08:53'}, {'title': '28. u/EvAnZeGeek', 'timestamp': '0:09:05'}, {'title': '29. Anonymous', 'timestamp': '0:09:50'}, {'title': '30. BigFish', 'timestamp': '0:10:09'}, {'title': '31. Anonymous', 'timestamp': '0:10:23'}, {'title': '32. Anonymous4', 'timestamp': '0:10:47'}, {'title': '33. Anonymous', 'timestamp': '0:11:03'}, {'title': '34. ZombusterFTW', 'timestamp': '0:11:17'}, {'title': '35. Anonymous', 'timestamp': '0:11:31'}, {'title': '36. matneym', 'timestamp': '0:11:58'}, {'title': '37. JayK', 'timestamp': '0:12:15'}, {'title': '38. Tavis', 'timestamp': '0:12:36'}, {'title': '39. u/akaisei', 'timestamp': '0:12:48'}, {'title': '40. PilotHomie', 'timestamp': '0:13:07'}, {'title': '41. u/beanmachine69', 'timestamp': '0:13:24'}, {'title': '42. Elijah Aguirre', 'timestamp': '0:13:53'}, {'title': '43. u/Sagun1', 'timestamp': '0:14:10'}, {'title': '44. napsisnapping', 'timestamp': '0:14:28'}, {'title': '45. u/Creative_Bad_1150', 'timestamp': '0:14:43'}, {'title': '46. Robert’s World Travel', 'timestamp': '0:14:57'}, {'title': '47. u/Disastrous-Item-5746', 'timestamp': '0:15:11'}, {'title': '48. u/WhereasInevitable433', 'timestamp': '0:15:36'}, {'title': '49. Festeburg', 'timestamp': '0:16:15'}, {'title': '50. MoNyC', 'timestamp': '0:16:36'}, {'title': '51. Anonymous', 'timestamp': '0:17:14'}, {'title': '52. jaweewee', 'timestamp': '0:17:28'}, {'title': '53. Anonymous', 'timestamp': '0:17:49'}, {'title': '54. SvgCbbg', 'timestamp': '0:18:03'}, {'title': '55. Anonymous', 'timestamp': '0:18:18'}, {'title': '56. u/McBehrer', 'timestamp': '0:18:29'}, {'title': '57. Delo', 'timestamp': '0:18:52'}, {'title': '58. Roy From Ohio', 'timestamp': '0:19:38'}, {'title': 'Outro', 'timestamp': '0:19:54'}]",45,04092026
33,ZAYuNtMgMQg,Idiots In Cars 300 (BEST OF),05022025,UCOS7jdle9zw_HnKW4ytZnDw,1543059,"Idiots In Cars 300 (BEST OF). Get ready for some insane crashes and most jaw-dropping driving fails you've ever seen, all caught on dash cam! From rear-end collisions and blatant red-light running resulting in accidents, to sideswipes and no-look pull-out crashes... this series has it all! Celebrating our 300th episode, and there's definitely more madness to come. This is truly a milestone. Remember to drive safe out there and keep your head on a swivel.   📥Submit your video: https://forms.gle/NnPQSGG5PWUT8EBbA  ‼️Dashcam Nation creates content to help viewers and drivers be more vigilant while commuting to work, home, or even on trips. Our focus is to raise awareness and learn from others’ driving mistakes. We truly believe this footage can serve as an educational and informational guide for viewers to analyze and evaluate situations. Remember, when you’re on the road, incidents can happen in the blink of an eye. So, please stay safe and vigilant while driving, and pay attention to road conditions and other vehicles. ‼️  📋All the clips featured in our channel are used with copyright owners' permission, if you have any inquiry regarding your clip, please contact us at: dashcamnationofficial@gmail.com  Special thanks to: Shawntee S. Connor Sara Thompson jermdukes2007 spark Teru vincinuge MarcBerm -- https://www.youtube.com/@marcberm 4bats Abdias Adventures With Vegas ParaNormal Anthony Austin Ramsay Fritzeni Jester Lucy Matthew McArtur Megan Adam Adam Atlas Colt Carlisle FDO Connor Image21 juda_f309 Phdpepperman coinlaundrysales Austin P California Highway Patrol   G63 Accident - https://youtu.be/bG2-KvMSR3k Car Accident Merle Hay Rd. Des Moines, Iowa. - https://youtu.be/26NP2vK94o8 U-Haul tire blow out - bad driver - https://youtu.be/WigENZFnNTY A little too fast - Idiot driver - https://youtu.be/bxB1w4vwmZc Car accident downtown Collingwood - https://youtu.be/CGuF6X0PsjE Car accident - https://youtu.be/QoT75VUBK18 Don't try to pass people at 70 MPH on a slushy road - https://youtu.be/Ttbk4oIx8Mg Watched a streetlight get knocked down. - https://youtu.be/bhIgYpIEtbE Very near miss - https://youtu.be/oWrRXxXwp-g T-Bone in Concord, North Carolina. - https://youtu.be/ypaFOtEH0Ig Hit & Run - https://youtu.be/bNcRZm5Rn-0 87N NY ACCIDENT - https://youtu.be/UPmuGNpWtiw Driver falls asleep while he was driving (Bronx, NY) Dashcam - https://youtu.be/lPV2IWwuorw Collision witnessed - https://youtu.be/aeT2bq1b9HU Car Accident in Brampton - https://youtu.be/8dah2efpsX4 Who do you think is at fault - https://youtu.be/yFAzvbv65-s 75 south bound exit crashed into the car in intersection on Main street - https://youtu.be/qt_YSi9jJ4U Turning accident - https://youtu.be/sVZGhNoRAQo Mustang doing Mustang things - https://youtu.be/O1PyvlgeYmg Braking late in the wet - https://youtu.be/3Du5nfyc6fY Fender Bender caught on Dash Cam! - https://youtu.be/LobaXmzd1R8 Dashcam crash 2 - https://youtu.be/sf2O8kfn-MQ Car runs stop sign and slams into a transit bus | Dash Cam Footage - https://youtu.be/A0_ryY-BVmY Why Everybody Should Have a Dash Cam - https://youtu.be/h3gPm-1t6EQ Hit and run, Howe Ave/ College Town Drive - https://youtu.be/JCa4sgzyNyY Side swiped doing 50 miles an hour - https://youtu.be/Uf8IDRp-uAE 092323 1412 prius 134th St - https://youtu.be/lov3nPfuud8 Grand Central Pkway Accident - https://youtu.be/61GXy1W1ut0 GTI Crash - https://youtu.be/7Rp_EhlJhiY My dashcam has paid for itself. Hit and run - https://youtu.be/X138PQXG5AI T-Bone hit, Jeep with illegal dark windshield in IL vs Chrysler 300 - https://youtu.be/MjahGLJVh_E",[],44,02092026
34,227Z30yAr0w,INSANE CAR CRASHES COMPILATION  || BEST OF USA & Canada Accidents - part 11,29102023,UCnetiRHPnIMBCm-yY4m69qA,892006,"🛑 Submit your clips: https://forms.gle/7LKzTdvHwnmZmZ439 ⚫ Contact me at dashcamlessons@gmail.com  ⚫ Links to the original videos:  1. Anonymous  2. Everything Romeo_84 - https://youtu.be/Hh51oK7r1Ks --- Saw a hit-and-run this morning!   3. Blacked out 5.3 -  ---  ( West Allis, WI )  4. badinstinctsYoutube - https://youtu.be/1lDK0mFrTCg --- Car accident Sarasota / Nokomis   5. AyoMike - https://youtu.be/SB0u6HyMSMI --- Car accident, Dash cam saved me!  6. John -  ---  ( Bluffton, South Carolina )  7. Fishing time  - https://youtu.be/9sYvzFL5xdY --- Accident (  )   8. Steven Wahl - https://youtu.be/KCvw4SIupkQ --- March 29, 2023 ( Anchorage, Alaska )  9. MrRED -  ---  ( CA, San Fernando Valley )  10. bubbles2827 -  --- Who’s lane? My lane! Those lawns ain’t gunna clip themselves  11. Sophia, the 380SL -  ---  ( Glendale, CA )  12. u/EviePanda17 -  --- First Car Crash  13. E. Ramirez -  ---  ( McDonough, GA )  14. 1834gordo -  ---  ( Denver, CO )   15. u/dremasterfanto -  --- Simply not paying any attention   16. Sleepy -  ---  ( Reading, PA )  17. Sean Sorrentino - https://youtu.be/O2qPRugFPms --- Dashcam: Police Chase Crash in Franklinton, NC  18. Irish V1nce -  --- Accident witnessed (  )   19. Friant Roulette - https://youtu.be/z_T0JGroPEo --- Terrifying Crash: Tow Truck Runs Red Light and T-Bones Car ( Fresno, California )   20. Lucas -  ---  ( INDIANAPOLIS/Illinois )  21. banti karwal - https://youtu.be/SeEFC9BZwB4 --- Tesla Y HIT AND RUN, Jackpot Mt Vernon WA ( Mt Vernon WA )  22. Mighty Mikey - https://youtu.be/auaXWX2ppMQ --- Car Accident in snow, Salt Lake City Utah 3  23. @marcusyarbrough9120 -  ---  ( West Monroe, LA )  24. Virtual Rides with Tom! - https://youtu.be/peCsEbgpe4g --- Mesa Fire & Medical hit and run  25. u/CupOk383 -  --- Some idiot hit my girlfriends car outside my house today  26. u/Segur71 -  --- Subaru BRZ had no chance ( NYC )  27. k m - https://youtu.be/88sWDmU3YbU --- Look both ways!!!! ( Richmond BC )   28. K P - https://youtu.be/Kc9CdCclibU --- Karma on the road.... ( Shreveport,  LA )   29. Anonymous  30. Manny Silva - https://youtu.be/7MotygrRPDg --- Rt 8 north After exit 22 | accident  31. Harrisfam -  ---  (  )  32. Bani Black - https://youtu.be/kIc1Ew8ne7A --- car crash ( Manteca )  33. Don Wood - https://youtu.be/xKmW1O7rLdc --- Dashcam Hits 1 ( Moore, OK )  34. Travypoo -  ---  ( Woodinville, WA )  35. Vegas Dashcam - https://youtu.be/QJIT6X49T08 --- Vegas Dashcam - Insurance wont believe you until you show them the video (  )  36. Turbo Jeff - https://youtu.be/zbOUdwWlE8Y --- Lotus Elise gets plowed by U-Haul rental truck idiot driver  37. u/Sh0cko -  --- The man said ""You were driving fast"". I said ""You ran a stop sign and didn't  38. u/DeepFudge9235 -  --- Road rage , hit and run Scottdale (  )   39. Oryan Robinette - https://youtu.be/mgqYhHITQEg --- Car Accident 3/28/2023 ( Benson, AZ )  40. Dallas - https://youtu.be/6oYvi4zaGn0 --- wreck 4/4/2023 (  )  41. Kirill -  ---  ( Mercier Bridge, Montreal )  42. djdoug -  ---  ( Cary, NC )   43. Jacques -  ---  (  )   44. Jack E. -  ---  ( Plano, TX )  45. sirtokesalot -  ---  ( Connecticut )  46. Michael Watkins - https://youtu.be/1VD8Rhe2VFk --- first car wreck on GoPro ( Mesquite TX )   47. Kelavina  --- Who’s at fault? The Dashcam driver or the red car driver? Explain in comments how. (  )  48. Tim C -  ---  ( Pittsburgh PA )  49. Connor Aherne - https://youtu.be/B1AKX36tiSs --- Tesla stops evasive action from rear-ending  50. u/margk1995 -  --- Kid in a stolen van decides to pull a u-turn because why not (  )  51. Benjamin Prati - https://youtu.be/DJaEBzEPmuY --- Car Accident   52. Anonymous  53. GwaderSON -  --- Tri-State Tollway/Kennedy Rd Lake Forest IL (  )  54. peatur72 -  ---  ( Leawood, KS )  55. u/Alfsx -  --- Way to start my morning… arriving at work, and lady on her phone (texting?) ( York, PA )  ⚫ My socials: Instagram: https://www.instagram.com/dashcamlessons/ TikTok: https://www.tiktok.com/@dashcamlessons Facebook: https://www.facebook.com/dashcamlessons  ⚫ Intro song: My Country - Ben Bostick",[],42,02092026
35,9F0iN8U7bwc,"BEST OF SEMI-TRUCKS ROAD RAGE | Road Rage, Brake Checks, Karens | BEST OF THE YEAR",13122025,UCnetiRHPnIMBCm-yY4m69qA,377923,"🛑 Submit your clips: http://dashcamlessons.com/  ⚫Looking for a dashcam for your car? We recommend VIOFO: A229 PRO 4K ▶ https://amzn.to/3W2Lnzi  (5% off promo code: dash4K229Pro) VS1 2K ▶https://amzn.to/3W85Xyo  (5% off promo code: dashVS1cam)  ⚫ Contact me at dashcamlessons@gmail.com  ⚫ Links to the original videos:  1. Mi Verdad Vlogs - https://youtu.be/HYZkP-vInJ4 --- accidente  2. Russell Argue - https://youtu.be/7nMUvKMfN3c --- Agassiz unsafe lane change  3. pribar - https://youtu.be/knPm3As_sEY   4. Julius Allen - https://youtu.be/yL6hvamqmA4 --- February 15, 2025   5. u/MpiaCheese  6. Dashcam Trucker - https://youtu.be/XTmrEXhp4gM --- Road Rage  7. u/NaturalFlan5360  8. u/backbiter0723  9. pvahobbyfilm - https://youtu.be/PGehJKO__kI --- Brake checking  10. TalkUSDM  11. Julius Allen - https://youtu.be/5zvz8rBRNAw  12. TheCommonTrucker  13. Trucking with Max - https://youtu.be/v4bfjlUTg5s --- Best of Bonehead  14. Ken's Crescent Springs Service  15. location florida - https://youtu.be/pEN6GsC1AOk --- intitled karen  16. superrushguy - https://youtu.be/Kqo2Do8Dz3A --- InShot  17. Julius Allen - https://youtu.be/V2P8k1MulEU --- BAD TRUCK DRIVER  18. Five Volt Trucking  19. Caleb Bay - https://youtu.be/tNHezCYKQj0 --- Civic Suicide Attempt  20. statuskwo5  21. random guy - https://youtu.be/pu-i6HlshEI --- Trucker dead stopped  22. T-Traveler - https://youtu.be/nLWSuaT2pLs --- Brake check  23. CASCADIA - https://youtu.be/CLt-ecHstfs --- TRUCK LIFE  24. Michael Stokes - https://youtu.be/GSk91AjfoDs --- Brake check  25. Hockenberry Transport LLC - https://youtu.be/jxw_ntLQUXU --- Exit Only  26.  10-4 Rubber Duck - https://youtu.be/bwT8zQiNGSI --- Close call on highway 95  27. Hockenberry Transport LLC - https://youtu.be/9_ll9RGGD3c --- First Brake Check  28. MGP - BCT - https://youtu.be/MGB0LhqSlfk --- Accident VA, They said it’s my fault  29. GypsyQueenJenn  30. Trucking with Max - https://youtu.be/A2n6egJvUxc --- Best of Bonehead  31. Dashcam Dummies - https://youtu.be/pFPgbsQhUAQ  32. CharlesT51593  33. Sara love - https://youtu.be/SJXY7wzjMYI  34. Ralph’s Trucking - https://youtu.be/Q1LXSQvGUVg  35. organized-_-chaos - https://youtu.be/FLY6aQEtvfA  36. Caleb Bay - https://youtu.be/sJspfan6sWs  37. Tony Savchuk - https://youtu.be/q9FKNwiH8zM  38. Dumb ass drivers - https://youtu.be/GvqR4ZZ8bOg --- Getting cut off in Detroit.   39. Landon Janda - https://youtu.be/7ZVZTe5zyFE --- 295 drivers  40. Arnie N - https://youtu.be/jeGbX2htISI  41. Ralph’s Trucking - https://youtu.be/VmmIvsiYjJo  42. Road Actions - https://youtu.be/EJZb2hEyJQ8 --- Speed up  43. MGP - BCT - https://youtu.be/w3AT0P73dzc --- Accident  44. J 's PERSPECTIVE - https://youtu.be/Gl1Qi-Y2Qa8 --- ONE OF THE MOST DEGENERATE  45. Trucking with Max - https://youtu.be/koYwI9Z-90M --- Best of Bonehead    46. Trucking with Max - https://youtu.be/Fm6B88y8vww --- Best of Bonehead  47. IT Fixer Bobby Kearan - https://youtu.be/T5ALfMbNIvc --- Almost ran off the road  48. Vlad Tepes - https://youtu.be/foe-giw1REI --- truckers road rage  49. u/Necessary_Drink6403  50. Kyle Davis  - https://youtu.be/jqMyehavM6Q  51. J T W  -  https://www.youtube.com/@JTW666  52. Ralph’s Trucking - https://youtu.be/Ew1QgjTq04o  53. Anonymous  54. Trucking with Max - https://youtu.be/Dg-U8IA9hi4   55. ALWAYS MABEL CANADA - https://youtu.be/tN16oO8xBzs --- SCARY TRUCK ROAD RAGE  56. Anonymous  57. Matt G. - https://youtu.be/axkDwnecz6M --- Road Rage BlueStar Trucking  58. Cussin' n Truckin' - https://youtu.be/VL9DWklBarw --- Asshole trys  59. ITS ME O.G. 14R  60. Five Volt Trucking  61. Long Haul Dashcam - https://youtu.be/IoYw4SIDy50  62. Back up Like a Pro! - https://youtu.be/2zPDRvxTa0M --- Entitled Driver cuts off  ⚫ My socials: Instagram: https://www.instagram.com/dashcamlessons/ TikTok: https://www.tiktok.com/@dashcamlessons Facebook: https://www.facebook.com/dashcamlessons  ⚫ Intro song: My Country - Ben Bostick",[],41,02092026
36,NqQ-ZpLDyU8,BEST OF CALIFORNIA DRIVERS  |  20 Minutes of Dashcam Videos  | PART 10,04042026,UCnetiRHPnIMBCm-yY4m69qA,228983,🛑 Submit your clips: https://dashcamlessons.com/  ⚫Looking for a dashcam for your car? We recommend VIOFO: A229 Pro: https://amzn.to/3W2Lnzi (5% off discount code: DLESSONS229 ) A119M Pro: https://amzn.to/4scZvE9 (5% off discount code: DLESSONSMP )  ⚫ Contact me at dashcamlessons@gmail.com  ⚫ Links to the original videos:  1. Isabel   2. Anonymous  3. u/BigDawggDubz  4. freeflymonkey - https://youtu.be/nx0Ng8VNW3Y  5. Jinx  6. kevinG  7. Dakota  8. SquishMob  9. Archer Arce - https://youtu.be/vN5q-nXBxhM  10. u/kalograms  11. Gbcue - https://youtu.be/J-9jfUcR3Dw  12. Anonymous  13. Dangerous Drivers of California - https://youtu.be/Mc7AMpXQ-HY  14. isa510  15. u/SimplyAquaticS-A-P  16. TheBlueAtlas  17. Jay  18. u/SoggyMorningTacos  19. u/Available_Froyo928  20. Kolawale  21. DogPig - https://youtu.be/OuBG25OcpqA  22. Friant Roulette - https://youtu.be/hxlGmzDPNdU  23. Natalie T.  24. Anonymous  25. Robert Chung - https://youtu.be/8EykoSPe0_4   26. u/Evondon  27. Ankur Sadhoo - https://youtu.be/4HZx39__wSk --- Tesla Dashcam footage  28. Eric P  29. Anonymous  30. N/A  31. ducky88  32. Chris Bui - https://youtu.be/mvDYsIxqWvo  33. M.E.  34. memodesto24 - https://youtu.be/hGlVYDxjm3k   35. PashtonakanPuc  36. u/Blueraccoonboy  37. Chad Hansen - https://youtu.be/sLagb1TlCZc  38. Kelly Jo  39. nick s  40. Dale  41. Eddie L  42. Anonymous  43. Anonymous  44. Mike M  45. u/colbymg  47. u/Additional_Ocelot204  48. Adrian L  49. u/trollsloot  50. Jamie  51. Batman  52. Anonymous  53. Sam Hosein - https://youtu.be/ZEOkxg0-u7w  54. a non y mouse  55. Neskazeria  56. EBTCartFard  57. Jinx  58. u/Spordee  59. Calvin D.   ⚫ My socials: Instagram: https://www.instagram.com/dashcamlessons/ TikTok: https://www.tiktok.com/@dashcamlessons Facebook: https://www.facebook.com/dashcamlessons  ⚫ Intro song: My Country - Ben Bostick,[],40,02092026
37,N4DGXLfYsrw,BEST OF CALIFORNIA DRIVERS  |  20 Minutes of Dashcam Videos  | PART 7,03082025,UCnetiRHPnIMBCm-yY4m69qA,132258,"🛑 Submit your clips: https://forms.gle/Z1PFpk2JrbMMuyc89  ⚫Looking for a dashcam for your car? We recommend VIOFO: A229 PRO 4K ▶ https://amzn.to/3W2Lnzi  (5% off promo code: dash4K229Pro) VS1 2K ▶https://amzn.to/3W85Xyo  (5% off promo code: dashVS1cam)  ⚫ Contact me at dashcamlessons@gmail.com  ⚫ Links to the original videos:  1. Rayal   2. Anonymous  3. Anonymous  4. Anonymous  5. Your Good Neighbor  6. 580roadrage - https://youtu.be/rIaIRDfIAiU --- 9ACW662  7. u/geolchris  8. subaru  9. Michael M  10. Brian  11. Kalen   12. MichealMotorcycle - https://youtu.be/EKA4qpTBw1Q --- Road Rage Dump Dump  13. ReddingBadDrivers  14. D.B. Cooper  15. u/tsk1979  16. Anonymous  17. Mo-Dash918 - https://youtu.be/VHneKgw67H8 --- Crazy times  18. Claybaca - https://youtu.be/OLlMCx1Q8c0 --- Merging is Scary and Hard  19. u/thatonekid2010  20. Bad Drivers of the Bay Area - https://www.youtube.com/BadDriversoftheBayArea  21. WisperinEye - https://youtu.be/hyBXvPVLEcs --- Rear End Car Accident  22. Raff  23. Mongo #5  24. Bloo Tacoma  25. Rhythm  26. Sebastian  27. Goo Gler  28. SouthsideVillage909  29. Everett Quebral - https://youtu.be/SbWIA00HmDw --- Bad Driver cutting  30. Fredrik  31. Anonymous  32. Anonymous  33. FredrikBlastel - https://youtu.be/05IU0rPnjyo --- Vruto 27  34. Mike Cline - https://youtu.be/Ti56vEoI7p8 --- Insane double line illegal  35. Friant Roulette - https://youtu.be/RRpAGR7nqnY --- Car Jumps Median and Smashes Reflective  36. California Driver  37. Z3Coupe  38. Anonymous  39. Anonymous  40. Miko Bee  41. Try it yourself - https://youtu.be/t4J6CbqTtDo --- Tesla hit and run  42. ReddingBadDrivers  43. Anonymous  44. Sacramento Ca - https://youtu.be/dgZJ38f8vCY --- June 23, 2024  45. u/blackdragonbonu  46. Anonymous  47. busta  48. RowLow  49. u/guccilettuce  50. Anonymous  51. Mark Vedros Jr - https://youtu.be/FYEpo3QGBac --- I guess my breaks  52. u/burritomouth  53. At The End Of the Day Motorsports - https://youtu.be/e13_YXJZLdU --- Dashcam  54. Dumb drivers  55. TaylorrrZX6R  56. Mike Waters - https://youtu.be/JgxpJSF-Rgc --- Part  57. TheWolfMatt  58. TESLA UBER DRIVER IN LA - https://youtu.be/aKTIHphkUzg --- A car hit the center wal   ⚫ My socials: Instagram: https://www.instagram.com/dashcamlessons/ TikTok: https://www.tiktok.com/@dashcamlessons Facebook: https://www.facebook.com/dashcamlessons  ⚫ Intro song: My Country - Ben Bostick",[],40,02092026
38,N69Q1WH9luo,BEST OF CAR CRASHES COMPILATION | USA & CANADA - 33,26072025,UCKIrZr7WuPFgFy7OfkAuHOw,243641,"In this ""Best of Car Crash Compilation"", you will see driving fails, car crashes, semi-truck crashes caught on dashcam. All the bad drivers are from America & Canada.  ✪ Submit your Dashcam video for the feature here: https://forms.gle/FnavwQg5WwkNkS6r8 Or sent to Email: megadrivingschoolyt@gmail.com  Got an Issue? Email me: megadrivingschoolyt@gmail.com  #carcrash #cars #drivingfails",[],39,04092026
39,BoTYohvxDt8,INSANE CAR CRASHES COMPILATION  | BEST OF USA & Canada Accidents and Bad Drivers   2023,09092023,UCnetiRHPnIMBCm-yY4m69qA,623083,"🛑 Submit your clips: https://forms.gle/7LKzTdvHwnmZmZ439 ⚫ Contact me at dashcamlessons@gmail.com  ⚫ Links to the original videos:  1.  Jaimez - https://youtu.be/OqSCx1jpFNA --- My accident on 12-07-22. ( Indianapolis IN )  2.  Your_DrPepper -  ---  ( Lexington, KY )  3.  Anonymous  4.  BMidd -  ---  ( Chattanooga, TN )  5.  u/Competitive_Round481 -  --- Got Hit Pretty Hard Today :( RIP My First Car ( San Marcos )  6.  carlos martinez - https://youtu.be/0wQ12e-5X-I --- car accident  7.  u/mblend27 -  --- Distracted teenager totals my Tesla with his mom’s minivan (underinsured) (  )  8.  Noel Ruiz -  ---  ( Tacoma Washington )  9.  Specialized Media ICT - https://youtu.be/OUBwkuhHBaA --- car wreck 4 12 22 ( Wichita, KS )   10.  Friant Roulette - https://youtu.be/32Fb9kOrjYU --- Early Morning Car Wreck ( Fresno CA )      11.  Friant Roulette - https://youtu.be/rkEsEBPKLkc --- Hit or Miss ( Fresno, California )  12.  Adirondorks - https://youtu.be/7_qzjZgn1Bo --- Pay attention ( Clifton Park, NY )  13.  kaylacudi -  ---  ( Miami, FL )  14.  Anonymous  15.  JoseP -  ---  ( Highland, CA )  16.  u/mwhalentech -  --- Got cameras for myself and my wife a few years ago...... ( Riverwoods, IL )  17.  Anonymous  18.  Bucky21 -  ---  ( Akron, OH )  19.  Drinker524 -  ---  ( Sacramento, California )  20.  devisissy -  ---  ( WA State )   21.  Brendan Casey - https://youtu.be/uvZ-jBUCy-w --- I'm fine car wreck dash cam ( Houser, outside of North Bend OR )   22.  On My Street - https://youtu.be/W8EB00-HYJc --- Speeding and accident  23.  Anonymous  24.  aaronrhodes_ -  ---  ( Pataskala, OH )  25. u/redditischaos -  --- My father in law dodged some idiot today   26. u/rockycore -  --- First accident since installing a dashcam last year. Road raging driver slammed on their brakes in front of me. Thank god for the dashcam.  27. Sergio Garcia - https://youtu.be/-w9vfC2_5f0 --- Uber driver hit and run NYC  28.  u/Aaronwilson71291 -  --- saw a hit and run and came close to being hit myself. action at 1:41 (  )  30.  Andres Ramirez - https://youtu.be/99vshAHsBmY --- January 17, 2023  31.  GadgetPimp - https://youtu.be/1mu0kzipUtU --- Tesla Dash Camera Road Rage Accident ( Elizabeth NJ )  32.  Payam Rafieian - https://youtu.be/eEabgp1Wftk --- How Collision mitigation system on Lexus RX350 saved our lives ( Alberta Canada )  33.  The_rav_from_the_6 -  ---  ( Toronto, Ontario )  34.  Inland Empire Transparancy - https://youtu.be/sTcVvOd6vXs --- Hit and Run ( Parris, CA )  35.  TOV - https://youtu.be/fut3BRauxh0 --- zafar accident (  )  36.  Sam H -  ---  ( Salida, Colorado )  37.  Z -  ---  ( Wayne county, MI )  38.  Jeremy Truesdell - https://youtu.be/9VkBs0I3_9g --- Road rage doesn’t pay  39.  Anonymous  40.  Русский Техаn - https://youtu.be/koYx-rB9mQY --- Accident Hit and Run ( Prosper, TX )  41.  JChristiansenPNW -  ---  ( Bremerton, WA )  42.  Alex Ukraine -  ---  ( North Highlands )  43.  Sergeant C -  ---  ( Indianapolis, Indiana )   44.  Kevin - https://youtu.be/Z_rJv9ONc6Y --- Hit and Run Incident 7/7/22 ( Las Vegas )  45.  u/trickdady -  --- [Garmin 45] Had my first incident with a red light runner on my commute  46.  sian -  ---  ( Ottawa ON )  47.  Unstoppable Yaris - https://youtu.be/6KwIYc4T9bY --- Did Someone just try to Scam me with a “fender bender”??? ( Woodland Hills, CA )  48.  jussin5150 -  ---  ( Pflugerville, TX )  49.  Parker J -  --- Car Accident Feb 21st, 2023 ( Cleveland, OH )  50.  TexTom1981 -  ---  ( Corpus Christi, Texas )  51.  Kaze Kitsune - https://youtu.be/fj4IEMIrfMk ---  ( Mesquite, TX )  52.  JASMEET SINGH - https://youtu.be/iIj8lUPdH0I --- Car accident  53.  M. G. - https://youtu.be/98tWRhqNlVs --- October 27, 2022 - Right turn from Left Lane Pit Maneuver (  )  54.  PatrickK -  ---  ( Calgary, Alberta )  55.  DaytonaRS5 -  ---  ( San Jose )  ⚫ My socials: Instagram: https://www.instagram.com/dashcamlessons/ TikTok: https://www.tiktok.com/@dashcamlessons Facebook: https://www.facebook.com/dashcamlessons  ⚫ Intro song: My Country - Ben Bostick",[],39,02092026
40,bDyhzmH8hfw,BEST INSTANT KARMA MOMENTS OF 2024 | Road Ragers Getting What They Deserve,31122024,UCnetiRHPnIMBCm-yY4m69qA,6752937,🛑 Submit your clips: https://forms.gle/gyoznmQ9vXe8GCcXA  ⚫Looking for a dashcam for your car? We recommend VIOFO: A229 PRO 4K ▶ https://amzn.to/3W2Lnzi  (5% off promo code: dash4K229Pro) VS1 2K ▶https://amzn.to/3W85Xyo  (5% off promo code: dashVS1cam)  ⚫ Contact me at dashcamlessons@gmail.com  ⚫ Links to the original videos:  1. Okanagan Giant  2. KayBee  3. Jonathan_2002  4. u/Spooks2OOO  5. u/South-by-north  6. JoyRideJay - https://youtu.be/xOS-arkHMNk --- From Bad to Worse: Road Rage Incidents You Need to See!  7. Anonymous  8. Anonymous  9. u/On3rdKnee  10. Bad Drivers - https://youtu.be/OfUMsdKA2ww --- Off road failure  11. u/dnguyen2195  12. Anonymous  14. u/Carlost289  15. Matthew  16. u/fraupanda  17. Anonymous  18. Diesel Dad  19. Jonnie  20. VASTAR  21. Evgeny Ilyenko - https://youtu.be/V2r0bE_J4Nc --- BQE Curbside Karma Dashcam  22. u/According-Alps1307  23. Anonymous  24. u/springbby24  25. u/XHollowsmokeX  26. Tate F  27. u/lrherman  28. Reddit hatsune_aru -  --- [oc] gee i wonder how that crash happened?  29. Wheelerville - https://youtu.be/PGdVcd8_v4M --- crash back and front view   30. Tyler  31. u/Jack3489  32. ApXWingman - https://youtu.be/aERimyMqR6A --- Almost hit 4 times  33. Anonymous  34. u/koderli  35. @bearcam9746 - https://youtu.be/FAfA2PAz8T8 --- Road Rage Car Crash  36. u/SkilledOven  37. u/inusbdtox  38. Hockenberry Transport LLC - https://youtu.be/jxw_ntLQUXU --- Exit Only  39. u/Helpful-Ear-5597  40. u/zubluntsky  41. Ray G - https://youtu.be/TKRpp4kpA6I --- who is at fault?  42. Anonymous  43. Miss Railfan - https://youtu.be/DbJgLNaSt7g ---  Preventing an accident   44. Q'sGossip - https://www.youtube.com/@qsgossip124   45. Rickster16  46. dan Morales - https://youtu.be/cSVzf10tg2Y --- Aaron Pooya attempted assault  47. Anonymous  ⚫ My socials: Instagram: https://www.instagram.com/dashcamlessons/ TikTok: https://www.tiktok.com/@dashcamlessons Facebook: https://www.facebook.com/dashcamlessons  ⚫ Intro song: My Country - Ben Bostick,[],37,02092026
41,n_y-h__vsz0,BEST OF CALIFORNIA DRIVERS  |  20 Minutes of Dashcam Videos  | PART 4,15092024,UCnetiRHPnIMBCm-yY4m69qA,3571397,"🛑 Submit your clips: https://forms.gle/gyoznmQ9vXe8GCcXA  ⚫Looking for a dashcam for your car? We recommend VIOFO: A229 PRO 4K ▶ https://amzn.to/3W2Lnzi  (5% off promo code: dash4K229Pro) VS1 2K ▶https://amzn.to/3W85Xyo  (5% off promo code: dashVS1cam)  ⚫ Contact me at dashcamlessons@gmail.com  ⚫ Links to the original videos:  1. 2008SAP - https://youtu.be/8T83_awchuM  2. Mark Anthony  3. u/beans4eva  4. fiantlapides - https://youtu.be/1NLTGqnE9z4 --- close call caught on my dashcams   5. u/StarGazinWade  6. Michael W  7. Christopher Kalt,Sr  8. Friant Roulette - https://youtu.be/fNfYWCKvHp0 --- Careless Driver Crashes  9. u/AvonBarksdale49  10. CaliDriver2023 - https://youtu.be/rLI1Tqf73xk --- Car Crash  11. Sergio  12. Mark Anthony  13. NoStoppingSF - https://youtu.be/i-KSathd6SY --- Hit and Run Dash cam Footage  14. Anonymous  15. darkside 1982 - https://youtu.be/ECKQwJy9G7k --- car crash  16. Anonymous  17. Fredrik  18. Cameron Ring - https://youtu.be/y1fAoD6glkU --- Single car crash  19. OCTA_Driver  20. Anonymous  21. busta  22. West M  23. Anonymous  24. Anonymous  25. Syrill - https://youtu.be/--PTtJlJRMk --- Car Crash Video  26. Anonymous  27. Kage  28. MOTO ZUZUKA SV 650 X moto - https://youtu.be/FikgLvzoD7M ---  Smart car dumb driver  29. Anonymous  30. simponaccord - https://youtu.be/Ce_smxciABk --- Dumb Audi Driver Cuts Me Off  31. Buki  32. Nazilachka Squaben - https://youtu.be/CySAZBBo5uU --- reckless driver passes redlight  33. L V  34. Friant Roulette - https://youtu.be/_mjhdExg9KM --- Chaos On The Road  35. vVatc  36. u/mhc-ask  37. AidansCoasters - https://youtu.be/L3Xkv7kqGnE --- raw video of car sideswiping   38. Melanie  39. Anonymous  40. 89 Cabby  41. Antinovel Pepper - https://youtu.be/qIzTnVbyPYk --- Lyft driver road rage  42. u/2SEC-C4U  43. Paris M.  44. MacsRule43 - https://youtu.be/JiuiwWPPwok --- Accident that occurred  45. u/supaneb  46. Kylie S  47. Woohoo SoCal - https://youtu.be/qTejYW1ehSU ---  Close Call Los Angeles  48. Scotty's Adventures - https://youtu.be/uLhHGK6mThM --- Dumb tesla driver  49. u/ThePetrolsexual  50. Mathew  51. chrisderas  52. Vic  53. u/lindloser  54. Brandon d  55. ThePhamtographer - https://youtu.be/V2ynQJFb8Ig --- USPS Truck Rear Ends  56. Anonymous  57. Anonymous  58. Vernon Azusa - https://youtu.be/BnCKxuqAKAE --- Distracted Driving will end up like this  ⚫ My socials: Instagram: https://www.instagram.com/dashcamlessons/ TikTok: https://www.tiktok.com/@dashcamlessons Facebook: https://www.facebook.com/dashcamlessons  ⚫ Intro song: My Country - Ben Bostick",[],37,02092026
42,hTfMBVA8CsM,BEST OF CAR CRASHES COMPILATION | USA & CANADA - 51,31012026,UCKIrZr7WuPFgFy7OfkAuHOw,117606,"In this ""Best of Car Crash Compilation"", you will see driving fails, car crashes, semi-truck crashes caught on dashcam. All the bad drivers are from America & Canada.  ✪ Submit your Dashcam video for the feature here: https://forms.gle/FnavwQg5WwkNkS6r8 Or sent to Email: megadrivingschoolyt@gmail.com  Got an Issue? Email me: megadrivingschoolyt@gmail.com  #carcrash #cars #drivingfails",[],37,02092026
43,Xir9FKZagjc,BEST OF CAR CRASHES COMPILATION | USA & CANADA - 22,01032025,UCKIrZr7WuPFgFy7OfkAuHOw,1351191,"In this ""Best of Car Crash Compilation"", you will see driving fails, car crashes, semi-truck crashes caught on dashcam. All the bad drivers are from America & Canada.  Treat this as a quick driving school lesson on what NOT to do out there on the roads. In this video, we analyze these dangerous situations to help you learn how to drive more defensively, identify potential hazards before they happen, and understand the critical mistakes that lead to these accidents. Stay safe and watch closely - there is a lesson in every clip.  ✪ Submit your Dashcam video for the feature here: https://megadrivingschool.com/submit Or sent to Email: megadrivingschoolyt@gmail.com  Got an Issue? Email me: megadrivingschoolyt@gmail.com  #carcrash #cars #drivingfails  ------------------------------------------------------------------------- Educational Disclaimer: These car crashes in usa and Canada are curated strictly for traffic safety analysis, accident awareness, and educational purposes. Drive safe!",[],36,04092026
44,3DwSPq0JSqk,BEST OF SEMI TRUCK CRASHES COMPILATION - 1,29122024,UCKIrZr7WuPFgFy7OfkAuHOw,1899387,"In this ""Best of Semi Truck Crashes"", you will see driving fails, car crashes, and semi-truck crashes caught on dashcam. All the bad drivers are from America & Canada.  Treat this as a quick driving school lesson on what NOT to do out there on the roads. In this video, we analyze these dangerous situations to help you learn how to drive more defensively, identify potential hazards before they happen, and understand the critical mistakes that lead to these accidents. Stay safe and watch closely - there is a lesson in every clip.  ✪ Submit your Dashcam video for the feature here: https://megadrivingschool.com/submit Or sent to Email: megadrivingschoolyt@gmail.com  Got an Issue? Email me: megadrivingschoolyt@gmail.com   #semitrucks  #cars #drivingfails   ------------------------------------------------------------------------- Educational Disclaimer: These car crashes in usa and Canada are curated strictly for traffic safety analysis, accident awareness, and educational purposes. Drive safe!",[],36,04092026
45,MocVSAhjs-0,"BEST OF OHIO DRIVERS 2023  |  20 Minutes of Road Rage, Accidents, Convenient Cop & More",14102023,UCnetiRHPnIMBCm-yY4m69qA,1494226,"🛑 Submit your clips: https://forms.gle/7LKzTdvHwnmZmZ439 ⚫ Contact me at dashcamlessons@gmail.com  ⚫ Links to the original videos:  1. u/M25201X -  --- [OC] Guy in jeep runs straight into pole. Cincinnati, OH. ( Cincinnati, OH )  2. Panda -  ---  ( Ohio )  3. Anonymous  4. Christopher Biddii -  ---  ( Etna, Ohio )  5. Anonymous  6. SpiralingGalaxy -  ---  ( Akron/Ohio )  7. Richard Gordon - https://youtu.be/YZWsUjfvxz0 --- car crash ( Bedford hgts, Ohio )  8. Bucky21 -  ---  ( Akron, OH )  9. Mid-Ohio Systems -  ---  ( Columbus, Ohio )  10. Timothy Ward - https://youtu.be/eVQlOPwK4TM --- 18 Apr 2023 - Dash Cam Near Miss ( Grove City, OH )  11. Anonymous  12. Ben -  ---  ( Huron, Ohio )  13. u/FranXX0016 -  --- Broken tail lights and stopping while merging onto the highway what more could you ask for? ( Beavercreek, Ohio )  14. Anonymous  15. Be My Bud - https://youtu.be/GXlmzHkAQ8w --- Car Accident Caught on Dashcam ( on 480W in Northeast Ohio )   16. Jessica Mahaffy - https://youtu.be/eeeXrYEul_c --- Honda Totaled in Seconds ( Dayton Ohio )  17. Jediken  -  ---  ( North Jackson, Ohio )   18. Ryan -  ---  ( Dublin, Ohio )  19. Scorpion_73 - https://youtu.be/nguR7mAz7U4 --- Dumb Driver ( Akron Ohio )  20. Anonymous  21. hamradio365 - https://youtu.be/jnIxHaph6yE --- car crash moraine ohio ( Moraine Ohio )  22. Anonymous  23. Anonymous  24. Kat Williams  -  ---  ( Reynoldsburg Ohio )  25. Jess -  ---  ( Lima, Ohio )  26. Parker J -  --- Car Accident Feb 21st, 2023 ( Cleveland, OH )  27. Idiots in cars everytime -  ---  ( Columbus, Ohio )  28. aaronrhodes_ -  ---  ( Pataskala, OH )  29. xMochine -  ---  ( Beachwood, Ohio )  30. Kirk Buer -  --- Columbus OH car cam  31. Kirk -  --- Turn into traffic w/o looking ( Pataskala, OH )   32. Anonymous  33. Tyler429FV - https://youtu.be/OZdhm77ToGc --- I Hate Other Drivers  34. Anonymous  35. DevD1TheOnly -  ---  ( Mentor, Ohio )  36. CMHDashCam -  ---  ( Columbus, Ohio )  37. seven58o -  ---  ( Bellbrook Ohio )  38. Anonymous  39. SpiralingGalaxy -  ---  ( Akron/Ohio )  40. Quinto6 -  ---  ( Celina, OH )   41. u/c9l18m -  --- I see an almost-accident here every day. I should add that these lanes merge back together... ( I-270, Columbus, OH )  42. Manny Der -  ---  ( Newark Ohio )  43. Katie -  ---  ( Akron, OH )   44. ToledoDriversBeWildin -  ---  ( Toledo, OH )   45. u/jupitermoon28  46. TskTskADV -  --- Red Dodge Ram, Sawmill Road, Ohio Plate ( Columbus, Ohio )   47. Anonymous  48. Jeff O -  ---  ( Cincinnati, OH )  49. Anonymous  50. Anonymous  51. Jacob R -  ---  ( Cincinnati Ohio )  52. Ksrbryant -  ---  ( Fairfield Ohio )   53. Hammer -  ---  ( Fairview Park, Ohio )   54. Ryan -  ---  ( Dublin Ohio )  55. Troy S -  ---  ( Colerain Township, Ohio )   56. Panda or Devan -  ---  ( I-470, Ohio )  57. Niyah2003 -  ---  ( Westerville/OH )  58. Andy Auffrey - https://youtu.be/F_a0jQ_AsW4 --- Dashcam Fail: Ram Pickup Truck Almost Hits Me While Changing Lanes! ( Cincinnati, Ohio )  59. John A -  ---  ( Hanging Rock OH )  60. Gayelectrician -  ---  ( Painesville, Ohio )  61. Truss & Rivets - https://youtu.be/3kAxKHdriAY --- Hit and Run | I-71 @ Route 18 | Medina, Ohio | December 2, 2021 | ( Medina, Ohio )  62. DwarfCooking -  ---  ( Columbus, OH )  ⚫ My socials: Instagram: https://www.instagram.com/dashcamlessons/ TikTok: https://www.tiktok.com/@dashcamlessons Facebook: https://www.facebook.com/dashcamlessons  ⚫ Intro song: My Country - Ben Bostick",[],36,02092026
46,YciWc8IyzpU,"BEST OF 2023 | Haufenweise Unfälle, Nötigungen und Road Rage! | #GERMAN #DASHCAM",10122023,UCD_02Fo2YBzXRvIgTKUyxwA,1851997,"https://www.dashcam-shop.com/?ref=RLP5 ➡️ 5% auf das gesamte Sortiment mit dem Code ""RLP5"" ➡️ GRATIS Boxershort🤑: https://bit.ly/RLP_Boxershort (kostenlose 14-tägige Testphase) #werbung   Hallo liebe Freunde des fahrbaren Bleches! Das Jahr neigt sich schon wieder dem Ende und wir wollen gemeinsam mit euch auf alle Highlights der vergangenen 12 Monate zurückblicken. Wir wünschen viel Spaß mit diesem knapp 60-minütigen Best Of und würden uns über ein Abo, einen Like und Feedback in den Kommentaren freuen. 😊   ——————  𝙐𝙣𝙨𝙚𝙧𝙚 𝙋𝙖𝙧𝙩𝙣𝙚𝙧  ➡️ GRATIS Boxershort🤑: https://bit.ly/RLP_Boxershort (kostenlose 14-tägige Testphase) ➡️ Mit dem Code ""RLP5W&B"" 5% beim Kauf einer Dashcam im White & Black Shop sparen: https://wnb-shop.com/rlp ➡️ PRIMEROS — Der einzige TÜV-zertifizierte Erste Hilfe Kurs Anbieter in Deutschland: http://bit.ly/RLPxPrimeros ➡️ Web-Academy — Über unseren Link 15% bei Deinem nächsten digitalen Erste Hilfe Kurs sparen: https://bit.ly/RLPxWebAcademy  ——————  𝙆𝙖𝙣𝙖𝙡𝙢𝙞𝙩𝙜𝙡𝙞𝙚𝙙 𝙬𝙚𝙧𝙙𝙚𝙣  Unterstütze unsere Arbeit finanziell und werde Kanalmitglied ▶ https://www.youtube.com/channel/UCD_02Fo2YBzXRvIgTKUyxwA/join  ——————  𝙐𝙣𝙨𝙚𝙧𝙚 𝙎𝙤𝙘𝙞𝙖𝙡-𝙈𝙚𝙙𝙞𝙖 𝘼𝙪𝙛𝙩𝙧𝙞𝙩𝙩𝙚  ▶ https://www.tiktok.com/@rlp_dashcam ▶ https://www.instagram.com/rlp_dashcam ▶ https://www.facebook.com/rlpdashcam/  ——————  𝙐𝙣𝙨𝙚𝙧 𝙀𝙦𝙪𝙞𝙥𝙢𝙚𝙣𝙩  Hier findet Ihr unsere Ausrüstung, die wir zum Produzieren unserer Videos verwenden. Hierbei handelt es sich um Affiliate-Links, das heißt, wir erhalten eine kleine Provision, wenn Ihr über die folgenden Links einkauft. Für Euch entstehen dabei keine Mehrkosten, Ihr unterstützt uns aber. Vielen Dank!   ➡️ Mikrofon: https://amzn.to/3SwWo8M ➡️ Interface: https://amzn.to/3StrvBQ ➡️ Creative Cloud: https://amzn.to/3ZlUPwp  ——————  𝙏𝙚𝙞𝙡 𝙙𝙞𝙚𝙨𝙚𝙧 𝙑𝙞𝙙𝙚𝙤𝙨 𝙬𝙚𝙧𝙙𝙚𝙣   01.12. - 14.12. — keine Einsendepause 15.12.2023 - 07.01.2024 — Einsendepause  Während der Einsendepausen nehmen wir ""spannende"" Clips wie Unfälle oder knappe Situationen unter spannend@rlpdashcam.com entgegen, die zeitnah in unsere Folgen integriert werden, ohne dass sie den eigentlichen mehrmonatigen Warteprozess durchlaufen müssen. Wir bitten um Verständnis, dass wir hier von Clip zu Clip individuell entscheiden, ob er in die Kategorie ""spannend"" fällt, und großflächig aussortieren müssen.  *Ihr wollt uns mit Eurer Videospende unterstützen und in einem der nächsten Videos erscheinen? Das ist ganz simpel und wir würden uns freuen!*  Geht auf https://wetransfer.com, wählt Eure Dateien aus, kopiert den erzeugten Link und schickt diesen an folgende E-Mail-Adresse: clips@rlpdashcam.com  Wenn Ihr uns die Clips auf anderem Wege zukommen lassen möchtet, ist das auch kein Problem. Bitte schreibt uns dazu, unter welchem Namen wir Eure Clips veröffentlichen sollen.  Wenn Ihr Eure Clips bereits vorab bearbeiten wollt, werden wir Euch natürlich nicht daran hindern – wenn nicht, ist es aber auch kein Problem. :)   Unter Vorabbearbeitungen verstehen wir vor allem Zuschnitt- und Pixelarbeiten. Sofern Ihr den Ton stummschalten möchtet, ist das kein Problem – bitte verzichtet jedoch darauf, die Clips mit eigener Musik, Soundeffekten und  Audiokommentaren zu hinterlegen. Auch das Vergrößern des Videos (Skalieren) und Hinterlegen von Textfeldern in den Clips ist unerwünscht. Diese Clips passen meist leider nicht in das Gesamtbild unserer Videos und wir bearbeiten sie noch mal entsprechend!   Mit dem Senden Eurer Videos an uns, egal auf welche Weise, bestätigt Ihr, alle Rechte an den Clips zu haben und uns diese zu übertragen.   Für weitere Fragen stehen wir gerne unter der angegebenen E-Mail-Adresse zur Verfügung!   Geduld ist wichtig, es kann und wird etwas dauern, bis wir Eure Clips verarbeiten.   Wir freue uns auf zahlreiche Einsendungen! :)  ——————  𝘿𝙄𝙎𝘾𝙊𝙍𝘿  Tritt unserer Dashcam-Community auf Discord bei: https://discord.gg/vdNKjjS   ——————  Bei allen mit ""➡️"" gekennzeichneten Links handelt es sich um Affiliate-Links.  ——————  Wir halten uns die Option frei, mögliche Reactions zu claimen, da die Produktion dieses Videos enorme Ressourcen gekostet hat.  #Dashcam #GermanDashcam #RoadRage #DeutscheDashcam #63ED #pixeled",[],36,02092026
47,FLjbCqDzXPg,BAD DRIVERS OF ITALY dashcam compilation 7.28 - CRASH,28072025,UCqYkaHQFrorRCAj2WgH-G5g,241919,Trova la tua prossima DASHCAM https://sicurisullastrada.it/dashcam/ Prenota un corso di GUIDA SICURA https://sicurisullastrada.it/corso-guida-sicura/ Dubbi o domande? Trovi qui le RISPOSTE https://sicurisullastrada.it/dashcam-5-minuti-per-sapere-tutto/ Vuoi inviarci le clip della TUA DASHCAM? Guarda come fare su https://bit.ly/inviavideo Seguici sui canali BDOI per essere AGGIORNATO e vedere le MIGLIORI CLIP https://bit.ly/canalibdoi Hai domande o curiosità? COMMENTA sotto al video oppure CONTATTACI https://bit.ly/contattabdoi - - - - - - - - - - - - - - - - - - - - - - - - - - - - - - - - - - - - - - - - - - - - -  This video shows DANGEROUS behaviors not to imitate! Always drive carefully! Do you want to send us the clips of YOUR DASHCAM? See how on https://bit.ly/inviavideo Follow us on BDOI channels to be UPDATED and see the BEST CLIPS https://bit.ly/canalibdoi Do you have any questions or curiosities? COMMENT below the video or CONTACT US https://bit.ly/contattabdoi  #baddriversofitaly #dashcam #compilation,[],35,02092026
48,yMZFdmDUQpo,"BEST OF FLORIDA DRIVERS  |  20 Minutes of Road Rage, Bad Drivers & More |  PART 9",09052026,UCnetiRHPnIMBCm-yY4m69qA,244195,🛑 Submit your clips: https://dashcamlessons.com/  ⚫Looking for a dashcam for your car? We recommend VIOFO: A229 Pro: https://amzn.to/3W2Lnzi (5% off discount code: DLESSONS229 ) A119M Pro: https://amzn.to/4scZvE9 (5% off discount code: DLESSONSMP )  ⚫ Contact me at dashcamlessons@gmail.com  ⚫ Links to the original videos:  1. Maia Stanton  2. Math  3. Anonymous  4. u/jtl94   5. u/baritones-are-big  6. u/toiletsurpise  7. Warren pisarz jr. - https://youtu.be/ruRdN8aJl88 --- Hydroplane Car Accident  8. Forzeti - https://youtu.be/l7-45b0oL_A --- Dashcam  9. ColonelDylanG  10. Bitcoin film - https://youtu.be/h-gwaCMz5Jo  11. Anonymous  12. Justin Kennington - https://youtu.be/CV5wignGueE --- Crash  13. The McShawn  14. ItsJustMike  15. Justin  16. Y14DHB  17. Jax Dashcams  18. u/Tomskailua  19. u/Not_So_Sunshine  20. Anonymous  21. u/mattgolf0505  22. Joshua Dan Alvarez  23. Yaya  24. boobe2007 (bob) - https://youtu.be/NCY6DugPLjs --- Road Rage  25. u/Earthistttriangle  26. SideshowMJAF8 - https://youtu.be/ACZbEjFALGc --- Car Crash  27. Anonymous  28. TK ALPHA MECHANIC LIFE 101 - https://youtu.be/o7taeTQ1xDo  29. u/SpaceMan__  30. u/No_Quail470  31. Anonymous  32. Joey  33. TrippyNick - https://youtu.be/D0SeZrFYkUo   34. KT  35. u/thefluffyparrot  36. u/HeroRareheart  37. u/jacksmellsdotcom  38. John Smith - https://youtu.be/XidIjnU8Edg  39. u/dasmittyman  40. Terry OConnor - https://youtu.be/un24BCSQN7U  41. Hunter&Darian  42. u/MasterOfNone011  43. u/snorting_gummybears  44. Alexander  45. RalphinMiami  46. u/rowman_nahledge  47. S.S  48. @polarduke66  49. u/SpeechAdvanced5889  50. Steven  51. Jax Dashcams  52. u/zheka160  53. Anonymous  54. LightRKS  55. Ohhwell  56. Henry T  57. u/Dhiggs8792  58. Anonymous  59. u/friendlymug  60. Anonymous    ⚫ My socials: Instagram: https://www.instagram.com/dashcamlessons/ TikTok: https://www.tiktok.com/@dashcamlessons Facebook: https://www.facebook.com/dashcamlessons  ⚫ Intro song: My Country - Ben Bostick,[],34,02092026
49,0jqo1T4M38A,"BEST OF WINTER FAILS 2026 | Snow Accidents, Icy Roads Compilation  | PART 9",05042026,UCnetiRHPnIMBCm-yY4m69qA,68882,🛑 Submit your clips: https://dashcamlessons.com/  ⚫Looking for a dashcam for your car? We recommend VIOFO: A229 Pro: https://amzn.to/3W2Lnzi (5% off discount code: DLESSONS229 ) A119M Pro: https://amzn.to/4scZvE9 (5% off discount code: DLESSONSMP )  ⚫ Contact me at dashcamlessons@gmail.com  ⚫ Links to the original videos:  1. ShortStuff  2. RailRoadChaserNC - https://youtu.be/aYBOxjWePK8   3. lhetsko  4. Alan  5. Anonymous  6. TSX  7. Koda  8. Anonymous  9. qt_honey666  10. Anonymous  11. Sadcowboy  12. Izabarx  13. u/josh_leis  14. Anonymous  15. JJ  16. Anonymous  17. Zach S  18. m3clubracer  19. Taten Gavin  20. u/Calbone607  21. Dylan Bickerstaff - https://youtu.be/L3ublimXmjY  22. YO BOY ZUES  23. GiriNaidu  24. Slanders Pete - https://youtu.be/zMa2EJXzBSzo  25. Bear  26. iLeetProductions - https://youtu.be/Grla1Zpg8JM  27. u/plastic-tree  28. Bimtucklez  29. Koda  30. spidermoore - https://youtu.be/YeI9jN2pGA8  31. u/Character_Act7115  32. FTB02  33. Anonymous  34. u/PropMan2023  35. u/factsandopinionss  36. Anonymous  37. Adnan  38. Marijuana Marianne - https://youtu.be/k9rhH7YGRl4  39. Mrs.B  40. WHENWEDIE  41. u/bulb-uh-saur  42. u/VonBargenJL  43. Chinese Nerd Bullionaire - https://youtu.be/NVoYNiE2wF4  44. u/Pladman727  45. u/oluga  46. ATW  47. ATW - https://youtu.be/nLq_KTdbaew  48. u/speedknight4  49. @_Bacob_  50. u/tobe0420  51. Hyeong Jun Kim - https://youtu.be/giuJVQIsPEg --- Dashcam Footage  ⚫ My socials: Instagram: https://www.instagram.com/dashcamlessons/ TikTok: https://www.tiktok.com/@dashcamlessons Facebook: https://www.facebook.com/dashcamlessons  ⚫ Intro song: My Country - Ben Bostick,[],34,02092026
50,3bdJJbiwoYo,Best of Dutch Dashcam - March 2026,31032026,UCGXllzA9s6Sfcl8Y4M3Qhhw,599510,"Welcome to a new episode of Dutch Dashcam! Once again, we’ve put together an extensive selection of dashcam footage, featuring situations ranging from everyday traffic to the unexpected. It’s all here!  Close calls, questionable driving and impatient drivers: this episode is packed with remarkable footage from the Dutch roads. Sit back and enjoy nearly twenty minutes of the (best) drivers the Netherlands has to offer.  Enjoy!  --- 🎥 *Got* *footage* *of* *your* *own?* *Share* *it!*  🌐 Website: https://dutchdashcam.com 📩 Or via email: dutchdashcam@hotmail.com For large files, feel free to use WeTransfer, OneDrive, or send a link to your (unlisted) YouTube video. --- 📢 Stay Up to Date! Don’t forget to like and subscribe for more of the best dashcam videos! Hit the notification bell so you never miss a new upload. Subscribe here: https://www.youtube.com/@DutchDashcam?sub_confirmation=1 --- 📱 Want daily dashcam content between uploads? Follow us on Instagram, TikTok or Facebook! Instagram: https://www.instagram.com/dutchdashcam_official/ TikTok: https://www.tiktok.com/@dutchdashcam_official Facebook: https://www.facebook.com/TheRealDutchDashcam --- #DutchDashcam #Dashcam  #DashcamFootage #baddrivers #traffic #roadcam #nearmiss  --- 🎵 Intro & Outro Music Credits: Music: TheFatRat - Xenogenesis Watch the official music video: https://tinyurl.com/xenogenesistfr Listen to Xenogenesis: https://thefatrat.ffm.to/xenogenesis Follow TheFatRat: https://ffm.bio/thefatrat",[],34,02092026
51,BanyUluflpo,BEST OF MARYLAND Drivers  |  20 Minutes of Dashcam Videos & Bad Drivers  | PART 2,08112025,UCnetiRHPnIMBCm-yY4m69qA,189031,🛑 Submit your clips: https://forms.gle/Z1PFpk2JrbMMuyc89  ⚫Looking for a dashcam for your car? We recommend VIOFO: A229 PRO 4K ▶ https://amzn.to/3W2Lnzi  (5% off promo code: dash4K229Pro) VS1 2K ▶https://amzn.to/3W85Xyo  (5% off promo code: dashVS1cam)  ⚫ Contact me at dashcamlessons@gmail.com  ⚫ Links to the original videos:  1. Milan Stevanovic - https://youtu.be/8DyUFmg2ue0  2. TWoah  3. Cheryl Miles - https://youtu.be/kb4Qh6wsu84   4. u/Boggerslosh  5. Tri Glide Bruce - https://youtu.be/esHWYbFeonU --- Road Rage  6. u/Sgt_Garry  7. Jimbo  8. Ian S  9. u/ShimmerRihh  10. Anonymous  11. @normal-justin  12. u/TheForgottenSpaniard  13. Bad Dashcam  14. u/blackmushh  15. PlasticCargo  16. u/charlesvschuck  17. Tate F  18. Jimbo  19. Mike Mike  20. u/iheartdriving  21. ThatCarGuy07 - https://youtu.be/_QplolFW1uc --- Crash  22. Matt G.  23. Joh L  24. u/dWaldizzle  25. Little.X  26. DC Model3 - https://youtu.be/59xEA-oiPLU --- Hit and run  27. MM  28. phatista - https://youtu.be/-vbbSnLgWoM  29. Vince_P123 - https://youtu.be/4noOzYbbCZQ --- Car Accident  30. aCPUGuru  31. Vincent  32. Anonymous  33. CrazyDrivers  34. Son Trinh - https://youtu.be/1dr62KlR75Y  35. u/Sp3ica1_K  36. Zotung Tube - https://youtu.be/IsVU-VsDoSk --- Car accident  37. Scott  38. The Review - https://youtu.be/bY3HFnwDOkU --- hit and run  39. spdrman8  40. u/sonbarington  41. Keeny G  42. shine ge - https://youtu.be/ocnRAzKhR9Y  43. MM  44. Jay  45. u/Goonerman69  46. 1948 Chevy Guy - https://youtu.be/KodC9Z3teio  47. Anonymous  48. u/Trivacide  49. Anonymous  50. Anonymous  51. Chris H  52. Corey Biscotti - https://youtu.be/Qa5BXET2VvU  53. u/Starwind137  54. EriQueue  55. madmcdow  56. SaltyVet  57. mrjon1985 - https://youtu.be/JbQxJE2ZSKE  58. u/Themowerman1  59. TGCuatro  ⚫ My socials: Instagram: https://www.instagram.com/dashcamlessons/ TikTok: https://www.tiktok.com/@dashcamlessons Facebook: https://www.facebook.com/dashcamlessons  ⚫ Intro song: My Country - Ben Bostick,[],33,02092026
52,9qQW0nC_LrM,BEST OF CAR CRASHES COMPILATION | USA & CANADA - 30,18062025,UCKIrZr7WuPFgFy7OfkAuHOw,236196,"In this ""Best of Car Crash Compilation"", you will see driving fails, car crashes, semi-truck crashes caught on dashcam. All the bad drivers are from America & Canada.  ✪ Submit your Dashcam video for the feature here: https://forms.gle/FnavwQg5WwkNkS6r8 Or sent to Email: megadrivingschoolyt@gmail.com  Got an Issue? Email me: megadrivingschoolyt@gmail.com  #carcrash #cars #drivingfails",[],33,02092026
53,e_8TLPq9h4I,"BEST OF DASHCAM 2024 | Violent accidents, brazen assaults, road rage, and more! 🔥| #RLP #DASHCAM",15122024,UCD_02Fo2YBzXRvIgTKUyxwA,1802647,"Die Verkehrsanwälte – Das ist ein Zusammenschluss von knapp 5.000 Verkehrsanwälten und Anwältinnen aus ganz Deutschland zur Arbeitsgemeinschaft Verkehrsrecht. Seit nunmehr 40 Jahren setzen sich die Verkehrsanwälte für die Rechte von Geschädigten ein – qualifiziert, erfahren und stets auf dem aktuellsten Stand der Rechtsprechung. Und vor allem – immer in Ihrer Nähe! ➡ https://www.verkehrsanwaelte.de/ #werbung   ——————  Herzlich willkommen zu unserem Jahresrückblick mit den besten Clips aus 2024! 🚗🚗  Wir wünschen Euch viel Spaß und würden uns über ein Abo, einen Daumen hoch sowie über Feedback in den Kommentaren freuen.  ——————  𝙐𝙣𝙨𝙚𝙧𝙚 𝙋𝙖𝙧𝙩𝙣𝙚𝙧  Auf der Suche nach einer Dashcam? Bei unseren Partnern erhaltet ihr 5% auf das gesamte Sortiment! 🥳 ➡️ Code ""RLP5W&B"" im White & Black Shop sparen: https://wnb-shop.com/rlp ➡️ Code ""RLP5"" im Dashcam-Shop sparen: https://www.dashcam-shop.com/?ref=RLP5  ➡️ GRATIS Boxershort🤑: https://bit.ly/RLP_Boxershort (Abo kann binnen der kostenlosen 14-tägige Testphase gekündigt werden)  ——————  𝙆𝙖𝙣𝙖𝙡𝙢𝙞𝙩𝙜𝙡𝙞𝙚𝙙 𝙬𝙚𝙧𝙙𝙚𝙣  Unterstütze unsere Arbeit finanziell und werde Kanalmitglied ▶ https://www.youtube.com/channel/UCD_02Fo2YBzXRvIgTKUyxwA/join  ——————  𝙐𝙣𝙨𝙚𝙧𝙚 𝙎𝙤𝙘𝙞𝙖𝙡-𝙈𝙚𝙙𝙞𝙖 𝘼𝙪𝙛𝙩𝙧𝙞𝙩𝙩𝙚  ▶ https://www.tiktok.com/@rlp_dashcam ▶ https://www.instagram.com/rlp_dashcam ▶ https://www.facebook.com/rlpdashcam/  ——————  𝙐𝙣𝙨𝙚𝙧 𝙀𝙦𝙪𝙞𝙥𝙢𝙚𝙣𝙩  Hier findet Ihr unsere Ausrüstung, die wir zum Produzieren unserer Videos verwenden. Hierbei handelt es sich um Affiliate-Links, das heißt, wir erhalten eine kleine Provision, wenn Ihr über die folgenden Links einkauft. Für Euch entstehen dabei keine Mehrkosten, Ihr unterstützt uns aber. Vielen Dank!   ➡️ Mikrofon: https://amzn.to/3SwWo8M ➡️ Interface: https://amzn.to/3StrvBQ ➡️ Creative Cloud: https://amzn.to/3ZlUPwp  ——————  𝙏𝙚𝙞𝙡 𝙙𝙞𝙚𝙨𝙚𝙧 𝙑𝙞𝙙𝙚𝙤𝙨 𝙬𝙚𝙧𝙙𝙚𝙣   Nächste Einsendephase: 08.12.2024 - 22.12.2024 Danach wieder lange Einsendepause. *Angaben unter Vorbehalt  Während der Einsendepausen nehmen wir ""spannende"" Clips wie Unfälle oder knappe Situationen unter spannend@rlpdashcam.com entgegen, die zeitnah in unsere Folgen integriert werden, ohne dass sie den eigentlichen mehrmonatigen Warteprozess durchlaufen müssen. Wir bitten um Verständnis, dass wir hier von Clip zu Clip individuell entscheiden, ob er in die Kategorie ""spannend"" fällt, und großflächig aussortieren müssen.  *Ihr wollt uns mit Eurer Videospende unterstützen und in einem der nächsten Videos erscheinen? Das ist ganz simpel und wir würden uns freuen!*  Geht auf https://SwissTransfer.com **, wählt Eure Dateien aus, kopiert den erzeugten Link und schickt diesen an folgende E-Mail-Adresse: clips@rlpdashcam.com   Wenn Ihr uns die Clips auf anderem Wege zukommen lassen möchtet, ist das auch kein Problem. Bitte schreibt uns dazu, unter welchem Namen wir Eure Clips veröffentlichen sollen.  Wenn Ihr Eure Clips bereits vorab bearbeiten wollt, werden wir Euch natürlich nicht daran hindern – wenn nicht, ist es aber auch kein Problem. :)   Unter Vorabbearbeitungen verstehen wir vor allem Zuschnitt- und Pixelarbeiten. Sofern Ihr den Ton stummschalten möchtet, ist das kein Problem – bitte verzichtet jedoch darauf, die Clips mit eigener Musik, Soundeffekten und  Audiokommentaren zu hinterlegen. Auch das Vergrößern des Videos (Skalieren) und Hinterlegen von Textfeldern in den Clips ist unerwünscht. Diese Clips passen meist leider nicht in das Gesamtbild unserer Videos und wir bearbeiten sie noch mal entsprechend!   Mit dem Senden Eurer Videos an uns, egal auf welche Weise, bestätigt Ihr, alle Rechte an den Clips zu haben und uns diese zu übertragen.   Für weitere Fragen stehen wir gerne unter der angegebenen E-Mail-Adresse zur Verfügung!   Geduld ist wichtig, es kann und wird etwas dauern, bis wir Eure Clips verarbeiten. DEFINITIV KEINE CLIP-AUSSTRAHLUNG MEHR IM JAHR 2024. Aktuelle Tendenz: Frühjar 2025.   Wir freue uns auf zahlreiche Einsendungen! :)  ** bitte eigenständig mit AGB und Datenschutz des Providers vertraut machen. Wir übernehmen keine Verantwortung.  ——————  𝘿𝙄𝙎𝘾𝙊𝙍𝘿  Tritt unserer Dashcam-Community auf Discord bei: https://discord.gg/vdNKjjS   ——————  Bei allen mit ""➡️"" gekennzeichneten Links handelt es sich um Affiliate-Links.  ——————  #Dashcam #GermanDashcam #RoadRage #DeutscheDashcam #63ED",[],33,02092026
54,DwDY1Yo34Hw,BEST OF CALIFORNIA DRIVERS  |  20 Minutes of Dashcam Videos  | PART 6,19042025,UCnetiRHPnIMBCm-yY4m69qA,305565,🛑 Submit your clips: https://forms.gle/gyoznmQ9vXe8GCcXA  ⚫Looking for a dashcam for your car? We recommend VIOFO: A229 PRO 4K ▶ https://amzn.to/3W2Lnzi  (5% off promo code: dash4K229Pro) VS1 2K ▶https://amzn.to/3W85Xyo  (5% off promo code: dashVS1cam)  ⚫ Contact me at dashcamlessons@gmail.com  ⚫ Links to the original videos:  1. Bad SoCal Drivers - https://youtu.be/KRKUyTxVNhI --- SUV ROLLOVER CAUGHT ON DASHCAM  2. Mike Saleski - https://youtu.be/KrRq-ckfftQ --- Captiol Expressway Accident  3. susan saephan - https://youtu.be/JCa4sgzyNyY --- 20240524 PowerInn Road Hit and Run  4. Keen Observations - https://youtu.be/gCY4NkzFhwc --- Who’s at fault here?   5. u/m-prov  6. JAG 88  7. AllKindsOfRalph - https://youtu.be/3H64veLc7XM --- Car Accident  8. Carter  9. u/tylorromine  10. Anonymous  11. u/RobotJones11  12. Ankur Sadhoo - https://youtu.be/5gFR3sMWSO0 --- Tesla Dashcam Footage  13. ant l - https://youtu.be/JA1CqhiJlOY --- 20240502 ModelX  14. Nate - https://youtu.be/NACTgSdahds --- Hit and Run   15. u/Asian_Slayer  16. Anonymous  17. u/Asian_Slayer  18. Sentimental Journey - https://youtu.be/YkEvL67e8-0 --- Tesla Back Cam  19. Anonymous  20. u/evilsmurfer  21. JT  22. u/PssyWhistle  23. u/bruin_throwaway3  24. nhi nguyen - https://youtu.be/FMnxlqcgefA   25. Brindor Rrainn - https://youtu.be/9a2mxKu_1Jk  26. P_Ashton  27. treecatt  28. Fastestlap  29. RBTravelMotorider - https://youtu.be/d0NiOgRnPLE --- Car Accident  30. Herman Turnip - https://youtu.be/cN6_BZhT6R4 --- Psychotic Brake Checker  31. Anonymous  32. Bad Drivers of the Bay Area - https://www.youtube.com/@BadDriversoftheBayArea  33. rgodwin12  34. u/Electrical_Angle_791  35. Baby Megatron - https://youtu.be/mzRtx-65jH0 --- She cheated death  36. MooreFamilyVlogs - https://youtu.be/TXEayUjG3G0 --- Involved in a minor Fender Bender  37. Anonymous  38. cargohook  39. Anonymous  40. Anonymous  41. u/riceilove  42. Noah  43. u/Euphoric-Policy-284  44. zayfrmthabay  45. Friant Roulette - https://youtu.be/lukPgai3lsI --- Honda Wrecks  46. bad east bay drivers  47. Anonymous  48.  Dakota  49. Cali dash cam - https://youtu.be/etOVf1EQeeY --- Mercedes driver  50. Just B  51. Octa_driver  52. Steven  53. u/Mari1013  54. Anonymous  55. Casemods - https://youtu.be/UulnXJhZ-Jo   ⚫ My socials: Instagram: https://www.instagram.com/dashcamlessons/ TikTok: https://www.tiktok.com/@dashcamlessons Facebook: https://www.facebook.com/dashcamlessons  ⚫ Intro song: My Country - Ben Bostick,[],32,02092026
55,LR8azAmzP-w,"INSANE SEMI-TRUCK CRASHES | Road Rage, Hit and run, Brake checks | COMPILATION 2026",22022026,UCnetiRHPnIMBCm-yY4m69qA,243910,🛑 Submit your clips: http://dashcamlessons.com/  ⚫Looking for a dashcam for your car? We recommend VIOFO: A229 Pro: https://amzn.to/3W2Lnzi (5% off discount code: DLESSONSMP) A119M Pro: https://amzn.to/4scZvE9 (5% off discount code: DLESSONS229)  ⚫ Contact me at dashcamlessons@gmail.com  ⚫ Links to the original videos:  1. u/forshibedoge  2. Trucker02  3. Bori  4. ace1usmc - https://youtu.be/l28goBqCNYk --- Semi vs. F-250  5. PERFECTLS3 - https://youtu.be/gtjAJLSMyi4 --- Prius Pit Maneuver  6. Anonymous  7. Anonymous  8. k  9. u/Stang70Fastback  10. Anonymous  11. TohsakaMine  12. u/MrBrownBanana  13. u/stretchman93  14. Anonymous  15. u/MateoBucci  16. Mike Zzyby - https://youtu.be/l8wAdOnPvdY  17. Anonymous  18. zaphod2505 - https://youtu.be/3CicS3U207I  19. u/BTMDKZ0  20. u/its_alex100  21. Reef Blue - https://www.youtube.com/@Reefblue1681  22. Superman64  23. Martin Racette - https://youtu.be/lO0-YbfuD_Y --- VDO 0019 (  )   24. norahc - https://youtu.be/4_0RGeHmr7s   25. ONKEL RICO - https://youtu.be/TKuwBtxQ7xU  26. u/Seatpantshairtied87  27. THETAWAVE - https://youtu.be/M3twPUfy43Y  28. Scotty on the Potty - https://youtu.be/iG48rFojWLA --- Accident  29. Rick Bumgarner - https://youtu.be/ywYqZQRGn74  30. u/_TinTan_  31. Razer Wolf - https://youtu.be/m7wZLK6eEoc --- Semi truck drives  32. Nathan H.  33. Samsonola - https://youtu.be/tRxpBiSlrBs  34. littlefoot7979 - https://youtu.be/9AbnJ0WxDhs  35. J AND A TRUCK AND TRAILER -  https://www.youtube.com/@trucking-driving-mechanic  36. wolf dances - https://www.youtube.com/@wolfsquared  37. Grant Laird Jr - https://youtu.be/0O086y934b8   38. Chuck Barlow - https://youtu.be/L83kK6c2gkY  39. Truck business  - https://youtu.be/7LQPps5Gme8  40. City Moto  41. aw780 - https://youtu.be/jMFnPAys6q8  42. Jessie Joestar - https://youtu.be/4gEA3ppXDWs  43. Trucker95 - https://youtu.be/z8yPTvQOAJ1o  44. Anonymous  45. Trucking G. - https://www.youtube.com/@realtrucking  46. littlefoot7979 - https://youtu.be/0oPXSiYy1F4  47. Onur Bozkurt - https://youtu.be/ud3ffpbhHqM  ⚫ My socials: Instagram: https://www.instagram.com/dashcamlessons/ TikTok: https://www.tiktok.com/@dashcamlessons Facebook: https://www.facebook.com/dashcamlessons  ⚫ Intro song: My Country - Ben Bostick,[],31,02092026
56,us3WanDzeDk,BEST OF CAR CRASHES COMPILATION | USA & CANADA - 23,26042025,UCKIrZr7WuPFgFy7OfkAuHOw,230504,"In this ""Best of Car Crash Compilation"", you will see driving fails, car crashes, semi-truck crashes caught on dashcam. All the bad drivers are from America & Canada.  ✪ Submit your Dashcam video for the feature here: https://forms.gle/FnavwQg5WwkNkS6r8 Or sent to Email: megadrivingschoolyt@gmail.com  Got an Issue? Email me: megadrivingschoolyt@gmail.com  #carcrash #cars #drivingfails",[],31,02092026
57,3Vbsj3Xl8Vs,BEST OF CAR CRASHES COMPILATION | USA & CANADA | USA & Canada - 24,01052025,UCKIrZr7WuPFgFy7OfkAuHOw,509949,"In this ""Best of Car Crash Compilation"", you will see driving fails, car crashes, semi-truck crashes caught on dashcam. All the bad drivers are from America & Canada.  ✪ Submit your Dashcam video for the feature here: https://forms.gle/FnavwQg5WwkNkS6r8 Or sent to Email: megadrivingschoolyt@gmail.com  Got an Issue? Email me: megadrivingschoolyt@gmail.com  #carcrash #cars #drivingfails",[],30,04092026
58,PPBSqGCh1L0,BEST OF CAR CRASHES COMPILATION | USA & CANADA - 78,08082026,UCKIrZr7WuPFgFy7OfkAuHOw,50540,"In this ""Best of Car Crash Compilation"", you will see driving fails, car crashes, semi-truck crashes caught on dashcam. All the bad drivers are from America & Canada.  Treat this as a quick driving school lesson on what NOT to do out there on the roads. In this video, we analyze these dangerous situations to help you learn how to drive more defensively, identify potential hazards before they happen, and understand the critical mistakes that lead to these accidents. Stay safe and watch closely - there is a lesson in every clip.  ✪ Submit your Dashcam video for the feature here: https://megadrivingschool.com/submit Or sent to Email: megadrivingschoolyt@gmail.com  Got an Issue? Email me: megadrivingschoolyt@gmail.com  #carcrash #cars #drivingfails  ------------------------------------------------------------------------- Educational Disclaimer: These car crashes in usa and Canada are curated strictly for traffic safety analysis, accident awareness, and educational purposes. Drive safe!",[],30,02092026
59,Pa_9867HTYo,ITALIAN POLICE INSTANT KARMA dashcam compilation - Bad Drivers of Italy,03062025,UCqYkaHQFrorRCAj2WgH-G5g,393265,"More than 9 minutes of karma served by the Italian Police forces! Polizia Stradale, Carabinieri, Polizia and Polizia Locale are mighty and unforgiven in this dashcam compilation, made with original content from Bad Drivers of Italy.  This video shows DANGEROUS behaviors not to imitate! Always drive carefully! Do you want to send us the clips of YOUR DASHCAM? See how on https://bit.ly/inviavideo Follow us on BDOI channels to be UPDATED and see the BEST CLIPS https://bit.ly/canalibdoi Do you have any questions or curiosities? COMMENT below the video or CONTACT US https://bit.ly/contattabdoi - - - - - - - - - - - - - - - - - - - - - - - - - - - - - - - - - - - - - - - - - - - - -  L'avete chiesto e noi l'abbiamo realizzato! Oltre 9 minuti di karma servito dalle nostre Forze dell'Ordine!  Trova la tua prossima DASHCAM https://sicurisullastrada.it/dashcam/ Prenota un corso di GUIDA SICURA https://sicurisullastrada.it/corso-guida-sicura/ Dubbi o domande? Trovi qui le RISPOSTE https://sicurisullastrada.it/dashcam-5-minuti-per-sapere-tutto/ Vuoi inviarci le clip della TUA DASHCAM? Guarda come fare su https://bit.ly/inviavideo Seguici sui canali BDOI per essere AGGIORNATO e vedere le MIGLIORI CLIP https://bit.ly/canalibdoi Hai domande o curiosità? COMMENTA sotto al video oppure CONTATTACI https://bit.ly/contattabdoi  #police #dashcam #karma",[],29,02092026
60,dxG6PCcxiVw,BEST OF TEXAS DRIVERS |  20 Minutes of Road Rage & Bad Drivers |  PART 11,11072026,UCnetiRHPnIMBCm-yY4m69qA,166733,🛑 Submit your clips: https://dashcamlessons.com/  ⚫Looking for a dashcam for your car? We recommend VIOFO: A229 Pro: https://amzn.to/3W2Lnzi (5% off discount code: DLSA229P ) A119M Pro: https://amzn.to/4scZvE9 (5% off discount code: DLS119MP )  ⚫ Contact me at dashcamlessons@gmail.com  ⚫ Links to the original videos:  1. Do Not Contact Me Bro.. :-)  2. Tanner  3. u/Deadside00  4. AnnoyedInLBK  5. Anonymous  6. Heath  7. MelissaCV - https://youtu.be/2hAsVRnBpLY  8. Squid  9. Geeby  10. Elizabeth Clemmons - https://youtu.be/JhaW78-8WQo  11. u/Bwin55  12. u/innspiire  13. fireraven36  14. Anonymous  15. Kaleb  16. Anonymous  17. Sean P  18. Elgin Lamar - https://youtu.be/7Rni6MBP5pc  19. Anonymous  20. Tru Faze - https://youtu.be/4xTR0j16uXg  21. Steve  22. Jmustang1968  23. Anonymous  24. u/Cute_Principle3363  25. Anonymous  26. Fredy  27. Anonymous  28. B4RB4R  29. Wie Kids - https://youtu.be/_LDNwyDozMA  30. Mike Messer - https://youtu.be/KxdPJY7TirM   31. Mooshie  32. ObsAndy  33. u/Irvingdls  34. u/Sad_Communication756  35. Natalia Perez  36. Anonymous  37. Stretch Line Bait & Tackle - https://youtu.be/1LWHQGPvYoM  38. SD  39. u/mundahl  40. Anonymous  41. u/EvilPizza  42. u/Firm_Impression2260  43. Arnie N  44. Dave S.  45. SkyDaddy69  46. YouTube:@alejandro_______5215  47. u/Presolutions  48. TickyMarks  49. Christopher Bair - https://youtu.be/nBgGnDC1eNk  50. Snorlax  51. u/Lucky_Quality_6781  ----- YouTube Video Chapters ----- [00:00] - 1. Do Not Contact Me Bro.. :-) [00:17] - 2. Tanner [00:40] - 3. u/Deadside00 [01:03] - 4. AnnoyedInLBK [01:24] - 5. Anonymous [02:16] - 6. Heath [02:45] - 7. MelissaCV [03:44] - 8. Squid [04:08] - 9. Geeby [04:43] - 10. Elizabeth Clemmons [05:02] - 11. u/Bwin55 [05:14] - 12. u/innspiire [05:30] - 13. fireraven36 [05:54] - 14. Anonymous [06:35] - 15. Kaleb [06:49] - 16. Anonymous [07:04] - 17. Sean P [07:30] - 18. Elgin Lamar [08:26] - 19. Anonymous [08:44] - 20. Tru Faze [08:59] - 21. Steve [09:41] - 22. Jmustang1968 [09:56] - 23. Anonymous [10:11] - 24. u/Cute_Principle3363 [11:57] - 25. Anonymous [12:15] - 26. Fredy [12:27] - 27. Anonymous [12:54] - 28. B4RB4R [13:19] - 29. Wie Kids [13:44] - 30. Mike Messer [13:55] - 31. Mooshie [14:08] - 32. ObsAndy [14:31] - 33. u/Irvingdls [14:50] - 34. u/Sad_Communication756 [15:02] - 35. Natalia Perez [15:15] - 36. Anonymous [15:54] - 37. Stretch Line Bait & Tackle [16:07] - 38. SD [16:19] - 39. u/mundahl [16:38] - 40. Anonymous [16:47] - 41. u/EvilPizza [17:02] - 42. u/Firm_Impression2260 [17:16] - 43. Arnie N [17:51] - 44. Dave S. [18:20] - 45. SkyDaddy69 [18:32] - 46. YouTube:@alejandro_______5215 [18:43] - 47. u/Presolutions [18:59] - 48. TickyMarks [19:14] - 49. Christopher Bair [19:29] - 50. Snorlax [19:52] - 51. u/Lucky_Quality_6781 [20:17] - 52. Chapter 52   ⚫ My socials: Instagram: https://www.instagram.com/dashcamlessons/ TikTok: https://www.tiktok.com/@dashcamlessons Facebook: https://www.facebook.com/dashcamlessons  ⚫ Intro song: My Country - Ben Bostick,"[{'title': '1. Do Not Contact Me Bro.. :-)', 'timestamp': '0:00:00'}, {'title': '2. Tanner', 'timestamp': '0:00:17'}, {'title': '3. u/Deadside00', 'timestamp': '0:00:40'}, {'title': '4. AnnoyedInLBK', 'timestamp': '0:01:03'}, {'title': '5. Anonymous', 'timestamp': '0:01:24'}, {'title': '6. Heath', 'timestamp': '0:02:16'}, {'title': '7. MelissaCV', 'timestamp': '0:02:45'}, {'title': '8. Squid', 'timestamp': '0:03:44'}, {'title': '9. Geeby', 'timestamp': '0:04:08'}, {'title': '10. Elizabeth Clemmons', 'timestamp': '0:04:43'}, {'title': '11. u/Bwin55', 'timestamp': '0:05:02'}, {'title': '12. u/innspiire', 'timestamp': '0:05:14'}, {'title': '13. fireraven36', 'timestamp': '0:05:30'}, {'title': '14. Anonymous', 'timestamp': '0:05:54'}, {'title': '15. Kaleb', 'timestamp': '0:06:35'}, {'title': '16. Anonymous', 'timestamp': '0:06:49'}, {'title': '17. Sean P', 'timestamp': '0:07:04'}, {'title': '18. Elgin Lamar', 'timestamp': '0:07:30'}, {'title': '19. Anonymous', 'timestamp': '0:08:26'}, {'title': '20. Tru Faze', 'timestamp': '0:08:44'}, {'title': '21. Steve', 'timestamp': '0:08:59'}, {'title': '22. Jmustang1968', 'timestamp': '0:09:41'}, {'title': '23. Anonymous', 'timestamp': '0:09:56'}, {'title': '24. u/Cute_Principle3363', 'timestamp': '0:10:11'}, {'title': '25. Anonymous', 'timestamp': '0:11:57'}, {'title': '26. Fredy', 'timestamp': '0:12:15'}, {'title': '27. Anonymous', 'timestamp': '0:12:27'}, {'title': '28. B4RB4R', 'timestamp': '0:12:54'}, {'title': '29. Wie Kids', 'timestamp': '0:13:19'}, {'title': '30. Mike Messer', 'timestamp': '0:13:44'}, {'title': '31. Mooshie', 'timestamp': '0:13:55'}, {'title': '32. ObsAndy', 'timestamp': '0:14:08'}, {'title': '33. u/Irvingdls', 'timestamp': '0:14:31'}, {'title': '34. u/Sad_Communication756', 'timestamp': '0:14:50'}, {'title': '35. Natalia Perez', 'timestamp': '0:15:02'}, {'title': '36. Anonymous', 'timestamp': '0:15:15'}, {'title': '37. Stretch Line Bait & Tackle', 'timestamp': '0:15:54'}, {'title': '38. SD', 'timestamp': '0:16:07'}, {'title': '39. u/mundahl', 'timestamp': '0:16:19'}, {'title': '40. Anonymous', 'timestamp': '0:16:38'}, {'title': '41. u/EvilPizza', 'timestamp': '0:16:47'}, {'title': '42. u/Firm_Impression2260', 'timestamp': '0:17:02'}, {'title': '43. Arnie N', 'timestamp': '0:17:16'}, {'title': '44. Dave S.', 'timestamp': '0:17:51'}, {'title': '45. SkyDaddy69', 'timestamp': '0:18:20'}, {'title': '46. YouTube:@alejandro_______5215', 'timestamp': '0:18:32'}, {'title': '47. u/Presolutions', 'timestamp': '0:18:43'}, {'title': '48. TickyMarks', 'timestamp': '0:18:59'}, {'title': '49. Christopher Bair', 'timestamp': '0:19:14'}, {'title': '50. Snorlax', 'timestamp': '0:19:29'}, {'title': '51. u/Lucky_Quality_6781', 'timestamp': '0:19:52'}, {'title': '52. Chapter 52', 'timestamp': '0:20:17'}]",28,04092026
61,d1rhNEcUyfA,BEST OF CAR CRASHES COMPILATION | USA & CANADA - 77,04082026,UCKIrZr7WuPFgFy7OfkAuHOw,87246,"In this ""Best of Car Crash Compilation"", you will see driving fails, car crashes, semi-truck crashes caught on dashcam. All the bad drivers are from America & Canada.  Treat this as a quick driving school lesson on what NOT to do out there on the roads. In this video, we analyze these dangerous situations to help you learn how to drive more defensively, identify potential hazards before they happen, and understand the critical mistakes that lead to these accidents. Stay safe and watch closely - there is a lesson in every clip.  ✪ Submit your Dashcam video for the feature here: https://megadrivingschool.com/submit Or sent to Email: megadrivingschoolyt@gmail.com  Got an Issue? Email me: megadrivingschoolyt@gmail.com  #carcrash #cars #drivingfails  ------------------------------------------------------------------------- Educational Disclaimer: These car crashes in usa and Canada are curated strictly for traffic safety analysis, accident awareness, and educational purposes. Drive safe!",[],27,02092026
62,zcoVtZrWNwM,BEST OF CAR CRASHES COMPILATION | USA & CANADA - 48,09012026,UCKIrZr7WuPFgFy7OfkAuHOw,270517,"In this ""Best of Car Crash Compilation"", you will see driving fails, car crashes, semi-truck crashes caught on dashcam. All the bad drivers are from America & Canada.  ✪ Submit your Dashcam video for the feature here: https://forms.gle/FnavwQg5WwkNkS6r8 Or sent to Email: megadrivingschoolyt@gmail.com  Got an Issue? Email me: megadrivingschoolyt@gmail.com  #carcrash #cars #drivingfails",[],27,02092026
63,tJWZoZChFeg,"Best of WINTER FAILS | Icy roads, Car Sliding Crash, Road Rage, Snow Accident Compilation YEAR 2022",25022023,UCnetiRHPnIMBCm-yY4m69qA,2636436,"🛑 Submit your clips: https://forms.gle/7LKzTdvHwnmZmZ439 ⚫ Contact me at dashcamlessons@gmail.com  ⚫ Links to the original videos:  1. 4Runner -  ---  ( Colorado Springs )   2. Mile High Driver Guy - https://youtu.be/R2IH6U2ukyU --- Garmin 10/24/2022 (3) ( Sturgis, South Dakota )  3. u/MitzMuzed -  --- I was the idiot ( Hooksett, NH )  4. u/dogthatkills -  ---  Got pit maneuvered on ice unintentionally  (  )   5. eddie munster - https://youtu.be/BAx8VdB8vFQ --- car crash ( Grand island, NE )  6. u/LostInMyOwnThought -  --- Part of me says I was an idiot by putting myself in a position to get involved  7. u/maxiligamer -  --- Yesterday I was the idiot by trying to do a slide in the snow, of course there was ice underneath (  )  8. Peter Savichev - https://youtu.be/-YHYeB5BTpg --- Car accident ( between Chicago and Indianapolis )   9. u/NotAliasing -  --- I was the ""Idiot"" Today. (  )  10. John Leblanc  -  ---  ( Calgary )   11. Sea Viper - https://gofund.me/55334292 -  Ontario    12. patrick d -  --- Stupid chevy driver in the snow ( South Prairie, Washington )  13. smoothmedia - https://youtu.be/Xi5TsEliY_E --- Nov 29 2022 - Accident - Surrey 160th St at 30th Ave - Dashcam Footage ( Surrey, British Columbia )  14. Xyros - https://youtu.be/5Ls-K1HdjLk --- Hit and Run in Colorado Springs CO  15. Grape smuggler  -  ---  ( Madison Wisonsin  )   16. u/rdrTrapper -  --- Hippo Ballerina ( West Kansas )   17. Sam -  --- Car runs red light into me ( Cambridge ON )   18. Anthony -  ---  ( Knoxvilel, TN )   19. u/geojoseph4 -  --- This guy wasn't an idiot but be careful in the snow ( Maryland )  20. patpathealy - https://youtu.be/TxVfdND4MJ8 --- SNOWY WRECK COAL BANK PASS COLORADO ( COLORADO )  21. Shelby -  ---  ( I-91 Brattleboro VT )   22. Will Richards -  ---  ( Coon Rapids )  23. Idaho Fluke - https://youtu.be/Huje7ZTn_GQ --- Christmas morning single car wreck, too much egg nog? ( Idaho falls )  24. MosquitoXR13 -  --- I spin my GR86 into the center divider. (  )   25. Paul -  ---  ( South Haven, Michigan )   26. u/vvhite_lie -  --- Snow storm in Denver (  )   27. u/Keystone_Law -  --- No injuries, but they got an early Christmas present in humility. ( I-79, N Pittsburgh. )  28. Travis -  ---  ( MontreaL )  29. Scott Falk - https://youtu.be/PlGs52V3csg --- On Ramp Skid ( Milwaukee )   30. Anonymous -  ---  ( Scarborough )  31. u/CruncheeNuts -  --- Vancouver, Canada - Where people forget how to drive in snow! (  )   32. Sotzrem - https://youtu.be/cGaZQOzPIv0 --- Bad Drivers in Winter Near Miss Nov 7 2022  34. u/heartbeet96 -  --- ""I can make it, I can make it!"" (  )   35. Larommi - https://youtu.be/kMm4duKiZ0Y --- Dashcam 01/02/23 Spin out I94 ( I-94 )  33. u/kinetic-faith -  --- Blown tire; still an idiot? (  )  36. Rav4_6IX -  ---  ( Toronto )   37. SGT MF -  ---  ( Elbert )   ⚫ My socials: Instagram: https://www.instagram.com/dashcamlessons/ TikTok: https://www.tiktok.com/@dashcamlessons Facebook: https://www.facebook.com/dashcamlessons  ⚫ Intro song: My Country - Ben Bostick",[],27,02092026
64,dny7u9HuD7Q,BEST OF MICHIGAN DRIVERS  |  20 Minutes of Dashcam Videos  | PART 1,29092024,UCnetiRHPnIMBCm-yY4m69qA,255584,🛑 Submit your clips: https://forms.gle/gyoznmQ9vXe8GCcXA  ⚫Looking for a dashcam for your car? We recommend VIOFO: A229 PRO 4K ▶ https://amzn.to/3W2Lnzi  (5% off promo code: dash4K229Pro) VS1 2K ▶https://amzn.to/3W85Xyo  (5% off promo code: dashVS1cam)  ⚫ Contact me at dashcamlessons@gmail.com  ⚫ Links to the original videos:  1. Jacob Shroyer - https://youtu.be/c2Sx3hvYhmI --- Road Rage Mt09 1  2. Kronbon  3. Jackie Albon - https://youtu.be/6wSAmdQgwBI --- dash cam footage  4. Anonymous  5. avsterbone - https://youtu.be/mTqR2X6Pl2c --- I almost rear end someone  6. Z  7. Baddrivermagnet  8. u/mycatisnamedemmie  9. Bubbles   10. Hydraulacost - https://www.youtube.com/@Hydraulacost  11. u/canadianisarace  12. Dan Bultman - https://youtu.be/VjjRF50IMa4 --- Car Accident!  13. Mikka - https://youtu.be/ZM-nL2aCoNw --- Car accident   14. DetroitDriving - https://youtu.be/WECyVO3XPIY --- Detroit Dashcam Clips  15. Dane Mazzaro - https://youtu.be/y8Ggtnj1oMU --- Pontiac Accident  16. u/eftozlped  17. KaeZooRoo - https://youtu.be/SZ9GCbcussw --- Bad Driver Eventually Misses Exit  18. Matt  19. TaurusDude  20. Anonymous  21. vxnnii - https://youtu.be/D0hKukcM51U --- Car Accident   22. Yeffers   23. Kaylee Firman - https://youtu.be/bBgSbtAUhyg --- dash cam video   24. Nodzilla  25. Harnos  26. Anonymous  27. spoottrockstar - https://youtu.be/jMcvcDEdH9w --- Red light runner  28. u/escher88  29. Cbyxbee97 -  --- You got that on DashCam…WTF  31. u/33masterman33  32. XRmerkur  33. Adam LJ 0908 - https://youtu.be/NcqP3Uq3274 --- Getting rear ended  34. Anonymous  35. Anonymous  36. Anonymous  37. Rozlyn Jones - https://youtu.be/Y3rZHw551T8 --- Rudolf the reckless driver  38. hris Hackett - https://youtu.be/qy3Jr9DZOug --- 230424 Monday Driving  39. Anonymous  40. lunoss - https://youtu.be/wnBleztmIlQ --- brake check for what?   41. Camaron Russ -  --- The Best Amazon Driver! (Lies) Dashcamm  42. Anonymous  43. JennyLuv91  44. Bao  45. corvettegeek - https://youtu.be/oJ1oL5NiZY8 --- Bronco Gets Sideswiped by KIA  46. Bao  47. DetroitDriving - https://youtu.be/vKoaAPLpcNI   48. Dillon  49. Em T  50. Furd Burfel  51. Schmeat  52. TBossRado  53. TaurusDude  54. Anonymous  55. Camaron  56. Brad H    ⚫ My socials: Instagram: https://www.instagram.com/dashcamlessons/ TikTok: https://www.tiktok.com/@dashcamlessons Facebook: https://www.facebook.com/dashcamlessons  ⚫ Intro song: My Country - Ben Bostick,[],26,02092026
65,Xy1RXT5aON4,BEST OF CAR CRASHES COMPILATION | USA & CANADA - 69,13062026,UCKIrZr7WuPFgFy7OfkAuHOw,84761,"In this ""Best of Car Crash Compilation"", you will see driving fails, car crashes, semi-truck crashes caught on dashcam. All the bad drivers are from America & Canada.  Treat this as a quick driving school lesson on what NOT to do out there on the roads. In this video, we analyze these dangerous situations to help you learn how to drive more defensively, identify potential hazards before they happen, and understand the critical mistakes that lead to these accidents. Stay safe and watch closely - there is a lesson in every clip.  ✪ Submit your Dashcam video for the feature here: https://megadrivingschool.com/submit Or sent to Email: megadrivingschoolyt@gmail.com  Got an Issue? Email me: megadrivingschoolyt@gmail.com  #carcrash #cars #drivingfails  ------------------------------------------------------------------------- Educational Disclaimer: These car crashes in usa and Canada are curated strictly for traffic safety analysis, accident awareness, and educational purposes. Drive safe!",[],25,02092026
66,ek8lij8zoiQ,BEST OF CAR CRASHES COMPILATION | USA & CANADA - 62,02052026,UCKIrZr7WuPFgFy7OfkAuHOw,91973,"In this ""Best of Car Crash Compilation"", you will see driving fails, car crashes, semi-truck crashes caught on dashcam. All the bad drivers are from America & Canada.  Treat this as a quick driving school lesson on what NOT to do out there on the roads. In this video, we analyze these dangerous situations to help you learn how to drive more defensively, identify potential hazards before they happen, and understand the critical mistakes that lead to these accidents. Stay safe and watch closely - there is a lesson in every clip.  ✪ Submit your Dashcam video for the feature here: https://megadrivingschool.com/submit Or sent to Email: megadrivingschoolyt@gmail.com  Got an Issue? Email me: megadrivingschoolyt@gmail.com  #carcrash #cars #drivingfails  ------------------------------------------------------------------------- Educational Disclaimer: These car crashes in usa and Canada are curated strictly for traffic safety analysis, accident awareness, and educational purposes. Drive safe!",[],25,04092026
67,tbEq2F1znoE,WHEN YOUR INSURANCE SCAM GETS CAUGHT ON DASHCAM,21082026,UCnetiRHPnIMBCm-yY4m69qA,107603,"🛑 Submit your clips: https://dashcamlessons.com/  ⚫Looking for a dashcam for your car? We recommend VIOFO: A229 Pro: https://amzn.to/3W2Lnzi (5% off discount code: DLSA229P ) A119M Pro: https://amzn.to/4scZvE9 (5% off discount code: DLS119MP )  ⚫ Contact me at dashcamlessons@gmail.com  ⚫ Links to the original videos:  1. Anonymous -  ---  ( Niagara Falls New York )  2. Dakota -  ---  ( Sweetwater Texas )  3. James Heaney - https://youtu.be/oxYrWubZCrY --- 2026 08 13 Accident ( Pennsylvania )  4. Locallyhatedf150 -  ---  ( North Louisiana )  5. Fat Squirrel - https://youtu.be/eTqDq19Ykjw --- She was indeed that stupid ( New Jersey )  6. NatgunBoi  - https://youtu.be/xdRMOctFlHg --- near rear end ( Idaho )  7. v1lixz -  ---  ( Anchorage, Alaska )  8. Jonathan S -  ---  ( Dewey Beach, Delaware )  9. DocPestilence -  ---  ( Pennsylvania )  10. u/Sebastimau -  --- Hit and Run 427S ( Toronto, Ontario, Canada )  11. JB -  ---  ( Texas )  12. Crsnz -  ---  ( Bluffton, South Carolina )  13. Odd Todd - https://youtu.be/RbqWa8rRg_w --- Near miss in Frankfort, IL. Dashcam Lessons baby!! ( Frankfort, Illinois )  14. u/AlmCode -  --- [oc] Just another day on I-66 ( Virginia )  15. Anonymous -  ---  ( Grants Pass Oregon )  16. Miss Piggy -  ---  ( Harrionsburg Virginia / Johnson City Tennessee)  17. Anonymous -  ---  ( New Caney, Texas )  18. Tyler -  ---  ( Marysville, Washington )  ⚫ Timestamps: [00:00] - Intro [00:09] - 1. Anonymous [00:34] - 2. Dakota [00:51] - 3. James Heaney [01:08] - 4. Locallyhatedf150 [01:33] - 5. Fat Squirrel [02:05] - 6. NatgunBoi [02:29] - 7. v1lixz [02:42] - 8. Jonathan S [03:12] - 9. DocPestilence [04:17] - 10. u/Sebastimau [04:36] - 11. JB [05:27] - 12. Crsnz [05:44] - 13. Odd Todd [06:02] - 14. u/AlmCode [06:18] - 15. Anonymous [06:34] - 16. Miss Piggy [07:28] - 17. Anonymous [07:38] - 18. Tyler [07:52] - Outro  ⚫ My socials: Instagram: https://www.instagram.com/dashcamlessons/ TikTok: https://www.tiktok.com/@dashcamlessons Facebook: https://www.facebook.com/dashcamlessons  ⚫ Intro song: My Country - Ben Bostick","[{'title': 'Intro', 'timestamp': '0:00:00'}, {'title': '1. Anonymous', 'timestamp': '0:00:09'}, {'title': '2. Dakota', 'timestamp': '0:00:34'}, {'title': '3. James Heaney', 'timestamp': '0:00:51'}, {'title': '4. Locallyhatedf150', 'timestamp': '0:01:08'}, {'title': '5. Fat Squirrel', 'timestamp': '0:01:33'}, {'title': '6. NatgunBoi', 'timestamp': '0:02:05'}, {'title': '7. v1lixz', 'timestamp': '0:02:29'}, {'title': '8. Jonathan S', 'timestamp': '0:02:42'}, {'title': '9. DocPestilence', 'timestamp': '0:03:12'}, {'title': '10. u/Sebastimau', 'timestamp': '0:04:17'}, {'title': '11. JB', 'timestamp': '0:04:36'}, {'title': '12. Crsnz', 'timestamp': '0:05:27'}, {'title': '13. Odd Todd', 'timestamp': '0:05:44'}, {'title': '14. u/AlmCode', 'timestamp': '0:06:02'}, {'title': '15. Anonymous', 'timestamp': '0:06:18'}, {'title': '16. Miss Piggy', 'timestamp': '0:06:34'}, {'title': '17. Anonymous', 'timestamp': '0:07:28'}, {'title': '18. Tyler', 'timestamp': '0:07:38'}, {'title': 'Outro', 'timestamp': '0:07:52'}]",24,04092026
68,sc2G6bnn_h8,BEST OF CAR CRASHES COMPILATION | USA & CANADA - 76,31072026,UCKIrZr7WuPFgFy7OfkAuHOw,145880,"In this ""Best of Car Crash Compilation"", you will see driving fails, car crashes, semi-truck crashes caught on dashcam. All the bad drivers are from America & Canada.  Treat this as a quick driving school lesson on what NOT to do out there on the roads. In this video, we analyze these dangerous situations to help you learn how to drive more defensively, identify potential hazards before they happen, and understand the critical mistakes that lead to these accidents. Stay safe and watch closely - there is a lesson in every clip.  ✪ Submit your Dashcam video for the feature here: https://megadrivingschool.com/submit Or sent to Email: megadrivingschoolyt@gmail.com  Got an Issue? Email me: megadrivingschoolyt@gmail.com  #carcrash #cars #drivingfails  ------------------------------------------------------------------------- Educational Disclaimer: These car crashes in usa and Canada are curated strictly for traffic safety analysis, accident awareness, and educational purposes. Drive safe!",[],23,02092026
69,VELyKmNKQAc,BEST OF WASHINGTON Drivers |  20 Minutes of Dashcam Videos and Bad Drivers  | PART 3,31052026,UCnetiRHPnIMBCm-yY4m69qA,168532,🛑 Submit your clips: https://dashcamlessons.com/  ⚫Looking for a dashcam for your car? We recommend VIOFO: A229 Pro: https://amzn.to/3W2Lnzi (5% off discount code: DLESSONS229 ) A119M Pro: https://amzn.to/4scZvE9 (5% off discount code: DLESSONSMP )  ⚫ Contact me at dashcamlessons@gmail.com  ⚫ Links to the original videos:  1. Anonymous  2. S Bacon  3. Anonymous  4. Seattle Dash Cam Videos - https://youtu.be/QTEQSj88xb4   5. Craig H  6. Silverwrx06  7. Anonymous  8. u/Henness0666  9. Hadino - https://youtu.be/tC6Vn1_ImPo  10. DanDanNoodle  11. GrowingMoss  12. Dawson Cash  13. Anonymous  14. ThiccWizzy  15. Anonymous  16. William Huffaker - https://youtu.be/qsTh0ckB-Ps  17. Lana  18. Anonymous  19. Novakat77  20. Anonymous  21. Roedurr  22. learn2drive  23. thedaveallen  24. alexa.davy  25. u/Kefizzle  26. PK  27. Cambria  28. mike.choi - https://youtu.be/FC08_TRU87Y  29. Anonymous  30. Shawn Roland - https://youtu.be/jOgfBFYcJ9A --- Insurance Fraud  31. DanDanNoodle  32. Chepe  33. u/j0nh-wick  34. u/FlyingFlygon  35. Mellie  36. Cowgirl  37. Anonymous  38. u/RobynHeud  39. RaD Nicanor - https://youtu.be/yiCIhMv3f3E   40. u/RicanMix  41. Ethan Rutherford - https://youtu.be/M5DqkFKOTk8   42. tartofpop  43. u/Alekmkzero  44. u/zachty22  45. u/loopinfy  46. VhetLawg  47. AncapistanVan - https://youtu.be/MIjXQCs-37k  48. DanDanNoodle  49. MidniteRider  50. Anonymous  51. MidniteRider  52. darkedgex - https://youtu.be/zMB9EgKhlh4  53. Andrew Hill  54. glassslippers87  55. u/lovebudds  56. russim  57. Anonymous   ⚫ My socials: Instagram: https://www.instagram.com/dashcamlessons/ TikTok: https://www.tiktok.com/@dashcamlessons Facebook: https://www.facebook.com/dashcamlessons  ⚫ Intro song: My Country - Ben Bostick,[],23,02092026
70,npfb_BnA6Ug,BEST OF CAR CRASHES COMPILATION | USA & CANADA - 58,25032026,UCKIrZr7WuPFgFy7OfkAuHOw,51187,"In this ""Best of Car Crash Compilation"", you will see driving fails, car crashes, semi-truck crashes caught on dashcam. All the bad drivers are from America & Canada.  Treat this as a quick driving school lesson on what NOT to do out there on the roads. In this video, we analyze these dangerous situations to help you learn how to drive more defensively, identify potential hazards before they happen, and understand the critical mistakes that lead to these accidents. Stay safe and watch closely - there is a lesson in every clip.  ✪ Submit your Dashcam video for the feature here: https://megadrivingschool.com/submit Or sent to Email: megadrivingschoolyt@gmail.com  Got an Issue? Email me: megadrivingschoolyt@gmail.com  #carcrash #cars #drivingfails  ------------------------------------------------------------------------- Educational Disclaimer: These car crashes in usa and Canada are curated strictly for traffic safety analysis, accident awareness, and educational purposes. Drive safe!",[],23,02092026
71,xdEbQZQJ_jA,BEST OF CAR CRASHES COMPILATION | USA & CANADA - 61,28042026,UCKIrZr7WuPFgFy7OfkAuHOw,83661,"In this ""Best of Car Crash Compilation"", you will see driving fails, car crashes, semi-truck crashes caught on dashcam. All the bad drivers are from America & Canada.  Treat this as a quick driving school lesson on what NOT to do out there on the roads. In this video, we analyze these dangerous situations to help you learn how to drive more defensively, identify potential hazards before they happen, and understand the critical mistakes that lead to these accidents. Stay safe and watch closely - there is a lesson in every clip.  ✪ Submit your Dashcam video for the feature here: https://megadrivingschool.com/submit Or sent to Email: megadrivingschoolyt@gmail.com  Got an Issue? Email me: megadrivingschoolyt@gmail.com  #carcrash #cars #drivingfails  ------------------------------------------------------------------------- Educational Disclaimer: These car crashes in usa and Canada are curated strictly for traffic safety analysis, accident awareness, and educational purposes. Drive safe!",[],22,04092026
72,KI7CNAGVtmk,Best of TENNESSEE Drivers |  20 Minutes of Dashcam Videos  | PART 2,19072026,UCnetiRHPnIMBCm-yY4m69qA,196355,🛑 Submit your clips: https://dashcamlessons.com/  ⚫Looking for a dashcam for your car? We recommend VIOFO: A229 Pro: https://amzn.to/3W2Lnzi (5% off discount code: DLSA229P ) A119M Pro: https://amzn.to/4scZvE9 (5% off discount code: DLS119MP )  ⚫ Contact me at dashcamlessons@gmail.com  ⚫ Links to the original videos:  1. Anonymous 2. Anonymous 3. Archbeetle1 4. Anonymous 5. Anonymous 6. AFMajor 7. Ethan H 8. u/ghrayfahx 9. Anonymous 10. Anonymous 11. u/Soupicxl 12. diesel dad 13. Anonymous 14. Joseph Wright - https://youtu.be/iTPx30qtgE8 15. u/Autoxidation 16. CACODACE 17. JohnyB 18. Gutzy 19. camillesproat 20. RayJayOB 21. UndecidedMiddleGround 22. David S - https://youtu.be/RDe6fb30edY 23. Wade 24. Ashton L 25. Anonymous 26. Jeff L 27. BrentK 28. Bradley Ingram - https://youtu.be/k8N8Kt47fx8 29. u/uhAlphaFox 30. Facebook Account 31. Anonymous 32. Wolfheart 33. ShortyCatRamblings - https://youtu.be/EjvBjlnaQaY 34. jmongeon 35. Robert 36. Volphin 37. Bradley Ingram - https://youtu.be/CTXL_HFQwAA 38. ShortyCatRamblings - https://youtu.be/oNxwc2-lC7w 39. The_supracar210 40. Blue Bean 41. Anonymous 42. Short Stacks 43. Anonymous   ----- YouTube Video Chapters ----- [00:00] - 1. Anonymous [00:14] - 2. Anonymous [01:45] - 3. Archbeetle1 [02:04] - 4. Anonymous [03:40] - 5. Anonymous [04:14] - 6. AFMajor [05:12] - 7. Ethan H [05:34] - 8. u/ghrayfahx [05:53] - 9. Anonymous [06:14] - 10. Anonymous [08:17] - 11. u/Soupicxl [08:40] - 12. diesel dad [08:58] - 13. Anonymous [09:15] - 14. Joseph Wright [09:37] - 15. u/Autoxidation [10:30] - 16. CACODACE [11:07] - 17. JohnyB [11:45] - 18. Gutzy [12:19] - 19. camillesproat [12:45] - 20. RayJayOB [13:28] - 21. UndecidedMiddleGround [13:49] - 22. David S [15:21] - 23. Wade [15:36] - 24. Ashton L [15:54] - 25. Anonymous [16:08] - 26. Jeff L [16:22] - 27. BrentK [16:33] - 28. Bradley Ingram [16:47] - 29. u/uhAlphaFox [17:06] - 30. Facebook Account [17:31] - 31. Anonymous [17:45] - 32. Wolfheart [17:59] - 33. ShortyCatRamblings [18:32] - 34. jmongeon [19:34] - 35. Robert [19:48] - 36. Volphin [20:15] - 37. Bradley Ingram [20:29] - 38. ShortyCatRamblings [20:55] - 39. The_supracar210 [21:04] - 40. Blue Bean [21:15] - 41. Anonymous [21:30] - 42. Short Stacks [21:41] - 43. Anonymous [21:58] - 44. Chapter 44   ⚫ My socials: Instagram: https://www.instagram.com/dashcamlessons/ TikTok: https://www.tiktok.com/@dashcamlessons Facebook: https://www.facebook.com/dashcamlessons  ⚫ Intro song: My Country - Ben Bostick,"[{'title': '1. Anonymous', 'timestamp': '0:00:00'}, {'title': '2. Anonymous', 'timestamp': '0:00:14'}, {'title': '3. Archbeetle1', 'timestamp': '0:01:45'}, {'title': '4. Anonymous', 'timestamp': '0:02:04'}, {'title': '5. Anonymous', 'timestamp': '0:03:40'}, {'title': '6. AFMajor', 'timestamp': '0:04:14'}, {'title': '7. Ethan H', 'timestamp': '0:05:12'}, {'title': '8. u/ghrayfahx', 'timestamp': '0:05:34'}, {'title': '9. Anonymous', 'timestamp': '0:05:53'}, {'title': '10. Anonymous', 'timestamp': '0:06:14'}, {'title': '11. u/Soupicxl', 'timestamp': '0:08:17'}, {'title': '12. diesel dad', 'timestamp': '0:08:40'}, {'title': '13. Anonymous', 'timestamp': '0:08:58'}, {'title': '14. Joseph Wright', 'timestamp': '0:09:15'}, {'title': '15. u/Autoxidation', 'timestamp': '0:09:37'}, {'title': '16. CACODACE', 'timestamp': '0:10:30'}, {'title': '17. JohnyB', 'timestamp': '0:11:07'}, {'title': '18. Gutzy', 'timestamp': '0:11:45'}, {'title': '19. camillesproat', 'timestamp': '0:12:19'}, {'title': '20. RayJayOB', 'timestamp': '0:12:45'}, {'title': '21. UndecidedMiddleGround', 'timestamp': '0:13:28'}, {'title': '22. David S', 'timestamp': '0:13:49'}, {'title': '23. Wade', 'timestamp': '0:15:21'}, {'title': '24. Ashton L', 'timestamp': '0:15:36'}, {'title': '25. Anonymous', 'timestamp': '0:15:54'}, {'title': '26. Jeff L', 'timestamp': '0:16:08'}, {'title': '27. BrentK', 'timestamp': '0:16:22'}, {'title': '28. Bradley Ingram', 'timestamp': '0:16:33'}, {'title': '29. u/uhAlphaFox', 'timestamp': '0:16:47'}, {'title': '30. Facebook Account', 'timestamp': '0:17:06'}, {'title': '31. Anonymous', 'timestamp': '0:17:31'}, {'title': '32. Wolfheart', 'timestamp': '0:17:45'}, {'title': '33. ShortyCatRamblings', 'timestamp': '0:17:59'}, {'title': '34. jmongeon', 'timestamp': '0:18:32'}, {'title': '35. Robert', 'timestamp': '0:19:34'}, {'title': '36. Volphin', 'timestamp': '0:19:48'}, {'title': '37. Bradley Ingram', 'timestamp': '0:20:15'}, {'title': '38. ShortyCatRamblings', 'timestamp': '0:20:29'}, {'title': '39. The_supracar210', 'timestamp': '0:20:55'}, {'title': '40. Blue Bean', 'timestamp': '0:21:04'}, {'title': '41. Anonymous', 'timestamp': '0:21:15'}, {'title': '42. Short Stacks', 'timestamp': '0:21:30'}, {'title': '43. Anonymous', 'timestamp': '0:21:41'}, {'title': '44. Chapter 44', 'timestamp': '0:21:58'}]",21,04092026
73,YLK_NKxhOWc,BEST OF DASHCAM CRASH FRANCE 2024,31122023,UC09zxStRmN2l3PfghFLMQ9A,538811,Best of Dashcam Crash France 2023 (Belgique/Suisse) Accident de voitures et de camions en France.   __________________________________________  Obtenez des réductions sur vos achats Vantrue avec le code 100DASHCAM ou en utilisant ces liens :   Nexus 4 Pro: Site Vantrue : https://bit.ly/488tFAJ Amazon : https://amzn.to/4nqK5sQ  Nexus 5: Site Vantrue : https://bit.ly/4pcqiik Amazon : https://amzn.to/45VjttX  E360 ACE : Site Vantrue : https://bit.ly/4moDQVv Amazon :  https://amzn.to/46r0kz6  E360:  Site vantrue : https://bit.ly/4moDQVv  Amazon : https://amzn.to/4nHMNtY  #vantrue #vantruedashcam #vantrueE360 #vantrueN4PRO #vantrueN5  ___________________________________________ Instagram : https://instagram.com/100dashcam?igshid=YmMyMTA2M2Y= Tiktok: https://www.tiktok.com/@100dashcam?_t=8UzsASxZEsY&_r=1 Facebook: Cent Dashcam Mail: 100dashcam@gmail.com  ___________________________________________ Séquences abonnés:   0:29 tigtokk: https://www.tiktok.com/@tigtokk?_t=8idwV3r08UD&_r=1  0:37 Spinergy75: https://youtube.com/@Spinergy75?si=6gLA0b3ycGWYoY7s  1:39 Taxi-Flix : https://www.tiktok.com/@taxi_flix?_t=8idwZLTHlOi&_r=1  2:55 Carlos Cds: https://www.tiktok.com/@carloscds60440?_t=8idwczBV4Uq&_r=1  3:23 tigtokk: https://www.tiktok.com/@tigtokk?_t=8idwV3r08UD&_r=1  4:50 antoninwlt: https://www.tiktok.com/@antoninwlt?_t=8idwgka46bp&_r=1  5:07 Éric Dgt: https://www.tiktok.com/@eric.dgt.56?_t=8idwiUkMN5U&_r=1  5:20 louis..85: https://www.tiktok.com/@louis..85?_t=8idwtFc3FeD&_r=1  6:47 vanessa_cblt: https://www.tiktok.com/@vanessa_cblt?_t=8idwvoaIOw4&_r=1  7:12 bobbycacou: https://www.tiktok.com/@bobbycacou?_t=8idwyPu6xCS&_r=1  10:28 dashcamcaen14: https://www.tiktok.com/@dashcamcaen14?_t=8idx2WINjbF&_r=1  10:39 leabuse: https://www.tiktok.com/@leabuse?_t=8idx5JvoHIW&_r=1  10:51 Taxi-Flix : https://www.tiktok.com/@taxi_flix?_t=8idwZLTHlOi&_r=1  11:23 scep369: https://www.tiktok.com/@scep369?_t=8idx9CiDGHg&_r=1 ou https://youtube.com/@scep3696?si=52zi4vmQ3BOzBrfd  11:34 Dashcam Lyon: https://youtube.com/@dashcamlyon4089?si=mYtZS-CRewqYDeHm  11:45 106_quick: https://www.instagram.com/106_quick?igsh=bjBob2MydXYyMGdr  12:01 Nico_P: https://youtube.com/@Nico_P_Cars?si=pr6qnV6g_ZLUODKe  13:11 ptitdjo: https://www.tiktok.com/@ptitdjo?_t=8idxLGnktvN&_r=1  13:23 Predator-V38: https://youtube.com/@predator-v3872?si=XZy53vTNw6Y9VDA-  13:44 Tom Auto 57: https://youtube.com/@tomauto5791?si=huymvSbKEap-_-t7  14:31 Spinergy75: https://youtube.com/@Spinergy75?si=6gLA0b3ycGWYoY7s  15:52 theblackcat54: https://www.tiktok.com/@theblackcat54?_t=8idxVDJcDU9&_r=1  16:03 lezard59114: https://www.tiktok.com/@lezard59114?_t=8idxXwVOT44&_r=1  16:14 Jens Eilter: https://youtube.com/@jenseilert8857?si=C9OhSYKoV9s-SySC  16:43 Guimauve Convoi: https://www.tiktok.com/@convoi.exceptionnel?_t=8idxbxlmR7o&_r=1  16:54 pioupioujohn: https://www.tiktok.com/@pioupioujohn?_t=8ie0xu3o8Ez&_r=1  17:37 jennyfermilosavljevic: https://www.tiktok.com/@jennyfermilosavljevic?_t=8ie0yV54T5c&_r=1  17:54 Nico_P: https://youtube.com/@Nico_P_Cars?si=pr6qnV6g_ZLUODKe  18:53 scep369: https://www.tiktok.com/@scep369?_t=8idx9CiDGHg&_r=1 ou https://youtube.com/@scep3696?si=52zi4vmQ3BOzBrfd  19:33 user.not.defined.1: https://www.tiktok.com/@user.not.defined.1?_t=8ie1A3QuBMW&_r=1  19:55 skylie_policecar: https://instagram.com/skylie_policecar?igshid=MTY2Z2c2MDdtNGt0Mg==  20:34 le_camtard: https://www.instagram.com/le_camtard?igsh=bjQ5OXlncXQ1aDU1  20:45 zampo60: https://www.tiktok.com/@zampo60?_t=8iQ32HYkrRp&_r=1  22:41 Dash cam Brest: https://youtube.com/@dashcambrest3914?si=p2zpR__EhI_Q-Fvf  Envoyez moi vos séquences par Wetransfer:   https://wetransfer.com Ou sur mon mail:  100dashcam@gmail.com Ou sur mes réseaux... _________________________________________  Support Vidéo:  Dashcam Blackvue DR900x-plus 2CH  _________________________________________ Musiques:  https://youtu.be/_TcXaAcbQ5Q?si=J0MudK2yfHgeNu0C https://youtu.be/sr2nGCU2oJ0 Techno 2022- Felippinho21 This is not phonk- Bgnzinho https://youtu.be/2Ax_EIb1zks?si=Av06W61jtZ-lz4CG   #dashcamfrance #crash #roadrage #accident  #accidentfrance,[],21,02092026
74,FyItDsrap3E,BEST OF CAR CRASHES COMPILATION | USA & CANADA - 74,28072026,UCKIrZr7WuPFgFy7OfkAuHOw,65396,"In this ""Best of Car Crash Compilation"", you will see driving fails, car crashes, semi-truck crashes caught on dashcam. All the bad drivers are from America & Canada.  Treat this as a quick driving school lesson on what NOT to do out there on the roads. In this video, we analyze these dangerous situations to help you learn how to drive more defensively, identify potential hazards before they happen, and understand the critical mistakes that lead to these accidents. Stay safe and watch closely - there is a lesson in every clip.  ✪ Submit your Dashcam video for the feature here: https://megadrivingschool.com/submit Or sent to Email: megadrivingschoolyt@gmail.com  Got an Issue? Email me: megadrivingschoolyt@gmail.com  #carcrash #cars #drivingfails  ------------------------------------------------------------------------- Educational Disclaimer: These car crashes in usa and Canada are curated strictly for traffic safety analysis, accident awareness, and educational purposes. Drive safe!",[],20,02092026
75,FcvYvkClS8M,BEST OF ROAD RAGE 2026 | USA & Canada Bad Drivers Compilation | MAY,30052026,UCnetiRHPnIMBCm-yY4m69qA,154793,🛑 Submit your clips: https://dashcamlessons.com/  ⚫Looking for a dashcam for your car? We recommend VIOFO: A229 Pro: https://amzn.to/3W2Lnzi (5% off discount code: DLESSONS229 ) A119M Pro: https://amzn.to/4scZvE9 (5% off discount code: DLESSONSMP )  ⚫ Contact me at dashcamlessons@gmail.com  ⚫ Links to the original videos:  1. mordy3.14 - https://youtu.be/RjQ9K2rkdJY --- road rage  2. Drive Dash Drive - https://youtu.be/LER7MRDSc9E  3. yes  4. Mi Dixie Wrecked @midixiewrecked7011  5. Anonymous  6. Jo Ellis - https://youtu.be/ziIXfDvdE7CI  7. u/fryeguy92  8. Anonymous  9. u/pickle_monsterX  10. Robert D.  11. Ryback - https://youtu.be/asqe4793Fm0  12. Amit - https://youtu.be/rrjq12PumRQ  13. u/elehugh  14. Caden  15. Brandon B  16. SmallTownRA  17. u/Competitive_Gold_493  18. Zuehl  19. u/vacationofthebrain  20. goofygreek - https://youtu.be/rlaXESkb4OY   21. Anonymous  22. u/Mountain_Comedian_23  23. devdev  24. Stef  25. @eLmO_86  26. Pat Welsh - https://youtu.be/z5ZSXsNLzkrc  27. Saturn Steve - https://youtu.be/i-odyQHKlS4  28. LifewithJacob66 - https://youtu.be/oCJaSghxl18  29. u/Diznavis  30. u/Junetizzle  31. Todd Zabel - https://youtu.be/nPrDM9CPJlc  32. kylordAwesome - https://youtu.be/zAmKgMceNjw   ⚫ My socials: Instagram: https://www.instagram.com/dashcamlessons/ TikTok: https://www.tiktok.com/@dashcamlessons Facebook: https://www.facebook.com/dashcamlessons  ⚫ Intro song: My Country - Ben Bostick,[],20,02092026
76,uIJflU_mraE,WORST DRIVERS OF MINNESOTA | WHAM BAAM DASHCAM,08042026,UCJZpPG8wegZJ3rsnc6-Bpnw,132808,"We feature real dashcam videos submitted by our viewers! In this video, we’ve collected some of the craziest crash and bad driver clips ever sent in — welcome to Wham Baam Dashcam’s WORST Drivers of Minnesota, Volume 1.  🎥 Caught a crash, close call, or terrible driver on your dashcam? Submit your clip and it could be featured in a future episode! Submit your dashcam video here ▶ https://linktr.ee/whambaam  ––––––––––––––  🚨 Dashcams we trust after reviewing thousands of real crash clips:  Front + Rear – VIOFO A229 Pro 4K   🎟 5% off: WBD229PR   https://amzn.to/3LQ3FkE    Front only – VIOFO A119M Pro   🎟 5% off: WHAMB119MP   https://amzn.to/3N35zii    ––––––––––––––  💬 Join Patreon and our Discord   https://patreon.com/whambaam  🛒 Buy our merch   https://whambaam.com  🎙 Voiceover recorded and edited by   Ben & Melissa Anderson (@pnweventures)  ⚖️ ALL VIDEOS ARE SUBMITTED TO OR FOR WHAM BAAM CHANNELS AND USED WITH ORIGINAL COPYRIGHT PERMISSION.  #whambaam #dashcam #maryland #baddrivers #road rage #carcrash",[],20,02092026
77,wtPmGLoS7Q0,Dash Cam Owners Australia Crash Compilation 50,01022026,UCvfqpaehdaqtkXPNhvJRyGA,469203,"Our Merch store: https://dashcamownersaus-shop.fourthwall.com/  Our Dash Cam Store (Use code DCOA5 for 5% off storewide): http://www.dashcamownersaus.com.au/  Send us a video: https://dashcamownersaus.com.au/contact-us/  As usual none of these crashes were fatal, not even for animals. Clips are available in full with descriptions on our Facebook page, Interactive map with locations and links to individual videos can be viewed here:  https://www.google.com/maps/d/viewer?mid=1ZD5lVbMd6Sk9pi5ca67_8dIgjDk&hl=en&usp=sharing",[],19,02092026
78,D6-z5-l8Cg4,BEST OF CAR CRASHES COMPILATION | USA & CANADA - 68,12062026,UCKIrZr7WuPFgFy7OfkAuHOw,68950,"In this ""Best of Car Crash Compilation"", you will see driving fails, car crashes, semi-truck crashes caught on dashcam. All the bad drivers are from America & Canada.  Treat this as a quick driving school lesson on what NOT to do out there on the roads. In this video, we analyze these dangerous situations to help you learn how to drive more defensively, identify potential hazards before they happen, and understand the critical mistakes that lead to these accidents. Stay safe and watch closely - there is a lesson in every clip.  ✪ Submit your Dashcam video for the feature here: https://megadrivingschool.com/submit Or sent to Email: megadrivingschoolyt@gmail.com  Got an Issue? Email me: megadrivingschoolyt@gmail.com  #carcrash #cars #drivingfails  ------------------------------------------------------------------------- Educational Disclaimer: These car crashes in usa and Canada are curated strictly for traffic safety analysis, accident awareness, and educational purposes. Drive safe!",[],19,02092026
79,2IG706P2z2o,BEST OF CAR CRASHES COMPILATION | USA & CANADA - 70,27062026,UCKIrZr7WuPFgFy7OfkAuHOw,80006,"In this ""Best of Car Crash Compilation"", you will see driving fails, car crashes, semi-truck crashes caught on dashcam. All the bad drivers are from America & Canada.  Treat this as a quick driving school lesson on what NOT to do out there on the roads. In this video, we analyze these dangerous situations to help you learn how to drive more defensively, identify potential hazards before they happen, and understand the critical mistakes that lead to these accidents. Stay safe and watch closely - there is a lesson in every clip.  ✪ Submit your Dashcam video for the feature here: https://megadrivingschool.com/submit Or sent to Email: megadrivingschoolyt@gmail.com  Got an Issue? Email me: megadrivingschoolyt@gmail.com  #carcrash #cars #drivingfails  ------------------------------------------------------------------------- Educational Disclaimer: These car crashes in usa and Canada are curated strictly for traffic safety analysis, accident awareness, and educational purposes. Drive safe!",[],19,02092026
80,iHFnVlxDRTc,Best of NEW YORK Drivers |  20 Minutes of Dashcam Videos and Bad Drivers  | PART 5,07032026,UCnetiRHPnIMBCm-yY4m69qA,101800,🛑 Submit your clips: https://dashcamlessons.com/  ⚫Looking for a dashcam for your car? We recommend VIOFO: A229 Pro: https://amzn.to/3W2Lnzi (5% off discount code: DLESSONSMP) A119M Pro: https://amzn.to/4scZvE9 (5% off discount code: DLESSONS229)  ⚫ Contact me at dashcamlessons@gmail.com  ⚫ Links to the original videos:  1. Beatles__  2. TWoah - https://youtu.be/7CrWTMsa-HM  3. Teee HerNameIs - https://youtu.be/eGijEciNQFM  4. Dashcam NYC - https://youtu.be/HiiSCrBkTMU  5. RJ Swift Y  6. @backfromthefuture2  7. Bklyn_Nikoloz  8. u/Environmental-Low792  9. carkotta - https://youtu.be/-4MXS64AlWI  10. u/Education_Pear_330  11. MotoNORMativeNYC - https://youtu.be/VH20beszPIs --- I HIT A CAR  12. New York's Worst Drivers Dashcam Videos - https://youtu.be/LEtRfNPa1HE  13. BuffSabre716  14. Anonymous  15. Aziz Rahman - https://youtu.be/L_YadPku3-Q  16. u/Squishy_Punch  17. Sunrizermello  18. Anonymous  19. Trini48220 - https://youtu.be/gGQzr0hRtfg --- Staged Accident  20. u/aircal  21. CureMode  22. mark2gli  23. Anonymous  24. Morgan Hoppough - https://youtu.be/EUzYnvqV8MA  25. Anonymous  26. acura21 - https://youtu.be/jSmsjQ4FyPk --- Caught at dash camera  27. wyattmwiskoff  28. Krypt  29. Kyle Schroeder - https://youtu.be/oWfC3fYGaDI  30. New York's Worst Drivers Dashcam Videos - https://youtu.be/LEtRfNPa1HE  31. Fredy  32. DIYiCrash - https://youtu.be/2Vpwa_-o5u0  33. Joshbx  34. Car crashes and close calls  35. Anonymous  36. loomex  37. Dashcam NYC - https://youtu.be/0wRWk2C9P2c  38. William C  39. u/Fire_2D  40. u/strawburymilq  41. AxeBeheadings - https://youtu.be/rVUb0zw4T-0 --- drunk driver  42. Bill K  43. u/kknk  44. BKBabyDriver  45. Max  46. Koutiol - https://youtu.be/SpMu72vs5-0   47. TohsakaMine  48. Anonymous  49. Ayejay  50. New York's Worst Drivers Dashcam Videos - https://youtu.be/J4djCCCFdBM  51. Michael Gersitz - https://youtu.be/DX68BGkBhsM --- Car crash  52. DPRNYC Driving - https://youtu.be/evFgUtbqYaQ  53. u/444Leaf  54. u/US4door350zMC  55. Mark2gli  56. u/Fearless_Addition219  ⚫ My socials: Instagram: https://www.instagram.com/dashcamlessons/ TikTok: https://www.tiktok.com/@dashcamlessons Facebook: https://www.facebook.com/dashcamlessons  ⚫ Intro song: My Country - Ben Bostick,[],19,02092026
81,MFWT3Y81C9s,IDIOT CUTS ME OFF AND GETS INSTANT KARMA,24082026,UCnetiRHPnIMBCm-yY4m69qA,69555,"🛑 Submit your clips: https://dashcamlessons.com/  ⚫Looking for a dashcam for your car? We recommend VIOFO: A229 Pro: https://amzn.to/3W2Lnzi (5% off discount code: DLSA229P ) A119M Pro: https://amzn.to/4scZvE9 (5% off discount code: DLS119MP )  ⚫ Contact me at dashcamlessons@gmail.com  ⚫ Links to the original videos:  1. u/McQuibbly -  --- [USA] Trying to butt-in in the middle of the intersection didn't work out well for them (  )  2. Anonymous2 -  ---  ( Nepean, Ontario, Canada )  3. RG1112 -  ---  ( North Myrtle Beach, South Carolina )  4. Brad -  ---  ( Odessa, Florida )  5. Yuuko Ani - https://youtu.be/qG69am6LK2E --- Near Crash ( Little saigon, Westminster California )  6. Vincent Jur - https://youtu.be/VycozhG1cmA --- East Ridge Motorcyclists Don't Go To Heaven ( East Ridge, Tennessee )  7. gir489returns - https://youtu.be/zB6rUdgHG-gg --- 2026 Camry vs 2018 Mustang ( Wilmington, Delaware )  8. u/driftking428 -  --- This guy's lucky I reacted in time [OC] ( Colorado )  9. Anonymous4 -  ---  ( Bennington Nebraska )  10. Blzn -  ---  ( Arizona )  11. u/lordstryfe -  --- Fun times one the way home. ( Diego County, California )  12. Dug's Dope Dash Cam - https://youtu.be/i2kzElyKNsI --- Eye Contact causing loss of Steering Control (  )  Dug's Dope Dash Cam - https://youtu.be/AwJGaAvAgKI --- Close Call! Car Accident Captured on Front Door Security Camera (  )  13. Anonymous -  ---  ( Houston, Texas )  14. u/PEK-a-YUL -  --- Forced me to stop, acted all shocked ( Ontario, Canada )  15. Anonymous6 -  ---  ( Houston, Texas )  Anonymous6 -  ---  ( Houston, Texas )  16. Yaxian Chen - https://youtu.be/3ZcOldIE1x8 --- Tesla Dashcam Captures Real Car Crash | 特斯拉行车记录仪拍下真实车祸1 (  )  17. Anonymous5 -  ---  ( Clarington / Ontario / Canada )  18. Toyota_Windom -  ---  ( Orange City Florida )  19. I Like Planes -  ---  ( Denmark, Tennessee )  20. Gmanblack -  ---  ( Cincinnati, Ohio )  21. alterman156 -  ---  ( Yonkers, New York )  ⚫ Timestamps: [00:00] - Intro [00:09] - 1. u/McQuibbly [00:32] - 2. Anonymous2 [01:04] - 3. RG1112 [02:06] - 4. Brad [02:25] - 5. Yuuko Ani [02:37] - 6. Vincent Jur [02:56] - 7. gir489returns [03:35] - 8. u/driftking428 [03:46] - 9. Anonymous4 [04:06] - 10. Blzn [04:35] - 11. u/lordstryfe [04:57] - 12. Dug's Dope Dash Cam [05:26] - 13. Anonymous [05:34] - 14. u/PEK-a-YUL [05:46] - 15. Anonymous6 [06:09] - 16. Yaxian Chen [06:24] - 17. Anonymous5 [06:35] - 18. Toyota_Windom [06:47] - 19. I Like Planes [07:05] - 20. Gmanblack [07:23] - 21. alterman156 [07:48] - Outro  ⚫ My socials: Instagram: https://www.instagram.com/dashcamlessons/ TikTok: https://www.tiktok.com/@dashcamlessons Facebook: https://www.facebook.com/dashcamlessons  ⚫ Intro song: My Country - Ben Bostick","[{'title': 'Intro', 'timestamp': '0:00:00'}, {'title': '1. u/McQuibbly', 'timestamp': '0:00:09'}, {'title': '2. Anonymous2', 'timestamp': '0:00:32'}, {'title': '3. RG1112', 'timestamp': '0:01:04'}, {'title': '4. Brad', 'timestamp': '0:02:06'}, {'title': '5. Yuuko Ani', 'timestamp': '0:02:25'}, {'title': '6. Vincent Jur', 'timestamp': '0:02:37'}, {'title': '7. gir489returns', 'timestamp': '0:02:56'}, {'title': '8. u/driftking428', 'timestamp': '0:03:35'}, {'title': '9. Anonymous4', 'timestamp': '0:03:46'}, {'title': '10. Blzn', 'timestamp': '0:04:06'}, {'title': '11. u/lordstryfe', 'timestamp': '0:04:35'}, {'title': ""12. Dug's Dope Dash Cam"", 'timestamp': '0:04:57'}, {'title': '13. Anonymous', 'timestamp': '0:05:26'}, {'title': '14. u/PEK-a-YUL', 'timestamp': '0:05:34'}, {'title': '15. Anonymous6', 'timestamp': '0:05:46'}, {'title': '16. Yaxian Chen', 'timestamp': '0:06:09'}, {'title': '17. Anonymous5', 'timestamp': '0:06:24'}, {'title': '18. Toyota_Windom', 'timestamp': '0:06:35'}, {'title': '19. I Like Planes', 'timestamp': '0:06:47'}, {'title': '20. Gmanblack', 'timestamp': '0:07:05'}, {'title': '21. alterman156', 'timestamp': '0:07:23'}, {'title': 'Outro', 'timestamp': '0:07:48'}]",19,04092026
82,E4FnISFNdWk,Dash Cam Owners Australia Crash Compilation 52,05072026,UCvfqpaehdaqtkXPNhvJRyGA,766191,Our Merch store: https://dashcamownersaus-shop.fourthwall.com/  Our Dash Cam Store (Use code DCOA5 for 5% off storewide): http://www.dashcamownersaus.com.au/  Send us a video: https://dashcamownersaus.com.au/contact-us/,[],18,02092026
83,Qm2uh5VbWx8,Idiots In Cars 2025 Caught On Camera: Ultimate Car Crashes Compilation,30042025,UCGfv71wwYGIvlG3JAUe_g9w,334925,"Idiots In Cars 2025 Caught On Camera: Ultimate Car Crashes Compilation  This video features a compilation of real traffic accidents - powerful reminders of how quickly things can go wrong on the road. Each clip tells a real story, captured in everyday moments that turned dangerous in an instant.  ⚠️ My goal is not to shock, but to raise awareness about the consequences of reckless driving, poor decisions, or simple inattention behind the wheel.  👉 Watch carefully, reflect, and share with others - this video might make someone think twice and help prevent a future accident.  📌 Don't forget to subscribe for more real road footage and breakdowns of dangerous situations.  ⚡Copyright Disclaimer: - Under section 107 of the copyright Act 1976, allowance is mad for FAIR USE  🧱 Tags: #idıotsincars  #carcrashescompilation #brutalandfatalcrash #failarmy  #roadaccidentnews #horrificaccident #horriblecarcrash #dashcamcrashes #idiotsonroad #worstdrivers  #russianroads #crazymoments #brutalcarcrashes #carcrashcompilation #failcompilation  #brutalcrash #fails #accidentnews #dashcam #idiotsondashcam #idiotatwork  #extremecrashes #truck #truckdriver #trucks #crash #failsmoments #carcrashbrutal #carcrashrussia​ #fatal​  #idiotswithcars​ #carcrash2022 #carcrash2020 #baddrivers  brutal car crashes 2024  car crash compilation 2024  incidenti stradali compilation  car crash +18 worst accidents INSANE CAR CRASHES COMPILATION Best of Car Crash  Ultimate Car Crash Compilation Horrific Car Accidents CRASH CASES car crash compilation 2023 car crash compilation 2024 car crash compilation 2025 brutal crash compilation 2023 brutal crash compilation 2024 brutal crash compilation 2025",[],18,02092026
84,9mDEHt59Y5c,STREET RACING WANNABE FAILS TO MERGE | DASHCAM STORIES 198,28082026,UCJZpPG8wegZJ3rsnc6-Bpnw,78275,"20 incidents filmed by dashcams featuring unbelievable crashes, daring escapes, and insane road rage in the 198th episode of Dashcam Stories.    🚨 Dashcams we trust after reviewing thousands of real crash clips: VIOFO A229 Pro 4K  ▶ https://amzn.to/3LQ3FkE  (🎟 5% off: WHCAM229P) VIOFO A119M Pro ▶ https://amzn.to/3N35zii (🎟 5% off: WHCAM119MP) (As an Amazon Associate we may earn from qualifying purchases at no extra cost to you.)  Submit your dashcam video ▶ https://linktr.ee/whambaam Join Patreon and our Discord ▶ https://patreon.com/whambaam Buy our merch ▶ https://whambaam.com Voiceover recorded and edited by ▶ Ben & Melissa Anderson of @pnweventures    ALL VIDEOS ARE EXCLUSIVELY SUBMITTED TO OR FOR WHAM BAAM CHANNELS AND USED WITH ORIGINAL COPYRIGHT PERMISSION.  #whambaam #dashcam #dashcamstories #carcrash #roadrage",[],18,02092026
85,hbVIZOs9VoY,WORST DRIVERS OF MISSOURI | WHAM BAAM DASHCAM,04022026,UCJZpPG8wegZJ3rsnc6-Bpnw,95502,"We feature real dashcam videos submitted by our viewers! In this video, we’ve collected some of the craziest crash and bad driver clips ever sent in — welcome to Wham Baam Dashcam’s WORST Drivers of Missouri, Volume 1.  🎥 Caught a crash, close call, or terrible driver on your dashcam? Submit your clip and it could be featured in a future episode! Submit your dashcam video here ▶ https://linktr.ee/whambaam  ––––––––––––––  🚨 Dashcams we trust after reviewing thousands of real crash clips:  Front + Rear – VIOFO A229 Pro 4K   🎟 5% off: WBD229PR   https://amzn.to/3LQ3FkE    Front only – VIOFO A119M Pro   🎟 5% off: WHAMB119MP   https://amzn.to/3N35zii    ––––––––––––––  💬 Join Patreon and our Discord   https://patreon.com/whambaam  🛒 Buy our merch   https://whambaam.com  🎙 Voiceover recorded and edited by   Ben & Melissa Anderson (@pnweventures)  ⚖️ ALL VIDEOS ARE SUBMITTED TO OR FOR WHAM BAAM CHANNELS AND USED WITH ORIGINAL COPYRIGHT PERMISSION.  #whambaam #dashcam #maryland #baddrivers #road rage #carcrash",[],18,02092026
86,cJgem7Qt-CE,"LOOK Before You LEAP!  Bad Driving, Car Crashes, Close Calls! Dashcam Videos 861",26122025,UCm3oV6IfDHfCJbgvrVqvPQQ,14091,"(Looking For A Dashcam? Check The Above Links!)  The videos should be taken as a tool for Educational and Journalistic purposes. Used for learning. Please Drive Safe Stay Safe!  Road Rage |  Hit and Run | Bad Drivers  ,Brake Check, Cars | Dash Cam 861 Submit your videos to submit.revitup@gmail.com ▶️All videos belong to their respective owners / holders. Credits for the video(Thank you). Robert Steinbauer https://youtu.be/3BLu9MRorgI?si=Y6OONrAEm8S3pBdl 2025 10 29 Reason to have a dashcam  Ben Adler https://youtu.be/nUBX6-aW2yw?si=Zu_8HZdPac1ElI_k Holiday Driver Road Rage 12 21 2025  Road Runner https://youtu.be/xsMGgoBbnxw?si=MHyjULUEuZCUtt5Q 23/12/25 2  https://youtu.be/d1RKpEYhjpI?si=H_m_xB4dMY6J4hty 23/12/25 1  Ltype https://youtu.be/3m8Wjasdvmg?si=Wt85lV0aoyr2fjBs Red Tiger 4k Starvis 2 sensor 12/14/25 Car crash  Duke https://youtu.be/Z_cUvIz_MKI?si=4emieKc8wbXavbhU Gotta be careful of those retirement homes  Huck https://youtu.be/R9FV4IjtlOo?si=lpIvDKE0V4CXit-u Untitled video   Cracker Sandwich 816 https://youtu.be/BwJ53S-kmqU?si=ikkpJbpGko-OAsMP SUV  Kurt3543 https://youtu.be/OZKyQFSZO4U?feature=shared Red light runner  https://youtu.be/7NZ3Re_1IqI?feature=shared Head on  Hussein Dalla https://youtu.be/gFW7zp4G9qE?si=bBPRIHeeJ8JRsEAx close call  EricksonEtc https://youtu.be/DhGbZVwhIdM?si=ExOMCneECmG-Cg8F Close call on I15  JON JOSEPH  https://youtu.be/uEGBxm1tHWc?si=Fp770BDwUDAQGm2l Lottbridge Drove 081225  Adelaide Dashcams https://youtu.be/iQieAlhKHgw?si=dAsVLV0Y-MpzJdGv Don't worry, No Cops here..  Leo https://youtu.be/YuynmT3kTGs?si=88yj1zlHB86NjErn Close call with a buck Potsdam, NY  Bad Drivers of Smyrna GA https://youtu.be/MBczkE5bwHQ?si=jzOddeyD6KaI7KcC Close call   VideoManDan https://youtu.be/kpSZf_faBPk?si=L1lxcvLvSdY5yGrV Driver mistakes 172 Rubbernecker  Bat Area Cam https://youtu.be/d9AGy_iV7HA?si=Bhklo8XONkwQK6tq Crazy driver CA  Taco https://youtu.be/0bM1HuSZNCc?si=bvHBOouC5dzEJdMK Car forgets to check the right  Random stuff https://youtu.be/w6Cq9ea1Qcc?si=SeiE08Lsiz5oVLkv Pay attention always while driving 08  GamerGramps70 https://youtu.be/g8NmDBWJQ3I?si=xXZ9_NLqZ4dtMbw9 NeardeathA169 near Flamingo Land  https://youtu.be/-5rBlS8GtrI?si=ksN-Ccw-b2jBRKaI 1 Lost Honda and a near miss   Shaun on Bikes https://youtu.be/R6WSw28eVig?si=TRWJfZ1SobnZHhVr Near misses  DPRNYC https://youtu.be/J3f4ztFRIYI?si=U8b9oQ-2_qQmGKV6 Mercedes right turn from left lane  Fredrick Blastel https://youtu.be/Y_z42inIOKI?si=K2h4o5VdyXa1ZaaY Old driver gets angry when honked at  Bad Drivers Everywhere  https://youtu.be/-lDcC1wa-Lw?si=Y74xQ_AlhhfRZywm Wrong way  Denis Skromny https://youtu.be/wqUzzVjHhRo?si=3Cle2u8-ax1YdSjL 26 ....  Bo L https://youtu.be/raqLmjh5BmA?si=KyH8_uQ9m5Rpi8J3 2025 12 18 Crash  Thankyou! Please feel free to contact for any query or clarifications related to video/descriptions/credits : submit.revitup@gmail.com",[],17,02092026
87,LqS6BRNvjX8,"NARROW ESCAPE! AVOIDED A CATASTROPHE! Bad Driving, Car Crashes, Dashcam Video 923",20082026,UCm3oV6IfDHfCJbgvrVqvPQQ,5784,"(Looking For A Dashcam? Check The Above Links!)  The videos should be taken as a tool for Educational and Journalistic purposes. Used for learning. Please Drive Safe Stay Safe!  Road Rage |  Hit and Run | Bad Drivers  ,Brake Check, Cars | Dash Cam 923 Submit your videos to submit.revitup@gmail.com ▶️All videos belong to their respective owners / holders. Credits for the video(Thank you). ilmswilliams https://youtu.be/c7aV9rywKlk?si=Zwa6QKDQ43v-4lwJ\ Idiots walk across street in traffic  DanRLitCO https://youtu.be/wBJtLrWPu1M?si=ADbGZ_qU6U8i6SAR driveshaft mayhem  DanRLitCO https://youtu.be/0ewFahM1rZs?si=-Jvyk1JWKLasW03A Don't be this guy #60  a62dave https://youtu.be/HJKXIpFlrnQ?si=5xfhnC2vWhWb3gxk 2026 08 17 0932 Almost got sideswiped at Litchfield and Bell  olePigeon https://youtu.be/RZSke1Mk69c?si=3We-pxmgULJBdwrH Near Miss on 237 - 07 Nov 2022  jinglebells323 https://youtu.be/2Fw41nFSG_k?si=YqOt8hg8WP-ypfll Illegal bikers, no helmets, then chased by Police!  Bad Drivers Arizona https://youtu.be/fGZJdW-DICQ?si=B85goyZHntAAM4Zb Every single day  Christian F. Hempelmann https://youtu.be/DSuOXhyOuoo?si=luDgrXjDywKB95Bn Dallas 8/9/2026 running red light  maynardvilleboy https://youtu.be/lq_oVPx08Gs?si=1H5kkLAjvYepNf0- Close call on way to work  Ken's Crescent Springs Service https://youtu.be/UbNltyyoMV4?si=GFhflaO5aO7rTa8j Man switches lane into our tow truck  Katie Bingman https://youtu.be/54Hj0gmj6Uw?si=GcPp8EaU5-1k-LEm Truck goes in ditch  KCCrazycam https://youtu.be/7bPxg9J1ydU?si=zRMbZW2ajESW-Xa9 Lowes Truck Close Call  skippybdog https://youtu.be/hNeDaob5OTY?si=UJNVROZRn_I9CJec Near pedestrian accident  Chance Independent Journalist https://youtu.be/UDJSzcTAzb0?si=1TgCi713KbjJ_EH4 Pay Attention  Frederick Granado https://youtu.be/DNRF8Tkt560?si=Ti5HSO1l9zmq79cO 4Runner Dashcam - Road Rage or What?  Shawna Marcus https://youtu.be/x4m111S1qLA?si=BuyCS7JeN2A3cCte Bad drivers part 5  Michael Candela https://youtu.be/eyVst-LMpGM?si=bECEwzyPISQ2x4C_ Black SUV cuts me off in the turn lane Ashtabula, Ohio 44004 8/5/2026  Michael Candela https://youtu.be/-P0jaSriwgw?si=rjvWu9eZ19GfQfUE Black SUV gets pulled over by North Kingsville Police 8/11/2026  George Aranda https://youtu.be/DStrYI4WCYU?si=H0OKoxBRl4f1pXra Dash cam footage  Sixtynining Chipmunks https://youtu.be/Qok4Iq3Yt0o?si=DfdOs4ujcINBAHLb Car accident in Berlin, Ohio (August 12, 2026)  Ceaser Jordan https://youtu.be/rbSzF1bizHE?si=dNJdzK8mVsx-VLMR Preggo Hit Me  FotoStephen https://youtu.be/SB0uhOGEZ9U?si=2E4uM67PZVYlrOG9 Parts flying on the RV  ⏱️ Timestamps [00:00] - Intro [00:03] - a62dave [00:26] - Shawna Marcus [00:39] - Chance Independent Journalist [00:50] - ilmswilliams [01:02] - Christian F. Hempelmann [01:17] - olePigeon [01:37] - Bad Drivers Arizona [02:01] - skippybdog [02:36] - Nikki S [02:48] - DanRLitCO [03:51] - FotoStephen [04:01] - Ceaser Jordan [04:15] - Katie Bingman [04:37] - Michael Candela [05:26] - KCCrazycam [05:39] - maynardvilleboy [05:53] - Ken's Crescent Springs Service [06:09] - Frederick Granado [06:27] - Sixtynining Chipmunks [06:40] - George Aranda [07:40] - jinglebells323 Thankyou! Please feel free to contact for any query or clarifications related to video/descriptions/credits : submit.revitup@gmail.com","[{'title': 'Intro', 'timestamp': '0:00:00'}, {'title': 'a62dave', 'timestamp': '0:00:03'}, {'title': 'Shawna Marcus', 'timestamp': '0:00:26'}, {'title': 'Chance Independent Journalist', 'timestamp': '0:00:39'}, {'title': 'ilmswilliams', 'timestamp': '0:00:50'}, {'title': 'Christian F. Hempelmann', 'timestamp': '0:01:02'}, {'title': 'olePigeon', 'timestamp': '0:01:17'}, {'title': 'Bad Drivers Arizona', 'timestamp': '0:01:37'}, {'title': 'skippybdog', 'timestamp': '0:02:01'}, {'title': 'Nikki S', 'timestamp': '0:02:36'}, {'title': 'DanRLitCO', 'timestamp': '0:02:48'}, {'title': 'FotoStephen', 'timestamp': '0:03:51'}, {'title': 'Ceaser Jordan', 'timestamp': '0:04:01'}, {'title': 'Katie Bingman', 'timestamp': '0:04:15'}, {'title': 'Michael Candela', 'timestamp': '0:04:37'}, {'title': 'KCCrazycam', 'timestamp': '0:05:26'}, {'title': 'maynardvilleboy', 'timestamp': '0:05:39'}, {'title': ""Ken's Crescent Springs Service"", 'timestamp': '0:05:53'}, {'title': 'Frederick Granado', 'timestamp': '0:06:09'}, {'title': 'Sixtynining Chipmunks', 'timestamp': '0:06:27'}, {'title': 'George Aranda', 'timestamp': '0:06:40'}, {'title': 'jinglebells323', 'timestamp': '0:07:40'}]",17,04092026
88,JyDBeWeUGvM,"BEST OF SEMI-TRUCKS ROAD RAGE 2026 | Road Rage, Brake Checks, Karens | PART 9",15032026,UCnetiRHPnIMBCm-yY4m69qA,638547,🛑 Submit your clips: https://dashcamlessons.com/  ⚫Looking for a dashcam for your car? We recommend VIOFO: A229 Pro: https://amzn.to/3W2Lnzi (5% off discount code: DLESSONS229 ) A119M Pro: https://amzn.to/4scZvE9 (5% off discount code: DLESSONSMP )  ⚫ Contact me at dashcamlessons@gmail.com  ⚫ Links to the original videos:  1. u/AhmedYIRadwan  2. littlefoot7979 - https://youtu.be/9zpo5VG47-A  3. Russell Argue - https://youtu.be/SVxodk2GLI0 --- cutoff and brake check   4. wolf dances - https://youtu.be/cEXg7vfpSXQ  5. Anonymous  6. Rambler88 - https://youtu.be/BfE502-oGD0 --- Idiots  7. wolf dances - https://youtu.be/1yqx88uYQt8  8. Anonymous  9. Anonymous  10. LondonUnderground186 - https://youtu.be/7xu_IaV-uGQ  11. Trucking G. - https://www.youtube.com/@realtrucking  12. SappersLTWay - https://youtu.be/zoSopSDCGKP4  13. littlefoot7979 - https://youtu.be/7m_u3QhiX4Y  14. Trucker95 - https://youtu.be/zrgt04oYb5VY   15. wolf dances - https://www.youtube.com/@wolfsquared  16. kleva sole - https://youtu.be/bvoLzhH8CMc  17. DieselFred - https://youtu.be/LjLwHvvFz9I  18. Up North Shore MN  19. Anonymous  20. Sam V  21. MWShannon  22. aw780 - https://youtu.be/TdPujYxeoZ8  23. u/WhoaTeejaay  24. u/Lennysleeps  25. u/mrittenhouse84  26. Payload and Pistons - https://youtu.be/9yeKidvtgE8  27. Nolan Chamberlain - https://youtu.be/yUG5kqO3rLg  28. u/Relandis   ⚫ My socials: Instagram: https://www.instagram.com/dashcamlessons/ TikTok: https://www.tiktok.com/@dashcamlessons Facebook: https://www.facebook.com/dashcamlessons  ⚫ Intro song: My Country - Ben Bostick,[],17,02092026
89,_pqIwuFNJCY,CollisionCam's Crash Compilation | April 2026,05052026,UCKba91308wA0Ms_UpFKDFqg,822402,"In this educational analysis, you'll witness crash footage captured on our CollisionCam cameras to raise awareness for safer driver habits in the areas we serve. If you're ever involved in a crash, let us know and we'll get you the accident footage! Have an accident prone location in mind? Let us know in the comments and we'll work on getting a camera installed there!",[],17,02092026
90,aRzJ_v6vpK8,SUV DRIVER BRAKE CHECKS OUT OF NOWHERE - 934 | Driving Fails,14042026,UCKIrZr7WuPFgFy7OfkAuHOw,33354,"Welcome to the wildest dashcam compilation yet. In this video, we’re breaking down the best car crashes, brutal road rage, and mind-boggling bad drivers from across the USA and Canada.  Treat this as a quick driving school lesson on what NOT to do out there on the roads. In this video, we analyze these dangerous situations to help you learn how to drive more defensively, identify potential hazards before they happen, and understand the critical mistakes that lead to these accidents. Stay safe and watch closely - there is a lesson in every clip.  ✪ Submit your Dashcam video for the feature here: https://megadrivingschool.com/submit Or sent to Email: megadrivingschoolyt@gmail.com  Got an Issue? Email me: megadrivingschoolyt@gmail.com  What you'll see in this caught on dashcam video: 00:00 SUV Driver Brake Checks Car Out of Nowhere 00:20 Driving Fail Caught on Camera 00:39 Distracted Driver Drifts Into Lane on Dashcam 00:58 Dashcam Caught 01:14 Suspected Drunk Driver Fails to Maintain Lane 01:32 Driver Not Paying Attention Causes Crash 01:58 Distracted Driver Swerves Into Near Head On Crash 02:22 Dashcam Footage 02:52 Driver Fails to Yield in Traffic Circle 03:08 Truck Driver Inches Forward Causing Close Call 03:27 Fender Bender Happens Right in Front of Cop 03:48 Truck Driver Runs Red Light Crashes on Dashcam 04:09 Driving Fail Caught on Camera 04:36 Road Rage Driver Attacks and Crashes Into Car 05:35 Sanitation Truck Driver Hits Traffic Light 05:53 Dashcam Caught 06:06 Truck Driver Fails to Stop Almost Hits Cyclist 06:22 Dashcam Footage 06:40 Bus Driver Crash Caught on Dashcam 06:58 Wrong Way Driver Continues Down Divided Highway 07:18 Driver Hits Motorcycle on Dashcam 07:35 Driver Spins Out Then Blames Other Car 08:06 Driver Refuses Zipper Merge Causing Danger 08:26 Driver Runs Red Light Like It Is Optional 08:42 Distracted Driver Causes Risk on Open Road 08:59 Dashcam Caught 09:33 High Speed Chase Driver Crashes Stolen Truck 10:49 End  #dashcam #car #automobile  ------------------------------------------------------------------------- Educational Disclaimer: These car crashes in usa and Canada are curated strictly for traffic safety analysis, accident awareness, and educational purposes. Drive safe!","[{'title': 'SUV Driver Brake Checks Car Out of Nowhere', 'timestamp': '0:00:00'}, {'title': 'Driving Fail Caught on Camera', 'timestamp': '0:00:20'}, {'title': 'Distracted Driver Drifts Into Lane on Dashcam', 'timestamp': '0:00:39'}, {'title': 'Dashcam Caught', 'timestamp': '0:00:58'}, {'title': 'Suspected Drunk Driver Fails to Maintain Lane', 'timestamp': '0:01:14'}, {'title': 'Driver Not Paying Attention Causes Crash', 'timestamp': '0:01:32'}, {'title': 'Distracted Driver Swerves Into Near Head On Crash', 'timestamp': '0:01:58'}, {'title': 'Dashcam Footage', 'timestamp': '0:02:22'}, {'title': 'Driver Fails to Yield in Traffic Circle', 'timestamp': '0:02:52'}, {'title': 'Truck Driver Inches Forward Causing Close Call', 'timestamp': '0:03:08'}, {'title': 'Fender Bender Happens Right in Front of Cop', 'timestamp': '0:03:27'}, {'title': 'Truck Driver Runs Red Light Crashes on Dashcam', 'timestamp': '0:03:48'}, {'title': 'Driving Fail Caught on Camera', 'timestamp': '0:04:09'}, {'title': 'Road Rage Driver Attacks and Crashes Into Car', 'timestamp': '0:04:36'}, {'title': 'Sanitation Truck Driver Hits Traffic Light', 'timestamp': '0:05:35'}, {'title': 'Dashcam Caught', 'timestamp': '0:05:53'}, {'title': 'Truck Driver Fails to Stop Almost Hits Cyclist', 'timestamp': '0:06:06'}, {'title': 'Dashcam Footage', 'timestamp': '0:06:22'}, {'title': 'Bus Driver Crash Caught on Dashcam', 'timestamp': '0:06:40'}, {'title': 'Wrong Way Driver Continues Down Divided Highway', 'timestamp': '0:06:58'}, {'title': 'Driver Hits Motorcycle on Dashcam', 'timestamp': '0:07:18'}, {'title': 'Driver Spins Out Then Blames Other Car', 'timestamp': '0:07:35'}, {'title': 'Driver Refuses Zipper Merge Causing Danger', 'timestamp': '0:08:06'}, {'title': 'Driver Runs Red Light Like It Is Optional', 'timestamp': '0:08:26'}, {'title': 'Distracted Driver Causes Risk on Open Road', 'timestamp': '0:08:42'}, {'title': 'Dashcam Caught', 'timestamp': '0:08:59'}, {'title': 'High Speed Chase Driver Crashes Stolen Truck', 'timestamp': '0:09:33'}, {'title': 'End', 'timestamp': '0:10:49'}]",17,04092026
91,YK7Y7peoZoA,Idiots In Cars 422,19072026,UCOS7jdle9zw_HnKW4ytZnDw,74701,"Dashcams don’t just record accidents, they show how close we come to them every day. It’s a wakeup call to stay focused, drive defensively, and never assume the other person’s paying attention. It is a reminder how fast things can change and why staying alert really matters. You don’t need a crash to learn from the videos, just seeing how quickly things go wrong is enough to make you drive with a little more caution and a lot more awareness.   📥Submit your video: https://forms.gle/NnPQSGG5PWUT8EBbA   📋All the clips featured in our channel are used with copyright owners' permission, if you have any inquiry regarding your clip, please contact us at: dashcamnationofficial@gmail.com   Special thanks to: AliTheGator Jay Garbonshio Rick B Grey Sonna SBarnowski ButterBytes HeyGooogle Anonymous Fuzzy Lenny   Nashville driver problem, near collision. - https://youtu.be/7qRl5DS_uZc BlackVue DR900S Camera Catches Video of Rear End Accident - https://youtu.be/i1trqRfWAQc Close call - Car jumped red light. - https://youtu.be/mr6MJcJDk6o   ‼️Dashcam Nation makes content to help viewers and those who drive be more vigilant while commuting to work, home, or even on trips. Our focus is to raise awareness and learn from others’ driving mistakes. We truly believe this footage can serve as an educational and informational guide for viewers to analyze and evaluate situations. Remember, when you’re on the road, incidents can happen in the blink of an eye. So, please stay safe and vigilant while driving, and pay attention to road conditions and other vehicles. ‼️    #dashcam #roadrage #northamerica",[],16,02092026
92,g_io5_nka10,BEST OF COLORADO DRIVERS |  20 Minutes of Road Rage & Bad Drivers |  PART 3,15082026,UCnetiRHPnIMBCm-yY4m69qA,154954,🛑 Submit your clips: https://dashcamlessons.com/  ⚫Looking for a dashcam for your car? We recommend VIOFO: A229 Pro: https://amzn.to/3W2Lnzi (5% off discount code: DLSA229P ) A119M Pro: https://amzn.to/4scZvE9 (5% off discount code: DLS119MP )  ⚫ Contact me at dashcamlessons@gmail.com  ⚫ Links to the original videos:  1. u/empiricalpepper 2. FH 3. lan 4. Brandon Mullins - https://youtu.be/qtvv-JZ1yEM 5. Grant Raborn - https://youtu.be/6qZfzXoSFjI 6. ohiO6God 7. u/artifactworld37 8. bpanem 9. Anonymous 10. Anonymous 11. u/Fartstream 12. IG @5280rallywrx 13. Matthew 14. WineTimeAndPumkinPieLover on Facebook 15. Phil Gilchrist - https://youtu.be/Soz5Pzjm7L4 16. Anonymous 17. Anonymous 18. ATW - https://youtu.be/prs-1FmV9Ss 19. Anonymous 20. u/Digiborg 21. CCook08 22. CCook08 23. Anonymous 24. u/Skrapidilly 25. u/dangermouse-87 26. DE THE WORLD 27. Anonymous 28. u/xcircledotdotdot 29. Moosen - https://youtu.be/dUEGHTXdVEs 30. Anonymous 31. nitroplayz101 - https://youtu.be/U4Kta_TbhqQ 32. Cameron nest cam 33. Anonymous 34. Anonymous 35. WhiteSubi16 36. DanRLitCO - https://youtu.be/3d3ZOxPc_EU 37. Kurtisblu 38. Diesel Madman 39. Karak H 40. u/empiricalpepper 41. M TheWolf - https://youtu.be/puE28clltNg 42. problem_squad 43. u/hanannekko 44. Anonymous 45. WhiteSubi16 46. Anonymous 47. u/Internity 48. ATW - https://youtu.be/t8uJixNRNvY 49. Anonymous 50. u/gkspike 51. YodaTaco  ----- YouTube Video Chapters ----- [00:00] - 1. u/empiricalpepper [00:23] - 2. FH [01:31] - 3. lan [01:53] - 4. Brandon Mullins [02:09] - 5. Grant Raborn [02:22] - 6. ohiO6God [02:37] - 7. u/artifactworld37 [03:03] - 8. bpanem [03:50] - 9. Anonymous [04:11] - 10. Anonymous [04:55] - 11. u/Fartstream [05:09] - 12. IG @5280rallywrx [05:27] - 13. Matthew [06:22] - 14. WineTimeAndPumkinPieLover on Facebook [06:38] - 15. Phil Gilchrist [07:23] - 16. Anonymous [07:48] - 17. Anonymous [08:10] - 18. ATW [08:28] - 19. Anonymous [09:26] - 20. u/Digiborg [09:52] - 21. CCook08 [10:12] - 22. CCook08 [10:31] - 23. Anonymous [10:49] - 24. u/Skrapidilly [11:05] - 25. u/dangermouse-87 [11:25] - 26. DE THE WORLD [11:53] - 27. Anonymous [12:10] - 28. u/xcircledotdotdot [12:33] - 29. Moosen [13:00] - 30. Anonymous [13:12] - 31. nitroplayz101 [13:27] - 32. Cameron nest cam [13:40] - 33. Anonymous [14:15] - 34. Anonymous [14:29] - 35. WhiteSubi16 [14:49] - 36. DanRLitCO [15:00] - 37. Kurtisblu [15:14] - 38. Diesel Madman [15:52] - 39. Karak H [16:14] - 40. u/empiricalpepper [16:25] - 41. M TheWolf [16:53] - 42. problem_squad [17:17] - 43. u/hanannekko [17:35] - 44. Anonymous [17:52] - 45. WhiteSubi16 [18:00] - 46. Anonymous [18:22] - 47. u/Internity [19:37] - 48. ATW [19:49] - 49. Anonymous [20:03] - 50. u/gkspike [20:12] - 51. YodaTaco [20:35] - 52. Chapter 52   ⚫ My socials: Instagram: https://www.instagram.com/dashcamlessons/ TikTok: https://www.tiktok.com/@dashcamlessons Facebook: https://www.facebook.com/dashcamlessons  ⚫ Intro song: My Country - Ben Bostick,"[{'title': '1. u/empiricalpepper', 'timestamp': '0:00:00'}, {'title': '2. FH', 'timestamp': '0:00:23'}, {'title': '3. lan', 'timestamp': '0:01:31'}, {'title': '4. Brandon Mullins', 'timestamp': '0:01:53'}, {'title': '5. Grant Raborn', 'timestamp': '0:02:09'}, {'title': '6. ohiO6God', 'timestamp': '0:02:22'}, {'title': '7. u/artifactworld37', 'timestamp': '0:02:37'}, {'title': '8. bpanem', 'timestamp': '0:03:03'}, {'title': '9. Anonymous', 'timestamp': '0:03:50'}, {'title': '10. Anonymous', 'timestamp': '0:04:11'}, {'title': '11. u/Fartstream', 'timestamp': '0:04:55'}, {'title': '12. IG @5280rallywrx', 'timestamp': '0:05:09'}, {'title': '13. Matthew', 'timestamp': '0:05:27'}, {'title': '14. WineTimeAndPumkinPieLover on Facebook', 'timestamp': '0:06:22'}, {'title': '15. Phil Gilchrist', 'timestamp': '0:06:38'}, {'title': '16. Anonymous', 'timestamp': '0:07:23'}, {'title': '17. Anonymous', 'timestamp': '0:07:48'}, {'title': '18. ATW', 'timestamp': '0:08:10'}, {'title': '19. Anonymous', 'timestamp': '0:08:28'}, {'title': '20. u/Digiborg', 'timestamp': '0:09:26'}, {'title': '21. CCook08', 'timestamp': '0:09:52'}, {'title': '22. CCook08', 'timestamp': '0:10:12'}, {'title': '23. Anonymous', 'timestamp': '0:10:31'}, {'title': '24. u/Skrapidilly', 'timestamp': '0:10:49'}, {'title': '25. u/dangermouse-87', 'timestamp': '0:11:05'}, {'title': '26. DE THE WORLD', 'timestamp': '0:11:25'}, {'title': '27. Anonymous', 'timestamp': '0:11:53'}, {'title': '28. u/xcircledotdotdot', 'timestamp': '0:12:10'}, {'title': '29. Moosen', 'timestamp': '0:12:33'}, {'title': '30. Anonymous', 'timestamp': '0:13:00'}, {'title': '31. nitroplayz101', 'timestamp': '0:13:12'}, {'title': '32. Cameron nest cam', 'timestamp': '0:13:27'}, {'title': '33. Anonymous', 'timestamp': '0:13:40'}, {'title': '34. Anonymous', 'timestamp': '0:14:15'}, {'title': '35. WhiteSubi16', 'timestamp': '0:14:29'}, {'title': '36. DanRLitCO', 'timestamp': '0:14:49'}, {'title': '37. Kurtisblu', 'timestamp': '0:15:00'}, {'title': '38. Diesel Madman', 'timestamp': '0:15:14'}, {'title': '39. Karak H', 'timestamp': '0:15:52'}, {'title': '40. u/empiricalpepper', 'timestamp': '0:16:14'}, {'title': '41. M TheWolf', 'timestamp': '0:16:25'}, {'title': '42. problem_squad', 'timestamp': '0:16:53'}, {'title': '43. u/hanannekko', 'timestamp': '0:17:17'}, {'title': '44. Anonymous', 'timestamp': '0:17:35'}, {'title': '45. WhiteSubi16', 'timestamp': '0:17:52'}, {'title': '46. Anonymous', 'timestamp': '0:18:00'}, {'title': '47. u/Internity', 'timestamp': '0:18:22'}, {'title': '48. ATW', 'timestamp': '0:19:37'}, {'title': '49. Anonymous', 'timestamp': '0:19:49'}, {'title': '50. u/gkspike', 'timestamp': '0:20:03'}, {'title': '51. YodaTaco', 'timestamp': '0:20:12'}, {'title': '52. Chapter 52', 'timestamp': '0:20:35'}]",16,04092026
93,OT6lpACFugY,BEST OF THE MONTH | Road Rage Moments and Bad Drivers Compilation | APRIL 2026,02052026,UCnetiRHPnIMBCm-yY4m69qA,131990,🛑 Submit your clips: https://dashcamlessons.com/  ⚫Looking for a dashcam for your car? We recommend VIOFO: A229 Pro: https://amzn.to/3W2Lnzi (5% off discount code: DLESSONS229 ) A119M Pro: https://amzn.to/4scZvE9 (5% off discount code: DLESSONSMP )  ⚫ Contact me at dashcamlessons@gmail.com  ⚫ Links to the original videos:  1. ohn Wall - https://youtu.be/zdGlbvLUZuTg  2. u/JackyMac  3. K80  4. Anonymous  5. Anonymous  6. LPGames - https://youtu.be/zTI-q57UGq4g --- Road Rage Caught on Dashcam  7. u/Don-Logioni  8. Artura H  9. Anonymous  10. Anonymous  11. u/aharris17171717  12. u/sea-intrudiction-706  13. Don Feerer  14. Anonymous  15. MWShannon  16. M.P  17. Bad Drivers of South Central PA - https://youtu.be/xvp0MJ9lMVw  18. Bass Turd - https://youtu.be/3HDgjThA-CY  19. John Tran - https://youtu.be/nsOq9ajQ57s --- Dashcam Video  20. Kevin Kallmeyer - https://youtu.be/8fAaULhE0kE --- Entitled Woman  21. u/s4il0rm4rs  22. u/Slowertrain  23. Anonymous  ⚫ My socials: Instagram: https://www.instagram.com/dashcamlessons/ TikTok: https://www.tiktok.com/@dashcamlessons Facebook: https://www.facebook.com/dashcamlessons  ⚫ Intro song: My Country - Ben Bostick,[],16,02092026
94,-Q77EQXepoA,"BEST OF DASHCAM 2025 | Accidente, sicanari, depasiri la limita si Road Rage | DashcamVideosRomania",23122025,UCDQTQIn1TNe8nBZWEwXkNeQ,286489,"Vrei să ne trimiți clipurile tale? Trimite-le aici: https://forms.gle/fnuPpsmsWPRkYAbX8 ✅✅dashcamvideosromania@gmail.com ✅✅  (Condițiile de trimitere le găsești în descrierea canalului.)   ℹ️ Acest canal servește pentru divertisment și mai ales pentru informare! Dacă vrei să fie șters un clip, scrie-mi un email cu cererea ta.  📱 Urmărește-ne și pe:  • TikTok: @dashcamvideosromania  • Instagram: @dashcamvideosromania  👍 LIKE & ABONEAZĂ-TE pentru mai multe clipuri reale de pe drum! 🔔 Activează notificările să nu ratezi nimic!  #dashcam #romania #accident #dashcamromania",[],16,02092026
95,2nIalzQzUcA,BEST OF DASHCAM FRANCE 2025,31122025,UCL1_P4qt1IWTax_tEsyr09w,231561,"BEST OF DASHCAM FRANCE 2025  #dashcamfrance #crash #roadrage #accident #accidentfrance  Comportements dangereux Accidents, Road rage  Merci à ces chaînes pour l'autorisation de partager leur vidéos. Abonnez vous !   ___________________________________________ Si vous avez des extraits vidéos de dashcam dans ce genre vous pouvez me les envoyer ici 👇 🔴 Mail:dashcamfrance131@gmail.com 🟠 Wetransfer :  https://wetransfer.com/ ___________________________________________  Chaîne originale   Dashcam 347 https://www.youtube.com/@UCD3czsKN9b7Cgg5oqxC-5Ww   Dashcam France Nord  https://www.youtube.com/@UCY9-JfTergudrEP7JkVjocg   Joachim en dashcam France https://www.youtube.com/@UCeBa4EDPIzy9HXGJ1wqv6QQ   Jérôme Chevance (tiktok)  https://www.tiktok.com/@jerome.chevance   Sputnik 99 https://www.youtube.com/@UCdX5O7pqTx4Itpj87tUApXg   mat 31 https://www.youtube.com/@UCt3cWOvbnC4uQZ9SLqh9HNw   nininho_33 (tiktok)  https://www.tiktok.com/@nininho_33  Balou Dashcam https://www.youtube.com/@UCv1MVftSTYHamDS670tQoaw   Angry Driver https://www.youtube.com/@UC4xLPTxtxLcyOQNizUvaLYA   DashGirl https://www.youtube.com/@UC3rql61X___sJ_-hpiRCSxg   Gentil Grizzli https://www.youtube.com/@UCbpY1SKOjN3yGiEV-W4MwEw   Nico_P https://www.youtube.com/@UCTeznV9ZiKhgI3sR3jbh7CQ   Dash NDF https://www.youtube.com/@UCDoNjDJ8n8im4FscLaZrgAg  __________________________________________ Logiciels Vidéo utilisé : Adobe Première Pro 26 , Canva",[],16,02092026
96,AUmpVzPnkz4,Idiots In Cars 428,18082026,UCOS7jdle9zw_HnKW4ytZnDw,66700,"Dashcams don’t just record accidents, they show how close we come to them every day. It’s a wakeup call to stay focused, drive defensively, be more cautious, and never assume the other person’s paying attention. It is a reminder how fast things can change and why staying alert really matters. You don’t need a crash to learn from the videos, just seeing how quickly things go wrong is enough to make you drive with a little more caution and a lot more awareness.   📋All the clips featured in our channel are used with copyright owners' permission, if you have any inquiry regarding your clip, please contact us at: dashcamnationofficial@gmail.com   📥Submit your video: https://forms.gle/NnPQSGG5PWUT8EBbA    Shoutout to: https://www.youtube.com/@Everydays_kaleidoscope    Special thanks to: Scurlock Beck M Kathy Michael Kevin Robinson LittleLeeLou James Tucker MJ isa Maxwell TheGhostOf95 BMO2 remo Mizuki    Accident - https://youtu.be/ngS_0k9zRPI Hit and Run caught on Dashcam - https://youtu.be/ntDl0j8WuGU Car accident in Miami 73 av and NW 12 st - https://youtu.be/joCSINei39M Changing lanes - https://youtu.be/96NsXdVPYl8 New Driver Causes Accident And Refuses To Give Insurance & ID- Edmonton, Alberta 🇨🇦 - https://youtu.be/l8_kCX78jog Why you need a dashcam with BOTH front and rear cameras. Multi-car collison on 5FWY. - https://youtu.be/ChWdN--lj6I    ‼️Dashcam Nation makes content to help viewers and those who drive be more observant while commuting to work, home, or even on trips. Our focus is to raise awareness and learn from others’ driving mistakes and anticipate them. Remember, when you’re on the road, incidents can happen in the blink of an eye. So, please stay safe and vigilant while driving, and pay attention to road conditions. Our videos will help you know what to keep an eye out for.‼️    #dashcam #dashcamvideos #dashcamvideo",[],15,02092026
97,-GeZe_4y3zg,Accidents involving caravans and car trailers #1 || Cars Accidents,21042023,UC15ZQoPUmwmbWuGsea5FnvA,196419,"Accidents with caravans and trailers, some of them with minor damage and others of which end in accidents. Accidents caused by drivers pulling these trailers due to distraction and misjudgment of situations or other road users are at fault. The incidents happened on highways, intersections, gas stations and other places. Be careful on the road no matter what vehicle you're in or whether you're towing an add-on behind you.  ✅  Copyright Disclaimer We do not fully own the material collected in this video. Belongs to individuals or organizations that deserve respect. We use it according to: Copyright Disclaimer Section 107 of the Copyright Act 1976 ""fair use"" is permitted for purposes such as criticism, commentary, news reporting, education. , scholarship and research.",[],15,02092026
98,-8xrk0F39V0,ONE WRONG MOVE LED TO THIS DALLAS CRASH! - 960,13052026,UCKIrZr7WuPFgFy7OfkAuHOw,36767,"The wildest dashcam compilation 2026 is here. We’re breaking down the best of car crashes 2026, brutal road rage, and mind-boggling bad drivers across the USA and Canada. Treat this as a quick driving school lesson on what NOT to do out there on the roads.   ✪ Submit your Dashcam video for the feature here: https://megadrivingschool.com/submit Or sent to Email: megadrivingschoolyt@gmail.com  Got an Issue? Email me: megadrivingschoolyt@gmail.com  Chapters: 1. 00:00 E Scooter Driver Nearly Hits Cop on Dashcam 2. 00:17 Driving Fail Caught on Camera 3. 00:41 Near Miss on I135 Caught on Dashcam 4. 00:59 Dashcam Caught on Camera 5. 01:30 Driver Forgets Blinker Causes Close Call 6. 01:48 Red Light Driver Nearly Causes Intersection Crash 7. 02:16 Frisco Police Crash Caught on Dashcam 8. 02:41 ONE WRONG MOVE LED TO THIS DALLAS CRASH! 9. 03:08 Police Chase Through Pontiac Michigan 10. 03:47 Dash Cam Fails 11. 04:07 Truck Driver Avoids Idiots on Highway Daily 12. 04:22 Dashcam Lessons Footage 13. 04:47 Driver Goes Wrong Way During Confusion 14. 05:03 Driving Fail Caught on Camera 15. 05:29 Dashcam Caught on Camera 16. 05:47 Multi Car Crash on I880 North Dashcam 17. 06:11 Dash Cam Fails 18. 06:33 Distracted Tesla Driver Crashes in Parking Garage 19. 06:59 Driving Fail Caught on Camera 20. 07:27 Major Wreck on I15 Everyone Walked Away 21. 07:51 Tow Truck Driver Nearly Causes Semi Crash 22. 08:16 Driver Turns Into Wrong Lane Hits Car 23. 08:36 SUV Driver Refuses to Let Car Merge 24. 08:54 Red Light Runner Crashes in Oakland 25. 09:18 Tiny Fender Bender Caught on Dashcam 26. 09:37 Driver Makes Dangerous U Turn in Traffic 27. 09:57 Pickup Truck Driver Gets Out Yelling 28. 10:57 End  #dashcam #car #automobile","[{'title': '1..E Scooter Driver Nearly Hits Cop on Dashcam', 'timestamp': '0:00:00'}, {'title': '2..Driving Fail Caught on Camera', 'timestamp': '0:00:17'}, {'title': '3..Near Miss on I135 Caught on Dashcam', 'timestamp': '0:00:41'}, {'title': '4..Dashcam Caught on Camera', 'timestamp': '0:00:59'}, {'title': '5..Driver Forgets Blinker Causes Close Call', 'timestamp': '0:01:30'}, {'title': '6..Red Light Driver Nearly Causes Intersection Crash', 'timestamp': '0:01:48'}, {'title': '7..Frisco Police Crash Caught on Dashcam', 'timestamp': '0:02:16'}, {'title': '8..ONE WRONG MOVE LED TO THIS DALLAS CRASH!', 'timestamp': '0:02:41'}, {'title': '9..Police Chase Through Pontiac Michigan', 'timestamp': '0:03:08'}, {'title': '10..Dash Cam Fails', 'timestamp': '0:03:47'}, {'title': '11..Truck Driver Avoids Idiots on Highway Daily', 'timestamp': '0:04:07'}, {'title': '12..Dashcam Lessons Footage', 'timestamp': '0:04:22'}, {'title': '13..Driver Goes Wrong Way During Confusion', 'timestamp': '0:04:47'}, {'title': '14..Driving Fail Caught on Camera', 'timestamp': '0:05:03'}, {'title': '15..Dashcam Caught on Camera', 'timestamp': '0:05:29'}, {'title': '16..Multi Car Crash on I880 North Dashcam', 'timestamp': '0:05:47'}, {'title': '17..Dash Cam Fails', 'timestamp': '0:06:11'}, {'title': '18..Distracted Tesla Driver Crashes in Parking Garage', 'timestamp': '0:06:33'}, {'title': '19..Driving Fail Caught on Camera', 'timestamp': '0:06:59'}, {'title': '20..Major Wreck on I15 Everyone Walked Away', 'timestamp': '0:07:27'}, {'title': '21..Tow Truck Driver Nearly Causes Semi Crash', 'timestamp': '0:07:51'}, {'title': '22..Driver Turns Into Wrong Lane Hits Car', 'timestamp': '0:08:16'}, {'title': '23..SUV Driver Refuses to Let Car Merge', 'timestamp': '0:08:36'}, {'title': '24..Red Light Runner Crashes in Oakland', 'timestamp': '0:08:54'}, {'title': '25..Tiny Fender Bender Caught on Dashcam', 'timestamp': '0:09:18'}, {'title': '26..Driver Makes Dangerous U Turn in Traffic', 'timestamp': '0:09:37'}, {'title': '27..Pickup Truck Driver Gets Out Yelling', 'timestamp': '0:09:57'}, {'title': '28..End', 'timestamp': '0:10:57'}]",15,04092026
99,FvXy5qFsAKQ,Idiots In Cars 424,29072026,UCOS7jdle9zw_HnKW4ytZnDw,124783,"Dashcams don’t just record accidents, they show how close we come to them every day. It’s a wakeup call to stay focused, drive defensively, and never assume the other person’s paying attention. It is a reminder how fast things can change and why staying alert really matters. You don’t need a crash to learn from the videos, just seeing how quickly things go wrong is enough to make you drive with a little more caution and a lot more awareness.   📋All the clips featured in our channel are used with copyright owners' permission, if you have any inquiry regarding your clip, please contact us at: dashcamnationofficial@gmail.com   📥Submit your video: https://forms.gle/NnPQSGG5PWUT8EBbA   Special thanks to: Larry Apjp23 Skylar james Caitlin Mateus omar_chvz Archie Andrew Typhoon467   McDonald's Car Crash with rage - https://youtu.be/2EXcWv1EYIs Cadillac VS Ford - https://youtu.be/hrTDuChWMGw Crazy Double Yellow Line Passer - https://youtu.be/KGNU78OmquY Why would you flip me off if you know you’re in the wrong? - https://youtu.be/EF9nSWUylAU Mini Van wasn't paying attention lol - https://youtu.be/0hcqK8vQq7I Bradfords Building Supplies Road Rage Incident - https://youtu.be/223YBy8nBeg pennsylvania motherf**ker - https://youtu.be/3BhZd6NbGec   ‼️Dashcam Nation makes content to help viewers and those who drive be more vigilant while commuting to work, home, or even on trips. Our focus is to raise awareness and learn from others’ driving mistakes. We truly believe this footage can serve as an educational and informational guide for viewers to analyze and evaluate situations. Remember, when you’re on the road, incidents can happen in the blink of an eye. So, please stay safe and vigilant while driving, and pay attention to road conditions and other vehicles. ‼️   #dashcam #roadrage #baddrivers",[],14,02092026
100,zewRFZ0g8zw,SUSPENDED CAR DRIVER BRAKE CHECKS & HITS ME - 1034 | Driving Fails,25082026,UCKIrZr7WuPFgFy7OfkAuHOw,18674,"Welcome to the wildest dashcam compilation yet. In this video, we’re breaking down the best car crashes, brutal road rage, and mind-boggling bad drivers from across the USA and Canada.  Treat this as a quick driving school lesson on what NOT to do out there on the roads. In this video, we analyze these dangerous situations to help you learn how to drive more defensively, identify potential hazards before they happen, and understand the critical mistakes that lead to these accidents. Stay safe and watch closely - there is a lesson in every clip.  ✪ Submit your Dashcam video for the feature here: https://megadrivingschool.com/submit Or sent to Email: megadrivingschoolyt@gmail.com  Got an Issue? Email me: megadrivingschoolyt@gmail.com  What you'll see in this caught on dashcam video: 1. 00:00 Toyota Driver Cuts In Then Brake Checks Car 2. 00:40 Hit and Run Collision on I79 Dashcam 3. 00:58 Driver Takes Wet Turn Too Fast and Hits Curb 4. 01:16 Red Light Runner T Bones Dodge Durango 5. 01:30 Driving Fail Caught on Camera 6. 01:45 Dashcam Caught on Camera 7. 02:06 Flying Tire Hits Ford Escape on I270 8. 02:32 Truck and Car Collision on I295 Jacksonville 9. 02:52 Dashcam Saves Driver From Reckless Driving Charges 10. 03:19 Dash Cam Fails 11. 03:35 Driver Cuts Across Turn Lane Nearly Causes Crash 12. 03:57 Dashcam Lessons Footage 13. 04:19 Spectrum Van Takes Out Stop Sign 14. 04:34 Red Car Could Have Easily Avoided This Crash 15. 04:51 Drivers Exchange Insurance After Car Crash 16. 05:17 Lane Weaving Driver Causes Hit and Run 17. 05:45 Dashcam Could Decide Fault After Vancouver Crash 18. 06:10 Driving Fail Caught on Camera 19. 06:25 Dangerous Driving Happens More Than You Think 20. 06:39 Two Red Light Runners Cause Near Miss 21. 06:54 Rollover Crash Caught on Dashcam 22. 07:18 Driver Meets Someone Just as Petty 23. 07:54 Driver Cuts Off Truck Then Gets Pulled Over 24. 08:20 Nissan Driver Tries Cutting the Line 25. 08:36 Driver Fails Highway Merge Nearly Hits Semi 26. 08:49 Mercedes Driver Fails at New Roundabout 27. 09:09 Geese Take Over the Road on Dashcam 28. 09:31 Driver Gets Spun Around in Highway Crash 29. 09:55 End   #dashcam #car #automobile  ------------------------------------------------------------------------- Educational Disclaimer: These car crashes in usa and Canada are curated strictly for traffic safety analysis, accident awareness, and educational purposes. Drive safe!","[{'title': '1..Toyota Driver Cuts In Then Brake Checks Car', 'timestamp': '0:00:00'}, {'title': '2..Hit and Run Collision on I79 Dashcam', 'timestamp': '0:00:40'}, {'title': '3..Driver Takes Wet Turn Too Fast and Hits Curb', 'timestamp': '0:00:58'}, {'title': '4..Red Light Runner T Bones Dodge Durango', 'timestamp': '0:01:16'}, {'title': '5..Driving Fail Caught on Camera', 'timestamp': '0:01:30'}, {'title': '6..Dashcam Caught on Camera', 'timestamp': '0:01:45'}, {'title': '7..Flying Tire Hits Ford Escape on I270', 'timestamp': '0:02:06'}, {'title': '8..Truck and Car Collision on I295 Jacksonville', 'timestamp': '0:02:32'}, {'title': '9..Dashcam Saves Driver From Reckless Driving Charges', 'timestamp': '0:02:52'}, {'title': '10..Dash Cam Fails', 'timestamp': '0:03:19'}, {'title': '11..Driver Cuts Across Turn Lane Nearly Causes Crash', 'timestamp': '0:03:35'}, {'title': '12..Dashcam Lessons Footage', 'timestamp': '0:03:57'}, {'title': '13..Spectrum Van Takes Out Stop Sign', 'timestamp': '0:04:19'}, {'title': '14..Red Car Could Have Easily Avoided This Crash', 'timestamp': '0:04:34'}, {'title': '15..Drivers Exchange Insurance After Car Crash', 'timestamp': '0:04:51'}, {'title': '16..Lane Weaving Driver Causes Hit and Run', 'timestamp': '0:05:17'}, {'title': '17..Dashcam Could Decide Fault After Vancouver Crash', 'timestamp': '0:05:45'}, {'title': '18..Driving Fail Caught on Camera', 'timestamp': '0:06:10'}, {'title': '19..Dangerous Driving Happens More Than You Think', 'timestamp': '0:06:25'}, {'title': '20..Two Red Light Runners Cause Near Miss', 'timestamp': '0:06:39'}, {'title': '21..Rollover Crash Caught on Dashcam', 'timestamp': '0:06:54'}, {'title': '22..Driver Meets Someone Just as Petty', 'timestamp': '0:07:18'}, {'title': '23..Driver Cuts Off Truck Then Gets Pulled Over', 'timestamp': '0:07:54'}, {'title': '24..Nissan Driver Tries Cutting the Line', 'timestamp': '0:08:20'}, {'title': '25..Driver Fails Highway Merge Nearly Hits Semi', 'timestamp': '0:08:36'}, {'title': '26..Mercedes Driver Fails at New Roundabout', 'timestamp': '0:08:49'}, {'title': '27..Geese Take Over the Road on Dashcam', 'timestamp': '0:09:09'}, {'title': '28..Driver Gets Spun Around in Highway Crash', 'timestamp': '0:09:31'}, {'title': '29..End', 'timestamp': '0:09:55'}]",14,04092026
101,HUH3siKwESw,North American Car Crash Compilation - 914 | Driving Fails | Dash Cam USA,11032026,UCKIrZr7WuPFgFy7OfkAuHOw,23405,"The wildest dashcam caught compilation is here. We’re breaking down the best of car crashes, brutal road rage, and mind-boggling bad drivers across the USA and Canada.  Treat this as a quick driving school lesson on what NOT to do out there on the roads. In this video, we analyze these dangerous situations to help you learn how to drive more defensively, identify potential hazards before they happen, and understand the critical mistakes that lead to these accidents. Stay safe and watch closely - there is a lesson in every clip.  ✪ Submit your Dashcam video for the feature here: https://megadrivingschool.com/submit Or sent to Email: megadrivingschoolyt@gmail.com  Got an Issue? Email me: megadrivingschoolyt@gmail.com  Chapters: 00:00 No Words… Just Why Would You Do That 00:12 Driving Fail Caught on Camera 00:29 Pickup Hydroplanes While Exiting Interstate 00:53 School Bus Crash in Melrose Park IL 01:13 Close Call in Downtown Kansas City 01:29 Roundabout Crash Caused by Blind Spot 01:47 Road Rage Freakout at Cookies in Florida 02:47 Wet Road Panic Leads to Fishtailing Crash 03:17 New Driver Cuts Me Off and Pushes Me Onto Curb 03:36 Illegal U-Turn Totals My Car in California 03:59 Driver Blows Through Roundabout and I Slam Brakes 04:19 Airbag Deploys but Everyone Walks Away 04:44 Ladder Appears on Highway at 80 MPH 05:03 Distracted Driver Causes Highway Crash 05:22 Jeep Treats Stop Sign Like a Suggestion 05:36 Van Causes Crash Then Drives Away 06:01 Car Stops in Intersection, Insurance Fraud Attempt 06:14 Red-Light Left Turn Gets Driver Pulled Over 06:40 Dash Cam Footage 06:57 Single-Car Crash on RT9W in Cornwall NY 07:23 Distracted Driver Crawling on I-80 Almost Causes Crash 07:44 Crash in the “Can of Worms” Interchange 08:05 Dash Cam Caught 08:21 Hydroplaning Driver Takes Out Other Cars 08:48 Truck Stuck Under Railroad Overpass Again 09:04 Exit or Not? Driver Can’t Decide 09:20 Arkansas Trooper Ramming Incident on I-630 09:54 End    #dashcam #car #automobile","[{'title': 'No Words… Just Why Would You Do That', 'timestamp': '0:00:00'}, {'title': 'Driving Fail Caught on Camera', 'timestamp': '0:00:12'}, {'title': 'Pickup Hydroplanes While Exiting Interstate', 'timestamp': '0:00:29'}, {'title': 'School Bus Crash in Melrose Park IL', 'timestamp': '0:00:53'}, {'title': 'Close Call in Downtown Kansas City', 'timestamp': '0:01:13'}, {'title': 'Roundabout Crash Caused by Blind Spot', 'timestamp': '0:01:29'}, {'title': 'Road Rage Freakout at Cookies in Florida', 'timestamp': '0:01:47'}, {'title': 'Wet Road Panic Leads to Fishtailing Crash', 'timestamp': '0:02:47'}, {'title': 'New Driver Cuts Me Off and Pushes Me Onto Curb', 'timestamp': '0:03:17'}, {'title': 'Illegal U-Turn Totals My Car in California', 'timestamp': '0:03:36'}, {'title': 'Driver Blows Through Roundabout and I Slam Brakes', 'timestamp': '0:03:59'}, {'title': 'Airbag Deploys but Everyone Walks Away', 'timestamp': '0:04:19'}, {'title': 'Ladder Appears on Highway at 80 MPH', 'timestamp': '0:04:44'}, {'title': 'Distracted Driver Causes Highway Crash', 'timestamp': '0:05:03'}, {'title': 'Jeep Treats Stop Sign Like a Suggestion', 'timestamp': '0:05:22'}, {'title': 'Van Causes Crash Then Drives Away', 'timestamp': '0:05:36'}, {'title': 'Car Stops in Intersection, Insurance Fraud Attempt', 'timestamp': '0:06:01'}, {'title': 'Red-Light Left Turn Gets Driver Pulled Over', 'timestamp': '0:06:14'}, {'title': 'Dash Cam Footage', 'timestamp': '0:06:40'}, {'title': 'Single-Car Crash on RT9W in Cornwall NY', 'timestamp': '0:06:57'}, {'title': 'Distracted Driver Crawling on I-80 Almost Causes Crash', 'timestamp': '0:07:23'}, {'title': 'Crash in the “Can of Worms” Interchange', 'timestamp': '0:07:44'}, {'title': 'Dash Cam Caught', 'timestamp': '0:08:05'}, {'title': 'Hydroplaning Driver Takes Out Other Cars', 'timestamp': '0:08:21'}, {'title': 'Truck Stuck Under Railroad Overpass Again', 'timestamp': '0:08:48'}, {'title': 'Exit or Not? Driver Can’t Decide', 'timestamp': '0:09:04'}, {'title': 'Arkansas Trooper Ramming Incident on I-630', 'timestamp': '0:09:20'}, {'title': 'End', 'timestamp': '0:09:54'}]",14,04092026
102,7BF5XWln9QI,Dashcam Crash Compilation for 08/22/2026 August 2026,22082026,UC6rAAGWWDTSKdQIof5DslpQ,148748,#ДТП снятые на видеорегистратор Август 2026. Видео #3255.  Поддержать канал!  Сбербанк: 2202206832162106 Tinkoff: 5536913957305887 Райффайзен: 2200300135204756  Прислать видео для выпуска можно на  Почту: 1russiancrash@gmail.com Самый удобный способ: https://forms.gle/hovYQkEnZEFEoMzz8  Группа VK: https://vk.com/russiancrash Канал в Telegram: https://t.me/russiancrash Канал RuTube: https://rutube.ru/channel/23692224/,[],14,02092026
103,RM_299RPiZo,Dash Cam Owners Australia & UK Crash Compilation - 7 | Driving Fails,29042026,UCKIrZr7WuPFgFy7OfkAuHOw,19602,"In this “Dash Cam Owners Australia & UK Crash Compilation ,” you will see driving fails, car crashes, and semi-truck crashes caught on dashcam in the Australia & UK. All the bad drivers are from Australia & UK. Treat this as a quick driving school lesson on what NOT to do out there on the roads. In this video, we analyze these dangerous situations to help you learn how to drive more defensively, identify potential hazards before they happen, and understand the critical mistakes that lead to these accidents. Stay safe and watch closely - there is a lesson in every clip.  ✪ Submit your Dashcam video for the feature here: https://megadrivingschool.com/submit Or sent to Email: megadrivingschoolyt@gmail.com  Got an Issue? Email me: megadrivingschoolyt@gmail.com  Chapters: 1. 00:00 Driver Ruins Car With Reckless Driving on Dashcam 2. 00:26 Driving Fail Caught on Camera 3. 00:51 Semi Truck Driver Blind Change Hits Car Then Flees 4. 01:17 Dashcam Caught on Camera 5. 01:41 Baby Stroller Rolls Across Road Shocking Driver Reaction 6. 02:03 Dash Cam Fails 7. 02:23 Driver Has Worst Day on Dashcam 8. 02:42 Impatient Driver Causes Chaos on Dashcam 9. 02:57 Driver Swerves to Avoid Crash Melbourne Road Dashcam 10. 03:12 Driving Fail Caught on Camera 11. 03:39 Wrong Way Driver Nearly Causes Crash on Dashcam 12. 03:55 Car Rear Ends Driver Who Suddenly Stops 13. 04:34 Dashcam Lessons Footage 14. 04:53 Car Accident Captured on M25 Junction 4 Dashcam 15. 05:11 Driver Recovers Car Control After Near Crash 16. 05:31 Dash Cam Fails 17. 05:48 Motorcycle Hit and Run Driver Caught on Dashcam 18. 06:17 Dashcam Caught on Camera 19. 06:40 Small Car and Truck Crash Caught on Dashcam 20. 07:00 Driving Fail Caught on Camera 21. 07:12 Driver Nearly Hits Pedestrian at Crossing 22. 07:25 Dash Cam Fails 23. 07:37 Impatient Driver Causes Near Miss on Dashcam 24. 07:50 Dashcam Lessons Footage 25. 08:15 Reckless Driver Speeding in Traffic on Dashcam 26. 08:43 Driver Fails Give Way at Roundabout 27. 08:59 Driving Fail Caught on Camera 28. 09:20 Driver Avoids Birds Blocking Road on Dashcam 29. 09:41 End  #dashcam #car #automobile   Educational Disclaimer: These car crashes in Australia & UK are curated strictly for traffic safety analysis, accident awareness, and educational purposes. Drive safe!","[{'title': '1..Driver Ruins Car With Reckless Driving on Dashcam', 'timestamp': '0:00:00'}, {'title': '2..Driving Fail Caught on Camera', 'timestamp': '0:00:26'}, {'title': '3..Semi Truck Driver Blind Change Hits Car Then Flees', 'timestamp': '0:00:51'}, {'title': '4..Dashcam Caught on Camera', 'timestamp': '0:01:17'}, {'title': '5..Baby Stroller Rolls Across Road Shocking Driver Reaction', 'timestamp': '0:01:41'}, {'title': '6..Dash Cam Fails', 'timestamp': '0:02:03'}, {'title': '7..Driver Has Worst Day on Dashcam', 'timestamp': '0:02:23'}, {'title': '8..Impatient Driver Causes Chaos on Dashcam', 'timestamp': '0:02:42'}, {'title': '9..Driver Swerves to Avoid Crash Melbourne Road Dashcam', 'timestamp': '0:02:57'}, {'title': '10..Driving Fail Caught on Camera', 'timestamp': '0:03:12'}, {'title': '11..Wrong Way Driver Nearly Causes Crash on Dashcam', 'timestamp': '0:03:39'}, {'title': '12..Car Rear Ends Driver Who Suddenly Stops', 'timestamp': '0:03:55'}, {'title': '13..Dashcam Lessons Footage', 'timestamp': '0:04:34'}, {'title': '14..Car Accident Captured on M25 Junction 4 Dashcam', 'timestamp': '0:04:53'}, {'title': '15..Driver Recovers Car Control After Near Crash', 'timestamp': '0:05:11'}, {'title': '16..Dash Cam Fails', 'timestamp': '0:05:31'}, {'title': '17..Motorcycle Hit and Run Driver Caught on Dashcam', 'timestamp': '0:05:48'}, {'title': '18..Dashcam Caught on Camera', 'timestamp': '0:06:17'}, {'title': '19..Small Car and Truck Crash Caught on Dashcam', 'timestamp': '0:06:40'}, {'title': '20..Driving Fail Caught on Camera', 'timestamp': '0:07:00'}, {'title': '21..Driver Nearly Hits Pedestrian at Crossing', 'timestamp': '0:07:12'}, {'title': '22..Dash Cam Fails', 'timestamp': '0:07:25'}, {'title': '23..Impatient Driver Causes Near Miss on Dashcam', 'timestamp': '0:07:37'}, {'title': '24..Dashcam Lessons Footage', 'timestamp': '0:07:50'}, {'title': '25..Reckless Driver Speeding in Traffic on Dashcam', 'timestamp': '0:08:15'}, {'title': '26..Driver Fails Give Way at Roundabout', 'timestamp': '0:08:43'}, {'title': '27..Driving Fail Caught on Camera', 'timestamp': '0:08:59'}, {'title': '28..Driver Avoids Birds Blocking Road on Dashcam', 'timestamp': '0:09:20'}, {'title': '29..End', 'timestamp': '0:09:41'}]",14,04092026
104,7PBuwcY8ZsA,Dash Cam Owners Australia & UK Crash Compilation - 9 | Driving Fails,19072026,UCKIrZr7WuPFgFy7OfkAuHOw,29689,"In this “Dash Cam Owners Australia & UK Crash Compilation ,” you will see driving fails, car crashes, and semi-truck crashes caught on dashcam in the Australia & UK. All the bad drivers are from Australia & UK.  Treat this as a quick driving school lesson on what NOT to do out there on the roads. In this video, we analyze these dangerous situations to help you learn how to drive more defensively, identify potential hazards before they happen, and understand the critical mistakes that lead to these accidents. Stay safe and watch closely - there is a lesson in every clip.  ✪ Submit your Dashcam video for the feature here: https://megadrivingschool.com/submit Or sent to Email: megadrivingschoolyt@gmail.com  Got an Issue? Email me: megadrivingschoolyt@gmail.com  What you'll see in this caught on dashcam video: 1. 00:00 Impatient Kia Driver Gets Instant Karma 2. 00:36 Traffic Accident Caught on Dashcam 3. 00:54 Driver Pulls Out Causing Near Miss 4. 01:15 Driving Fail Caught on Camera 5. 01:30 Driver Turns Left From Wrong Lane 6. 01:53 Driver Forgets Blind Spot During Lane Change 7. 02:15 School Pickup Driver Nearly Causes Crash 8. 02:46 Dashcam Caught on Camera 9. 03:03 Driver Barely Misses Deer on Road 10. 03:24 Van Sideswipes Car Caught on Dashcam 11. 03:48 Dash Cam Fails 12. 04:02 Drunk Driver Crashes Into Cars and Traffic Lights 13. 04:39 Road Rage Between Two Drivers in London 14. 05:07 Rear End Crash Caught on Dashcam 15. 05:24 Another Reckless Driver on the Road 16. 05:41 Hit and Run Driver Flees Birmingham Crash 17. 06:03 Impatient Audi Races to Red Light 18. 06:25 Dashcam Lessons Footage 19. 06:55 Nissan Driver Takes Roundabout the Wrong Way 20. 07:11 Driving Fail Caught on Camera 21. 07:46 Aggressive Driver Gets Instant Reality Check 22. 08:06 Dashcam Caught on Camera 23. 08:23 Police Perform Illegal U Turn on Dashcam 24. 08:41 Three Way Collision Nearly Happens 25. 08:52 Driver Turns Left From Right Lane Again 26. 09:07 Dash Cam Fails 27. 09:25 Dash Cam Fails 28. 09:40 End   #dashcam #car #automobile  ------------------------------------------------------------------------- Educational Disclaimer: These car crashes in Australia & UK are curated strictly for traffic safety analysis, accident awareness, and educational purposes. Drive safe!","[{'title': '1..Impatient Kia Driver Gets Instant Karma', 'timestamp': '0:00:00'}, {'title': '2..Traffic Accident Caught on Dashcam', 'timestamp': '0:00:36'}, {'title': '3..Driver Pulls Out Causing Near Miss', 'timestamp': '0:00:54'}, {'title': '4..Driving Fail Caught on Camera', 'timestamp': '0:01:15'}, {'title': '5..Driver Turns Left From Wrong Lane', 'timestamp': '0:01:30'}, {'title': '6..Driver Forgets Blind Spot During Lane Change', 'timestamp': '0:01:53'}, {'title': '7..School Pickup Driver Nearly Causes Crash', 'timestamp': '0:02:15'}, {'title': '8..Dashcam Caught on Camera', 'timestamp': '0:02:46'}, {'title': '9..Driver Barely Misses Deer on Road', 'timestamp': '0:03:03'}, {'title': '10..Van Sideswipes Car Caught on Dashcam', 'timestamp': '0:03:24'}, {'title': '11..Dash Cam Fails', 'timestamp': '0:03:48'}, {'title': '12..Drunk Driver Crashes Into Cars and Traffic Lights', 'timestamp': '0:04:02'}, {'title': '13..Road Rage Between Two Drivers in London', 'timestamp': '0:04:39'}, {'title': '14..Rear End Crash Caught on Dashcam', 'timestamp': '0:05:07'}, {'title': '15..Another Reckless Driver on the Road', 'timestamp': '0:05:24'}, {'title': '16..Hit and Run Driver Flees Birmingham Crash', 'timestamp': '0:05:41'}, {'title': '17..Impatient Audi Races to Red Light', 'timestamp': '0:06:03'}, {'title': '18..Dashcam Lessons Footage', 'timestamp': '0:06:25'}, {'title': '19..Nissan Driver Takes Roundabout the Wrong Way', 'timestamp': '0:06:55'}, {'title': '20..Driving Fail Caught on Camera', 'timestamp': '0:07:11'}, {'title': '21..Aggressive Driver Gets Instant Reality Check', 'timestamp': '0:07:46'}, {'title': '22..Dashcam Caught on Camera', 'timestamp': '0:08:06'}, {'title': '23..Police Perform Illegal U Turn on Dashcam', 'timestamp': '0:08:23'}, {'title': '24..Three Way Collision Nearly Happens', 'timestamp': '0:08:41'}, {'title': '25..Driver Turns Left From Right Lane Again', 'timestamp': '0:08:52'}, {'title': '26..Dash Cam Fails', 'timestamp': '0:09:07'}, {'title': '27..Dash Cam Fails', 'timestamp': '0:09:25'}, {'title': '28..End', 'timestamp': '0:09:40'}]",14,04092026
105,_E4jvaos-sM,Dash Cam Owners Australia Crash Compilation 51,03052026,UCvfqpaehdaqtkXPNhvJRyGA,632887,Our Merch store: https://dashcamownersaus-shop.fourthwall.com/  Our Dash Cam Store (Use code DCOA5 for 5% off storewide): http://www.dashcamownersaus.com.au/  Send us a video: https://dashcamownersaus.com.au/contact-us/,[],13,02092026
106,mmZd38mw9Go,"Ultimate Crash Compilation 2023 | Exposed: UK Dash Cams | Crashes, Poor Drivers & Road Rage",01012024,UCxIlACNetQDzDfdpLFQCShw,514192,Welcome to the Ultimate Crash Compilation 2023!  Unbleeped & without commentary on Rumble: https://rumble.com/v4492wx-ultimate-crash-compilation-2023-exposed-uk-dash-cams-crashes-poor-drivers-a.html  Thank you to all those that have submitted clips this week.   Don't forget to... Like & Subscribe if you want to see more!  Please email your clips to: exposed@ukdashcams.co.uk  Clips too large to email? Please use this free service: https://wetransfer.com/ with exposed@ukdashcams.co.uk as the recipient's email address.  Clip already online? Please use this form: http://bit.ly/3mhQLz0  Subscribe to our shorts channel: @ExposedUKDashCamsShorts      Affiliate links: Use Promo Code EXPOSED20 for 20% off VehicleScore! https://vehiclescore.co.uk/?ref=EXPOSED20  Socials: TikTok: http://bit.ly/3SDKYQB Instagram: https://bit.ly/3NH8olL Rumble: http://bit.ly/3LrLsYt Facebook: https://bit.ly/3kFOz40 X: https://bit.ly/3Yg2Th8,[],13,04092026
107,jSTf56n0S-w,DRIVER TURNS RIGHT WITHOUT LOOKING - 1021 | Driving Fails,23072026,UCKIrZr7WuPFgFy7OfkAuHOw,26845,"Welcome to the wildest dashcam compilation yet. In this video, we’re breaking down the best car crashes, brutal road rage, and mind-boggling bad drivers from across the USA and Canada.  Treat this as a quick driving school lesson on what NOT to do out there on the roads. In this video, we analyze these dangerous situations to help you learn how to drive more defensively, identify potential hazards before they happen, and understand the critical mistakes that lead to these accidents. Stay safe and watch closely - there is a lesson in every clip.  ✪ Submit your Dashcam video for the feature here: https://megadrivingschool.com/submit Or sent to Email: megadrivingschoolyt@gmail.com  Got an Issue? Email me: megadrivingschoolyt@gmail.com  What you'll see in this caught on dashcam video: 1. 00:00 Driver Misses Exit and Crashes 2. 00:23 Truck 86 Crash Caught on Dashcam 3. 00:42 Driving Fail Caught on Camera 4. 00:55 Rear End Crash on I-635 5. 01:11 Impatient Driver Gets Instant Karma 6. 01:45 Late Lane Change Causes Rainy Highway Crash 7. 02:08 Dashcam Caught on Camera 8. 02:27 Driver Turns Without Looking and Crashes 9. 02:51 Police Pull Over BMW After Traffic Violation 10. 03:12 Dash Cam Fails 11. 03:48 Dashcam Exposes Insurance Fraud Scam 12. 04:20 Dashcam Lessons Footage 13. 04:35 Biker Weaves Through Traffic Recklessly 14. 04:56 Driving Fail Caught on Camera 15. 05:19 Speeding Drivers Forget to Brake 16. 05:46 Dashcam Caught on Camera 17. 06:03 Truck Driver Brake Checks Car 18. 06:30 Lane Splitting Driver Causes Highway Wreck 19. 06:54 Semi's Late Exit Triggers Close Call 20. 07:09 Aggressive Driver Swerves Across Empty Lane 21. 07:30 Dash Cam Fails 22. 07:41 Road Rage Driver Creates Dangerous Situation 23. 08:07 Close Call With Red Light Runner 24. 08:23 Driver Sideswipes Car After Crossing Gore Area 25. 08:44 Driver Barely Avoids Major Crash 26. 09:00 Distracted Driver Pulls Out Into Traffic 27. 09:18 Unsecured Truck Load Creates Road Hazard 28. 09:42 End  #dashcam #car #automobile  ------------------------------------------------------------------------- Educational Disclaimer: These car crashes in usa and Canada are curated strictly for traffic safety analysis, accident awareness, and educational purposes. Drive safe!","[{'title': '1..Driver Misses Exit and Crashes', 'timestamp': '0:00:00'}, {'title': '2..Truck 86 Crash Caught on Dashcam', 'timestamp': '0:00:23'}, {'title': '3..Driving Fail Caught on Camera', 'timestamp': '0:00:42'}, {'title': '4..Rear End Crash on I-635', 'timestamp': '0:00:55'}, {'title': '5..Impatient Driver Gets Instant Karma', 'timestamp': '0:01:11'}, {'title': '6..Late Lane Change Causes Rainy Highway Crash', 'timestamp': '0:01:45'}, {'title': '7..Dashcam Caught on Camera', 'timestamp': '0:02:08'}, {'title': '8..Driver Turns Without Looking and Crashes', 'timestamp': '0:02:27'}, {'title': '9..Police Pull Over BMW After Traffic Violation', 'timestamp': '0:02:51'}, {'title': '10..Dash Cam Fails', 'timestamp': '0:03:12'}, {'title': '11..Dashcam Exposes Insurance Fraud Scam', 'timestamp': '0:03:48'}, {'title': '12..Dashcam Lessons Footage', 'timestamp': '0:04:20'}, {'title': '13..Biker Weaves Through Traffic Recklessly', 'timestamp': '0:04:35'}, {'title': '14..Driving Fail Caught on Camera', 'timestamp': '0:04:56'}, {'title': '15..Speeding Drivers Forget to Brake', 'timestamp': '0:05:19'}, {'title': '16..Dashcam Caught on Camera', 'timestamp': '0:05:46'}, {'title': '17..Truck Driver Brake Checks Car', 'timestamp': '0:06:03'}, {'title': '18..Lane Splitting Driver Causes Highway Wreck', 'timestamp': '0:06:30'}, {'title': ""19..Semi's Late Exit Triggers Close Call"", 'timestamp': '0:06:54'}, {'title': '20..Aggressive Driver Swerves Across Empty Lane', 'timestamp': '0:07:09'}, {'title': '21..Dash Cam Fails', 'timestamp': '0:07:30'}, {'title': '22..Road Rage Driver Creates Dangerous Situation', 'timestamp': '0:07:41'}, {'title': '23..Close Call With Red Light Runner', 'timestamp': '0:08:07'}, {'title': '24..Driver Sideswipes Car After Crossing Gore Area', 'timestamp': '0:08:23'}, {'title': '25..Driver Barely Avoids Major Crash', 'timestamp': '0:08:44'}, {'title': '26..Distracted Driver Pulls Out Into Traffic', 'timestamp': '0:09:00'}, {'title': '27..Unsecured Truck Load Creates Road Hazard', 'timestamp': '0:09:18'}, {'title': '28..End', 'timestamp': '0:09:42'}]",13,04092026
108,Efz-o-nrydo,"Best Of Unfälle 2023 - Schwerer Unfall, Totalschaden und dreiste Fahrerflucht | Dashcam Deutschland",14122023,UCzSaxPbPU1WDAmbMn8irC1g,1482494,"🎬 Video Einsendungen an: clips@dashcamdeutschland.com 📸 Du möchtest eine Dashcam kaufen, weißt aber nicht welche? Unsere Kaufempfehlungen stehen weiter unten!  Falls Euch diese Folge gefallen hat, lasst uns doch gerne ein Like oder Kommentar da. Wenn Ihr nichts mehr verpassen wollt, gerne Abonnieren & Glocke aktivieren!  ❤️ Wenn Du uns unterstützen möchtest: https://youtube.com/channel/UCzSaxPbPU1WDAmbMn8irC1g/join  📥 Ihr wollt Eure Dashcam Aufnahme(n) auf unserem Kanal sehen? Schickt uns eine E-Mail an: clips@dashcamdeutschland.com - mit der Videodatei, und unter welchem Namen wir Eure Clips veröffentlichen dürfen.  💳 Unsere Dashcam Kaufempfehlungen: ✘ https://linktr.ee/dashcamdeutschland  ⏯️ Playlist mit allen Folgen: https://youtube.com/playlist?list=PLv0RO5BoRf4SI4Nyw2qsIqA2QK9Lo_1RA&si=pwUy8KiDT6EXJp4E  🌐 Social Media Kanäle: Facebook: https://www.facebook.com/dashcamdeutschland Instagram: https://www.instagram.com/dashcam_deutschland TikTok: https://www.tiktok.com/@dashcamdeutschland  🍿 Interessante Episoden: Best Of Unfälle 2024 - Schwerer Unfall, Totalschaden und dreiste Falschaussage: https://youtu.be/N6UbNDPIIS4 Best Of Nötigung 2024 - Road-Rage, Ausbremsen und Drängeln auf der Autobahn: https://youtu.be/15QL4DmfmEg ------------------------------------- Dieser Kanal dient nur zur Unterhaltung und Aufklärung. Bleibt sachlich und freundlich in den Kommentaren!  Die mit „✘“ markierten Links sind Affiliate-Links bzw. Werbelinks. Im Falle einer Kaufentscheidung kann eine Provision an uns ausgeschüttet werden. Bei einem Kauf über diese Links fallen für Dich natürlich keine Mehrkosten an. ------------------------------------- © Dashcam Deutschland 2025: Please do NOT reupload this video without our permission! ------------------------------------- #Dashcam #Germany #DashcamDeutschland",[],13,04092026
109,tAOyScTBFZE,Australian Car Crash / Dash Cam Compilation 48,07092025,UCvfqpaehdaqtkXPNhvJRyGA,990678,Our Merch store: https://dashcamownersaus-shop.fourthwall.com/  Our Dash Cam Store (Use code DCOA5 for 5% off storewide): http://www.dashcamownersaus.com.au/  Send us a video: https://dashcamownersaus.com.au/contact-us/  Description: As usual none of these accidents were fatal or featured critical injuries. Details for individual videos can be found on our Facebook page.,[],13,04092026
110,JmunsOvHaL0,"BEST OF KARENS | Road Rage, Instant Karma, Scams, Bad Drivers, Brake Check, Car Crashes Dashcam 2021",26122021,UCnetiRHPnIMBCm-yY4m69qA,516402,"🛑 All videos are used with the copyright holder's permissions! (CHECK THE COMMENT SECTION OF EVERY LINK BELOW) ✔️ ⚫ Submit your Dashcam video: https://forms.gle/7LKzTdvHwnmZmZ439  ⚫ Contact me at dashcamlessons@gmail.com  ⚫ Links to the original videos:  1. Chris Popel - https://youtu.be/G9zsQeLdJy0 --- Road rage incident causes me to unleash terror on a karen ( Ontario )   2. Mateo Garcia -  --- My video ( Jacksonville, FL )   3. Kristen -  ---  (  )  4. Eyegafas - https://youtu.be/HLeJQAq-bNY --- Welcome to Los Angeles, A Good Luck Kick! ( Los Angeles, CA )  5. Hi1w2 - https://youtu.be/ZceGi4Xuxb4 --- Car Accident (  )   6. Tyler -  ---  ( Scottsdale Arizona )  7. Schiv Tacos -  --- her inner Karen came out Breaking for a passing Truck (  )  8. King king - https://youtu.be/gn7cI0EgyBI --- Karen is upset in Boulder County ( Boulder County, Colorado )  9. Bad Drivers of New York City - https://youtu.be/BOmOT2yCjpA --- Litterbug Rages and Throws Water At My Car ( NYC )   10. TheDevIshOne  11. u/Got-A-Migraine -  --- San Antonio TX ( This lady got pissed because I honked when she almost hit my car, proceeded to brake check me 3 times, cut me off sideways, spit on my car, and do this… )  12. R1Ryder - https://youtu.be/_mJMdMXFmFg --- Undercover Cop & Bad Drivers (  )  13. Steve O - https://youtu.be/H2amBM6B5ww --- Accident ( Salt Lake City )  14. BLU3 GH057 - https://youtu.be/0sWu0rN1ZIw --- parking lot road rage (  )  15. Bad Drivers Caught On DashCam - https://youtu.be/EvHuZNz-Bo0 --- Bad Drivers Compilation № 9 [ROAD RAGE & Karen Flipping Out] [Dashcam Clips From 2014 and 2021] (  )  16. sachin parmar - https://youtu.be/s4Rt6fylIfE --- Road rage SW Edmonton ( SW Edmonton, Alberta )  17. John -  --- Clips  18. Arrowinthehead - https://youtu.be/HpqEaLCdfcI --- 2021 6 23 Road Rage Almost Causes Accident ( Salt Lake City, Utah )  ⚫ My socials: Instagram: https://www.instagram.com/dashcamlessons/ TikTok: https://www.tiktok.com/@dashcamlessons Facebook: https://www.facebook.com/dashcamlessons",[],13,04092026
111,4odoKBKOG5Y,Idiots In Cars 313,31032025,UCOS7jdle9zw_HnKW4ytZnDw,3791342,"Idiots In Cars Series No. 313 🚗💥 Dash cams prove us how unforeseeable the roads can be. Unbelievable crashes, insane near-misses, close calls, and road rage moments across North America and beyond. These videos remind us not only of the chaos out there, but also the importance of defensive driving to stay safe.   📥Submit your video: https://forms.gle/NnPQSGG5PWUT8EBbA  ‼️Dashcam Nation creates content to help viewers and drivers be more vigilant while commuting to work, home, or even on trips. Our focus is to raise awareness and learn from others’ driving mistakes. We truly believe this footage can serve as an educational and informational guide for viewers to analyze and evaluate situations. Remember, when you’re on the road, incidents can happen in the blink of an eye. So, please stay safe and vigilant while driving, and pay attention to road conditions and other vehicles. ‼️  📋All the clips featured in our channel are used with copyright owners' permission, if you have any inquiry regarding your clip, please contact us at: dashcamnationofficial@gmail.com  Special thanks to: Pearly - https://www.youtube.com/@jpgdlr  Truc.king555 - https://www.youtube.com/@Josehptrucker  Soandreanic Stefan Barnowski Ventura Vance Cat Ben John GreatCity SportAction 22 Josh F. DaCoolBoy24 Bronzos Burban Chuckles Kenuven   Dash cam footage - https://youtu.be/TcrEFA_RMno Car accident 3-24-2025 Fort Worth - https://youtu.be/6yM1mDD0OKU Why? F%%kin idiot - https://youtu.be/FnMeinv7gB8 Car accident in Montebello, California - https://youtu.be/17rtMiLRn_s Idiot backs into me - https://youtu.be/Q4BKt-fFgxU Fender Bender - https://youtu.be/eQ-C_eXmGgY Rear ended accident - https://youtu.be/18z8e_Zse_M Pickup driver crosses three lanes - https://youtu.be/SSFzv7a_0n0 Harley idiot gets angry from his own stupid riding. Cool Supra though. - https://youtu.be/rv7DZPTdtlI",[],12,04092026
112,SlkjAlRJRX4,DISTRACTED AMAZON CAR DRIVER CRASHES WHILE ON PHONE - 1032 | Driving Fails,23082026,UCKIrZr7WuPFgFy7OfkAuHOw,20760,"Welcome to the wildest dashcam compilation yet. In this video, we’re breaking down the best car crashes, brutal road rage, and mind-boggling bad drivers from across the USA and Canada.  Treat this as a quick driving school lesson on what NOT to do out there on the roads. In this video, we analyze these dangerous situations to help you learn how to drive more defensively, identify potential hazards before they happen, and understand the critical mistakes that lead to these accidents. Stay safe and watch closely - there is a lesson in every clip.  ✪ Submit your Dashcam video for the feature here: https://megadrivingschool.com/submit Or sent to Email: megadrivingschoolyt@gmail.com  Got an Issue? Email me: megadrivingschoolyt@gmail.com  What you'll see in this caught on dashcam video: 1. 00:00 Distracted Amazon Driver Crashes While on Phone 2. 00:22 Driving Fail Caught on Camera 3. 00:42 Driver Changes Lanes Into Passing Tow Truck 4. 01:03 Dashcam Caught on Camera 5. 01:26 Close Call With Truck Caught on Dashcam 6. 01:46 Parking Lot Crash Captured on Dashcam 7. 02:07 Dash Cam Fails 8. 02:20 Dashcam Lessons Footage 9. 02:37 RAV4 Driver Crosses Lanes and Hits Embankment 10. 02:54  Driver Turns Right in Front of Oncoming Car 11. 03:11 Two Drivers Collide Who Is at Fault 12. 03:30 Driver Waves Car Into Dangerous Left Turn 13. 03:55 Polite Driver Causes Crash at Green Light 14. 04:14 Crash Near Lewisville Park Entrance 15. 04:31 Driver Gets Lucky After Dangerous Move 16. 04:49 Driver Nearly Crashes at Green Light 17. 05:09 Police Chase Ends With Epic PIT on Dashcam 18. 05:30 Speeding Driver Causes Tragic Highway Crash 19. 05:51 Distracted Driver on Phone Causes Chaos 20. 06:06 Driver Hits Debris Then Keeps Going 21. 06:26 Driving Fail Caught on Camera 22. 06:49 Driver Pulls Out and Blocks Both Lanes 23. 07:07 Driver Crashes Into Car at 55 MPH 24. 07:26 Scooter Rider Runs Red Light and Wipes Out 25. 07:52 Truck Driver Loses Control on Icy Road 26. 08:21 Driver Ignores Flashing Red Light and Crashes 27. 09:03 Driver Opens Door Into Traffic Without Looking 28. 09:21 Dashcam Caught on Camera 29. 09:34 Dashcam Lessons Footage 30. 10:10 End   #dashcam #car #automobile  ------------------------------------------------------------------------- Educational Disclaimer: These car crashes in usa and Canada are curated strictly for traffic safety analysis, accident awareness, and educational purposes. Drive safe!","[{'title': '1..Distracted Amazon Driver Crashes While on Phone', 'timestamp': '0:00:00'}, {'title': '2..Driving Fail Caught on Camera', 'timestamp': '0:00:22'}, {'title': '3..Driver Changes Lanes Into Passing Tow Truck', 'timestamp': '0:00:42'}, {'title': '4..Dashcam Caught on Camera', 'timestamp': '0:01:03'}, {'title': '5..Close Call With Truck Caught on Dashcam', 'timestamp': '0:01:26'}, {'title': '6..Parking Lot Crash Captured on Dashcam', 'timestamp': '0:01:46'}, {'title': '7..Dash Cam Fails', 'timestamp': '0:02:07'}, {'title': '8..Dashcam Lessons Footage', 'timestamp': '0:02:20'}, {'title': '9..RAV4 Driver Crosses Lanes and Hits Embankment', 'timestamp': '0:02:37'}, {'title': '10..Driver Turns Right in Front of Oncoming Car', 'timestamp': '0:02:54'}, {'title': '11..Two Drivers Collide Who Is at Fault', 'timestamp': '0:03:11'}, {'title': '12..Driver Waves Car Into Dangerous Left Turn', 'timestamp': '0:03:30'}, {'title': '13..Polite Driver Causes Crash at Green Light', 'timestamp': '0:03:55'}, {'title': '14..Crash Near Lewisville Park Entrance', 'timestamp': '0:04:14'}, {'title': '15..Driver Gets Lucky After Dangerous Move', 'timestamp': '0:04:31'}, {'title': '16..Driver Nearly Crashes at Green Light', 'timestamp': '0:04:49'}, {'title': '17..Police Chase Ends With Epic PIT on Dashcam', 'timestamp': '0:05:09'}, {'title': '18..Speeding Driver Causes Tragic Highway Crash', 'timestamp': '0:05:30'}, {'title': '19..Distracted Driver on Phone Causes Chaos', 'timestamp': '0:05:51'}, {'title': '20..Driver Hits Debris Then Keeps Going', 'timestamp': '0:06:06'}, {'title': '21..Driving Fail Caught on Camera', 'timestamp': '0:06:26'}, {'title': '22..Driver Pulls Out and Blocks Both Lanes', 'timestamp': '0:06:49'}, {'title': '23..Driver Crashes Into Car at 55 MPH', 'timestamp': '0:07:07'}, {'title': '24..Scooter Rider Runs Red Light and Wipes Out', 'timestamp': '0:07:26'}, {'title': '25..Truck Driver Loses Control on Icy Road', 'timestamp': '0:07:52'}, {'title': '26..Driver Ignores Flashing Red Light and Crashes', 'timestamp': '0:08:21'}, {'title': '27..Driver Opens Door Into Traffic Without Looking', 'timestamp': '0:09:03'}, {'title': '28..Dashcam Caught on Camera', 'timestamp': '0:09:21'}, {'title': '29..Dashcam Lessons Footage', 'timestamp': '0:09:34'}, {'title': '30..End', 'timestamp': '0:10:10'}]",12,04092026
113,vPtNlbJc9ZY,Dash Cam Owners Australia Crash Compilation 49,09112025,UCvfqpaehdaqtkXPNhvJRyGA,631770,Our Merch store: https://dashcamownersaus-shop.fourthwall.com/  Our Dash Cam Store (Use code DCOA5 for 5% off storewide): http://www.dashcamownersaus.com.au/  Send us a video: https://dashcamownersaus.com.au/contact-us/,[],11,04092026
114,a6_SVONNzc0,North American Car Crash Compilation - 908 | Driving Fails | Dash Cam USA,05032026,UCKIrZr7WuPFgFy7OfkAuHOw,30564,"The wildest dashcam caught compilation is here. We’re breaking down the best of car crashes, brutal road rage, and mind-boggling bad drivers across the USA and Canada.  Treat this as a quick driving school lesson on what NOT to do out there on the roads. In this video, we analyze these dangerous situations to help you learn how to drive more defensively, identify potential hazards before they happen, and understand the critical mistakes that lead to these accidents. Stay safe and watch closely - there is a lesson in every clip.  ✪ Submit your Dashcam video for the feature here: https://megadrivingschool.com/submit Or sent to Email: megadrivingschoolyt@gmail.com  Got an Issue? Email me: megadrivingschoolyt@gmail.com  Chapters: 00:00 Driver Makes a Wrong Turn at the Worst Time 00:16 Illegal Turn From Straight Lane, Cited for Failure to Yield 00:41 Illegal Merge Over Solid White Lines 01:01 Distracted Driver Causes Head-On Crash 01:31 Van Driver Saves the Day in a Close Call 01:46 Car accident caught on dashcam 01:59 Passing at 80+ and This Happens 02:22 Slams the Door, Then Gets Pulled Over 02:45 Thought My Green Light Was His 03:04 Car crash caught on dashcam 03:39 Flying Up the Left Lane With Nowhere for Me to Go 04:00 Sideswiped Out of Nowhere 04:25 How Do People Still Mess Up Roundabouts? 04:46 Car accident caught on dashcam 05:10 Black Car Police Chase With Tahoe Close Behind 05:42 Car crash caught on dashcam 06:02 No Signal Cut-Off Right in Front of Me 06:23 Karaoke Ruined by Bad Driving 06:36 Fails to Yield in Rancho Cucamonga Parking Lot 06:49 Truck Tries to Cut Off Sedan and Regrets It 07:05 Whitetail Deer Dashes Across at the Last Second 07:22 Honk Saved Me From a Crash 07:41 Same Driver Pulls the Same On-Ramp Stunt Again 08:08 Blows a Yield Sign in My New Car’s First Week 08:27 More Terrible Driving in Greenville NC 08:48 Impatient Driver Nearly Gets T-Boned 08:58 Police Chase Caught on Dashcam 09:46 End   #dashcam #car #automobile","[{'title': 'Driver Makes a Wrong Turn at the Worst Time', 'timestamp': '0:00:00'}, {'title': 'Illegal Turn From Straight Lane, Cited for Failure to Yield', 'timestamp': '0:00:16'}, {'title': 'Illegal Merge Over Solid White Lines', 'timestamp': '0:00:41'}, {'title': 'Distracted Driver Causes Head-On Crash', 'timestamp': '0:01:01'}, {'title': 'Van Driver Saves the Day in a Close Call', 'timestamp': '0:01:31'}, {'title': 'Car accident caught on dashcam', 'timestamp': '0:01:46'}, {'title': 'Passing at 80+ and This Happens', 'timestamp': '0:01:59'}, {'title': 'Slams the Door, Then Gets Pulled Over', 'timestamp': '0:02:22'}, {'title': 'Thought My Green Light Was His', 'timestamp': '0:02:45'}, {'title': 'Car crash caught on dashcam', 'timestamp': '0:03:04'}, {'title': 'Flying Up the Left Lane With Nowhere for Me to Go', 'timestamp': '0:03:39'}, {'title': 'Sideswiped Out of Nowhere', 'timestamp': '0:04:00'}, {'title': 'How Do People Still Mess Up Roundabouts?', 'timestamp': '0:04:25'}, {'title': 'Car accident caught on dashcam', 'timestamp': '0:04:46'}, {'title': 'Black Car Police Chase With Tahoe Close Behind', 'timestamp': '0:05:10'}, {'title': 'Car crash caught on dashcam', 'timestamp': '0:05:42'}, {'title': 'No Signal Cut-Off Right in Front of Me', 'timestamp': '0:06:02'}, {'title': 'Karaoke Ruined by Bad Driving', 'timestamp': '0:06:23'}, {'title': 'Fails to Yield in Rancho Cucamonga Parking Lot', 'timestamp': '0:06:36'}, {'title': 'Truck Tries to Cut Off Sedan and Regrets It', 'timestamp': '0:06:49'}, {'title': 'Whitetail Deer Dashes Across at the Last Second', 'timestamp': '0:07:05'}, {'title': 'Honk Saved Me From a Crash', 'timestamp': '0:07:22'}, {'title': 'Same Driver Pulls the Same On-Ramp Stunt Again', 'timestamp': '0:07:41'}, {'title': 'Blows a Yield Sign in My New Car’s First Week', 'timestamp': '0:08:08'}, {'title': 'More Terrible Driving in Greenville NC', 'timestamp': '0:08:27'}, {'title': 'Impatient Driver Nearly Gets T-Boned', 'timestamp': '0:08:48'}, {'title': 'Police Chase Caught on Dashcam', 'timestamp': '0:08:58'}, {'title': 'End', 'timestamp': '0:09:46'}]",11,04092026
115,gtcVxxobAKE,North American Car Crash Compilation - 922 | Driving Fails | Dash Cam USA,19032026,UCKIrZr7WuPFgFy7OfkAuHOw,23363,"The wildest dashcam caught compilation is here. We’re breaking down the best of car crashes, brutal road rage, and mind-boggling bad drivers across the USA and Canada.  Treat this as a quick driving school lesson on what NOT to do out there on the roads. In this video, we analyze these dangerous situations to help you learn how to drive more defensively, identify potential hazards before they happen, and understand the critical mistakes that lead to these accidents. Stay safe and watch closely - there is a lesson in every clip.  ✪ Submit your Dashcam video for the feature here: https://megadrivingschool.com/submit Or sent to Email: megadrivingschoolyt@gmail.com  Got an Issue? Email me: megadrivingschoolyt@gmail.com  Chapters: 00:00 Suspected Drunk Driver Makes Wild Move on Dashcam 00:20 Driver Runs Red Light Causing Crash at Intersection 00:46 Car Crash Leaves Driver With Busted Ego 01:25 Driving Fail Caught on Camera 01:42 Driver Cuts Across Lane Without Looking 01:58 Dashcam Caught 03:15 Van Driver Runs Red Light Nearly Hitting Cars 03:36 Dashcam Footage 04:11 Truck Driver Runs Car Off the Road 04:31 Driving Fail Caught on Camera 05:04 Truck Driver Makes U Turn Forcing Car to Brake 05:28 Dashcam Caught 05:51 Close Call Driving With No Contact on Dashcam 06:05 Dashcam Footage 06:22 Driver Causes Close Call on I4 Freeway 06:43 Driving Fail Caught on Camera 07:04 Roundabout Driver Close Call on Dashcam 07:19 Gas Station Crash Caught on Dashcam 07:40 Car Crash Captured on Front Dashcam in Pomona 08:09 Dashcam Caught 08:24 Driver Walkthrough Shows Sidewalk Safety Issues 08:48 Honda CRV Driver Causes Blind Hill Close Call 09:02 Dashcam Footage 09:33 BMW Driver Cuts Across Lanes for Exit 09:45 End    #dashcam #car #automobile","[{'title': 'Suspected Drunk Driver Makes Wild Move on Dashcam', 'timestamp': '0:00:00'}, {'title': 'Driver Runs Red Light Causing Crash at Intersection', 'timestamp': '0:00:20'}, {'title': 'Car Crash Leaves Driver With Busted Ego', 'timestamp': '0:00:46'}, {'title': 'Driving Fail Caught on Camera', 'timestamp': '0:01:25'}, {'title': 'Driver Cuts Across Lane Without Looking', 'timestamp': '0:01:42'}, {'title': 'Dashcam Caught', 'timestamp': '0:01:58'}, {'title': 'Van Driver Runs Red Light Nearly Hitting Cars', 'timestamp': '0:03:15'}, {'title': 'Dashcam Footage', 'timestamp': '0:03:36'}, {'title': 'Truck Driver Runs Car Off the Road', 'timestamp': '0:04:11'}, {'title': 'Driving Fail Caught on Camera', 'timestamp': '0:04:31'}, {'title': 'Truck Driver Makes U Turn Forcing Car to Brake', 'timestamp': '0:05:04'}, {'title': 'Dashcam Caught', 'timestamp': '0:05:28'}, {'title': 'Close Call Driving With No Contact on Dashcam', 'timestamp': '0:05:51'}, {'title': 'Dashcam Footage', 'timestamp': '0:06:05'}, {'title': 'Driver Causes Close Call on I4 Freeway', 'timestamp': '0:06:22'}, {'title': 'Driving Fail Caught on Camera', 'timestamp': '0:06:43'}, {'title': 'Roundabout Driver Close Call on Dashcam', 'timestamp': '0:07:04'}, {'title': 'Gas Station Crash Caught on Dashcam', 'timestamp': '0:07:19'}, {'title': 'Car Crash Captured on Front Dashcam in Pomona', 'timestamp': '0:07:40'}, {'title': 'Dashcam Caught', 'timestamp': '0:08:09'}, {'title': 'Driver Walkthrough Shows Sidewalk Safety Issues', 'timestamp': '0:08:24'}, {'title': 'Honda CRV Driver Causes Blind Hill Close Call', 'timestamp': '0:08:48'}, {'title': 'Dashcam Footage', 'timestamp': '0:09:02'}, {'title': 'BMW Driver Cuts Across Lanes for Exit', 'timestamp': '0:09:33'}, {'title': 'End', 'timestamp': '0:09:45'}]",11,04092026
116,I6FgSAzSYqQ,Eure Videos #506 Kobra11 #29 - Unfälle Dashcam,13072025,UC6sac4Q3AuQUGoUpnzd10bA,598328,"Ich habe viele Dashcams getestet. Mein Empfehlungsvideo ""Welche Dashcam kaufen"": https://youtu.be/gkKVjiCNK9g Einsendepause bis ca Oktober 2025. Schickt mir keine Videos. Rund um die Uhr FahrnuenftigTV: https://www.twitch.tv/fahrnuenftigTV Mit freundlicher Unterstützung durch @Horsepower Dashcam ! Die Einsenderegeln, welche die Einsender akzeptiert haben, findet ihr in der Warteliste. Warteliste: https://www.saschas-fanforum.de/warteliste Dort steht zB, wie was wo ihr mir Videos schickt, dass ich die Videos exklusiv haben will bis ich sie gezeigt habe, ihr die Nutzungsrechte an mich abtretet, ich mit euren Einsendungen Geld verdiene, und dass ich im Falle einer Anzeige keine Infos rausgeben kann weil zum Zeitpunkt der Veröffentlichung die Absender und unverpixelte Videos mir schon lange nicht mehr vorliegen. (So fordert es die DSGVO) Und dass eigentlich immer Einsendepause herrscht weil ich innerhalb 4 Tagen Material für Monate zugeschickt kriege. Da steht aber auch, dass ihr richtige Unfälle immer schicken könnt. Regeln beachten!  -- Dieser Kanal dient zur Unterhaltung und vor allem zur Aufklärung! Darum wird hier niemand verpetzt oder angezeigt. Wenn Szenen gelöscht werden sollen, einfach mal ne freundliche email mit eurem Anliegen an mich. Das geht schneller als Anwälte einzuschalten. Email findet ihr in der Kanalinfo. --  Ich habe viele Dashcams getestet.  Mein Empfehlungsvideo ""Welche Dashcam kaufen"": https://youtu.be/gkKVjiCNK9g  Playlist mit allen Dashcamtests: https://youtube.com/playlist?list=PLDRvRUfzawC1RnekDplzXoBDbTEsvPROb  Wer mir unbedingt etwas ohne Gegenleistung spenden möchte kann dieses über paypal tun: fahrnuenftig@t-online.de Oder monatlich spenden via Steady. (Jederzeit kündbare Abos) https://steady.page/de/fahrnuenftig  Livestream 24/7 von Eure Videos und Sascha LKW auf Twitch: https://www.twitch.tv/fahrnuenftigtv Manchmal streame ich auf Twitch, aber wenn, dann fahre ich dort Autos kaputt: https://www.twitch.tv/SaschaFahrnuenftig Fanforum: https://www.saschas-fanforum.de  Meine Fernfahrerzeit im LKW und wie ich mich über die anderen Verkehrsteilnehmer aufrege, seht ihr hier: @Sascha LKW Fahrnünftig https://www.youtube.com/fahrnuenftig  Asoziale Netzwerke: facebook: Sascha Fahrnünftig https://www.facebook.com/saschalkwfahrnuenftig instagram: SaschaFahrnuenftig https://instagram.com/saschafahrnuenftig/  Unterstützen könnt ihr mich wenn ihr bei amazon/ebay/dashcam-shop einkaufen geht. Klickt vorher einen von meinen Links an, und kauft euch dann das was ihr sowieso haben wollt. Dann kriege ich eine Provision dafür (Affiliate-Links) Euch kostet das keinen Cent mehr. Ihr könnt natürlich kaufen wo ihr wollt. Danke für eure Unterstützung! Rabattcodes unterm Vergleichsvideo.  Ich habe viele Dashcams getestet.  Mein NEUES Empfehlungsvideo ""Welche Dashcam kaufen"": https://youtu.be/gkKVjiCNK9g Playlist mit allen Dashcamtests: https://youtube.com/playlist?list=PLDRvRUfzawC1RnekDplzXoBDbTEsvPROb  128GB Speicherkarte für alle Dashcams (Update 12-2024): https://amzn.to/48zo1WJ Für die neuen 4K Cams vielleicht sogar die teuren: https://amzn.to/3AxEUEt (Oder gleich die teuren Herstellerkarten. Aktueller Stand reichen aber die günstigeren zuerst genannten Karten. Die Zeit wird es zeigen)  12 Volt USB Verteiler der nicht aufbrennt: https://amzn.to/2xXfKvm  Mein super gutes Autobatterie Ladegerät: https://amzn.to/3UgA1nj  Leere Autobatterie? Sich selber Starthilfe geben: ebay: https://ebay.us/r1lyPN oder: https://ebay.us/Tdx3Kw Amazon anscheinend der Nachfolger (ungetestet): https://amzn.to/4l1kgPj  Die sauhelle Taschenlampe aus den LKW-Videos, bzw der ebenso gute Nachfolger mit USB-C: https://amzn.to/35RHaUm  Meine Schuhgröße ist die 45.  http://amzn.to/2qx7NYQ  Pro Wischdurchgang nutze ich 3 Blatt gefaltetes Klopapier. http://amzn.to/2I9ifyo  Falls sich einer für das Gesicht der Kanalstimme interessiert: https://youtu.be/DtPB4cHMv_o  Wer tatsächlich bis hier gelesen hat: Ich schenke euch eine Dashcam: https://amzn.to/3l32HQ8  Nee, im Ernst. Meine Belohnung für euch: https://youtu.be/vlohpVLwar0",[],11,04092026
117,I19CWuY2_F4,Idiots In Cars 397,26032026,UCOS7jdle9zw_HnKW4ytZnDw,260055,"Dashcams don’t just record accidents, they show how close we come to them every day. It’s a wakeup call to stay focused, drive defensively, and never assume the other person’s paying attention. It is a reminder how fast things can change and why staying alert really matters. You don’t need a crash to learn from the videos, just seeing how quickly things go wrong is enough to make you drive with a little more caution and a lot more awareness.   ‼️Dashcam Nation makes content to help viewers and those who drive be more vigilant while commuting to work, home, or even on trips. Our focus is to raise awareness and learn from others’ driving mistakes. We truly believe this footage can serve as an educational and informational guide for viewers to analyze and evaluate situations. Remember, when you’re on the road, incidents can happen in the blink of an eye. So, please stay safe and vigilant while driving, and pay attention to road conditions and other vehicles. ‼️   📥Submit your video: https://forms.gle/NnPQSGG5PWUT8EBbA   📋All the clips featured in our channel are used with copyright owners' permission, if you have any inquiry regarding your clip, please contact us at: dashcamnationofficial@gmail.com   Special thanks to: Pibbette Ted ThatGalBlu Bryar Z Chest2Factory beingobviously Adrain06-_0 Arabella723   Kent WA | Hit and Run Accident 03/23/26 - https://youtu.be/EtDBi1nI8eE THE END! I got the rear-end and totalled last year today - https://youtu.be/LNiZ--kXTLc dash cam - https://youtu.be/d8591FZc7VM Close call Brampton - https://youtu.be/ZhhHU3b6gOg car hit - https://youtu.be/-DDY8WEt9hs Near miss Dashcam Footage. Staying calm after a near collision. - https://youtu.be/_MxOMmrbdY8 Cut off and road rage. - https://youtu.be/XdhsITDkGO4 Red Light Run Crash - https://youtu.be/OdONuIkVPT4    #dashcam #train #baddrivers",[],11,04092026
118,cyFCJvFxWdM,North American Car Crash Compilation - 903 | Driving Fails | Dash Cam USA,27022026,UCKIrZr7WuPFgFy7OfkAuHOw,28735,"The wildest dashcam caught compilation is here. We’re breaking down the best of car crashes, brutal road rage, and mind-boggling bad drivers across the USA and Canada.  Treat this as a quick driving school lesson on what NOT to do out there on the roads. In this video, we analyze these dangerous situations to help you learn how to drive more defensively, identify potential hazards before they happen, and understand the critical mistakes that lead to these accidents. Stay safe and watch closely - there is a lesson in every clip.  ✪ Submit your Dashcam video for the feature here: https://megadrivingschool.com/submit Or sent to Email: megadrivingschoolyt@gmail.com  Got an Issue? Email me: megadrivingschoolyt@gmail.com  Chapters: 00:00 BMW Slides Into a Curb on Snowy Roads 00:19 Welcome to Brampton Driving 00:44 Car accident caught on dashcam 01:06 Runs a Yellow on Ice and Crashes 01:28 Close Call With a Jumping Deer 01:42 Motorcycle Locks Up at 45 MPH on US Hwy 70 02:01 BMW Drift Attempt Goes Wrong 02:17 Road Rage After Passing in a School Zone 03:08 Both Turning Right, No Signal, CA-17 Close Call 03:24 Driver Smacks the Curb 03:46 Speeding Subaru Meets an Unmarked Patrol Car 04:05 Car crash caught on dashcam 04:25 Denver Drivers Strike Again 04:42 Car accident caught on dashcam 05:08 Minivan Ignores the Bike Lane 05:27 No Signal and Swerves Into My Lane 05:49 Pulls Out From Wilson’s Cheese Shoppe Into Traffic 06:07 Car crash caught on dashcam 06:25 VTA Bus Blocking the Way 07:00 NJ Transit Bus Uses Shoulder to Reach Exit 07:28 Cuts Around Traffic and Forces Into My Lane 07:53 Why Can’t Drivers Just Check Their Blind Spot? 08:06 Slams the Brakes on the Highway and Causes a Crash 08:23 Express Lanes Chaos and Drivers Start Recording Each Other 08:46 80 in a 60 Turns Into a Police Chase and Crash 09:48 End   #dashcam #car #automobile","[{'title': 'BMW Slides Into a Curb on Snowy Roads', 'timestamp': '0:00:00'}, {'title': 'Welcome to Brampton Driving', 'timestamp': '0:00:19'}, {'title': 'Car accident caught on dashcam', 'timestamp': '0:00:44'}, {'title': 'Runs a Yellow on Ice and Crashes', 'timestamp': '0:01:06'}, {'title': 'Close Call With a Jumping Deer', 'timestamp': '0:01:28'}, {'title': 'Motorcycle Locks Up at 45 MPH on US Hwy 70', 'timestamp': '0:01:42'}, {'title': 'BMW Drift Attempt Goes Wrong', 'timestamp': '0:02:01'}, {'title': 'Road Rage After Passing in a School Zone', 'timestamp': '0:02:17'}, {'title': 'Both Turning Right, No Signal, CA-17 Close Call', 'timestamp': '0:03:08'}, {'title': 'Driver Smacks the Curb', 'timestamp': '0:03:24'}, {'title': 'Speeding Subaru Meets an Unmarked Patrol Car', 'timestamp': '0:03:46'}, {'title': 'Car crash caught on dashcam', 'timestamp': '0:04:05'}, {'title': 'Denver Drivers Strike Again', 'timestamp': '0:04:25'}, {'title': 'Car accident caught on dashcam', 'timestamp': '0:04:42'}, {'title': 'Minivan Ignores the Bike Lane', 'timestamp': '0:05:08'}, {'title': 'No Signal and Swerves Into My Lane', 'timestamp': '0:05:27'}, {'title': 'Pulls Out From Wilson’s Cheese Shoppe Into Traffic', 'timestamp': '0:05:49'}, {'title': 'Car crash caught on dashcam', 'timestamp': '0:06:07'}, {'title': 'VTA Bus Blocking the Way', 'timestamp': '0:06:25'}, {'title': 'NJ Transit Bus Uses Shoulder to Reach Exit', 'timestamp': '0:07:00'}, {'title': 'Cuts Around Traffic and Forces Into My Lane', 'timestamp': '0:07:28'}, {'title': 'Why Can’t Drivers Just Check Their Blind Spot?', 'timestamp': '0:07:53'}, {'title': 'Slams the Brakes on the Highway and Causes a Crash', 'timestamp': '0:08:06'}, {'title': 'Express Lanes Chaos and Drivers Start Recording Each Other', 'timestamp': '0:08:23'}, {'title': '80 in a 60 Turns Into a Police Chase and Crash', 'timestamp': '0:08:46'}, {'title': 'End', 'timestamp': '0:09:48'}]",11,04092026
119,NKwEHwbbUYo,North American Car Crash Compilation - 866 | Driving Fails | Dash Cam USA,08012026,UCKIrZr7WuPFgFy7OfkAuHOw,35513,"Welcome to the wildest dashcam compilation yet. In this video, we’re breaking down the best car crashes, brutal road rage, and mind-boggling bad drivers from across the USA and Canada.  Treat this as a quick driving school lesson on what NOT to do out there on the roads. In this video, we analyze these dangerous situations to help you learn how to drive more defensively, identify potential hazards before they happen, and understand the critical mistakes that lead to these accidents. Stay safe and watch closely - there is a lesson in every clip.  ✪ Submit your Dashcam video for the feature here: https://megadrivingschool.com/submit Or sent to Email: megadrivingschoolyt@gmail.com  Got an Issue? Email me: megadrivingschoolyt@gmail.com  What you'll see in this caught on dashcam video: 00:00 No Shoulder Check Merge, Nearly Side Swipe 00:17 Line-Cutter Infiniti Causes Crash, Blames Us 00:41 Rear-End Crash On Dallas I-635, No Injuries 00:58 Fort Worth Crash, January 3 2026 01:33 Run Off Road Again, Dashcam Catches It 02:53 Car crash caught on dashcam video 02:21 Late Turn-Lane Move, Signals Too Late 02:37 Car accident caught on dashcam video 03:18 Enterprise Minivan Hits Employee RAV4 Twice 03:46 Caretaker Keeps Reversing Into My Parked Car 04:14 Car crash caught on dashcam video 04:52 Illegal Double-Yellow Pass, Then Files Claim 05:13 Rear-Ended While Stopped At Red Light 05:33 Car accident caught on dashcam video 05:52 Runs Long Red At Moorabbin, Yikes 06:09 Car crash caught on dashcam video 06:27 Closest Call Ever, Inches From Impact 06:50 Car accident caught on dashcam video 07:20 Instant Karma At Norwood Signal, Nov 2025 07:40 Hit-And-Run Caught, Everyone Walks Away Okay 08:12 Motorcyclist Turns Violent, Tries Opening My Door 08:41 Black Bronco Drives Like Idiot, Hits Car 09:18 Dirt Bikes Blow Red Lights Again 09:33 Corvette Runs Red, Closes Gap, Crash 10:03 Driver Tries Forcing Me Off, Then Follows 10:35 BMW Weaves Through Traffic, Police Step In 11:08 Learn To Use A Roundabout Already 11:22 End  #dashcam #car #automobile  ------------------------------------------------------------------------- Educational Disclaimer: These car crashes in usa and Canada are curated strictly for traffic safety analysis, accident awareness, and educational purposes. Drive safe!","[{'title': 'No Shoulder Check Merge, Nearly Side Swipe', 'timestamp': '0:00:00'}, {'title': 'Line-Cutter Infiniti Causes Crash, Blames Us', 'timestamp': '0:00:17'}, {'title': 'Rear-End Crash On Dallas I-635, No Injuries', 'timestamp': '0:00:41'}, {'title': 'Fort Worth Crash, January 3 2026', 'timestamp': '0:00:58'}, {'title': 'Run Off Road Again, Dashcam Catches It', 'timestamp': '0:01:33'}, {'title': 'Car crash caught on dashcam video', 'timestamp': '0:02:53'}, {'title': 'Enterprise Minivan Hits Employee RAV4 Twice', 'timestamp': '0:03:18'}, {'title': 'Caretaker Keeps Reversing Into My Parked Car', 'timestamp': '0:03:46'}, {'title': 'Car crash caught on dashcam video', 'timestamp': '0:04:14'}, {'title': 'Illegal Double-Yellow Pass, Then Files Claim', 'timestamp': '0:04:52'}, {'title': 'Rear-Ended While Stopped At Red Light', 'timestamp': '0:05:13'}, {'title': 'Car accident caught on dashcam video', 'timestamp': '0:05:33'}, {'title': 'Runs Long Red At Moorabbin, Yikes', 'timestamp': '0:05:52'}, {'title': 'Car crash caught on dashcam video', 'timestamp': '0:06:09'}, {'title': 'Closest Call Ever, Inches From Impact', 'timestamp': '0:06:27'}, {'title': 'Car accident caught on dashcam video', 'timestamp': '0:06:50'}, {'title': 'Instant Karma At Norwood Signal, Nov 2025', 'timestamp': '0:07:20'}, {'title': 'Hit-And-Run Caught, Everyone Walks Away Okay', 'timestamp': '0:07:40'}, {'title': 'Motorcyclist Turns Violent, Tries Opening My Door', 'timestamp': '0:08:12'}, {'title': 'Black Bronco Drives Like Idiot, Hits Car', 'timestamp': '0:08:41'}, {'title': 'Dirt Bikes Blow Red Lights Again', 'timestamp': '0:09:18'}, {'title': 'Corvette Runs Red, Closes Gap, Crash', 'timestamp': '0:09:33'}, {'title': 'Driver Tries Forcing Me Off, Then Follows', 'timestamp': '0:10:03'}, {'title': 'BMW Weaves Through Traffic, Police Step In', 'timestamp': '0:10:35'}, {'title': 'Learn To Use A Roundabout Already', 'timestamp': '0:11:08'}, {'title': 'End', 'timestamp': '0:11:22'}]",11,04092026
120,RsuUvjMxTXg,Insane Driver Disasters | Car Fails Caught on Dashcam,02112022,UCPDis9pjXuqyI7RYLJ-TTSA,25381818,"When you hit Mach Fail! ►►► Submit your videos for the chance to be featured 🔗 https://www.failarmy.com/pages/submit-video ▼ Follow us for more fails! https://linktr.ee/failarmy  Catch all our shows streaming today ➝ https://www.failarmy.com/pages/watch-live  FailArmy is the world’s number one source for epic fail videos and hilarious compilations. We’re powered by fan submissions and feedback from all around the world, with over 69 million fans across digital platforms! From our team to you all, thank you for your support 😊  To license any of the videos shown on FailArmy, please visit Jukin Media at http://bit.ly/jukinlicense Compilation created by Ryan Toomes #FailArmy #funny #fails #lol #comedy #memes",[],10,04092026
121,BRXIhpfyiSk,Australian Car Crash / Dash Cam Compilation 44,08122024,UCvfqpaehdaqtkXPNhvJRyGA,647745,Our Merch store: https://dashcamownersaus-shop.fourthwall.com/  Our Dash Cam Store (Use code DCOA5 for 5% off storewide): http://www.dashcamownersaus.com.au/  Send us a video: https://dashcamownersaus.com.au/contact-us/,[],10,04092026
122,Jt_dBICAlAk,Idiots In Cars 427,13082026,UCOS7jdle9zw_HnKW4ytZnDw,115002,"Dashcams don’t just record accidents, they show how close we come to them every day. It’s a wakeup call to stay focused, drive defensively, be more cautious, and never assume the other person’s paying attention. It is a reminder how fast things can change and why staying alert really matters. You don’t need a crash to learn from the videos, just seeing how quickly things go wrong is enough to make you drive with a little more caution and a lot more awareness.   📋All the clips featured in our channel are used with copyright owners' permission, if you have any inquiry regarding your clip, please contact us at: dashcamnationofficial@gmail.com   📥Submit your video: https://forms.gle/NnPQSGG5PWUT8EBbA   Special thanks to: Roddy Judson Roper SonataRicer YumiRony dorytori Anonymous Gibbarino DudeWithTheFood Behindu Yumi protomenace Matt Shoutout to: https://www.youtube.com/@Oldscudrunner  Shoutout to: https://www.youtube.com/@cmcanadv    Dashcam #21: Accident July 25 2026 - https://youtu.be/prHh5j7x1gE lol a cut off? - https://youtu.be/oMrPdL1nHLQ Convenient Cop - https://youtu.be/OtFsvs4OSxg Other driver hit me and now I can't work | Here's what happened - https://youtu.be/AG9Dk12Bhy4 GoFundMe link: gofund.me/204dd948d    ‼️Dashcam Nation makes content to help viewers and those who drive be more observant while commuting to work, home, or even on trips. Our focus is to raise awareness and learn from others’ driving mistakes and anticipate them. Remember, when you’re on the road, incidents can happen in the blink of an eye. So, please stay safe and vigilant while driving, and pay attention to road conditions. Our videos will help you know what to keep an eye out for.‼️    #dashcam #dashcamvideos #dashcamvideo",[],10,04092026
123,n1nmljVVxZo,North American Car Crash Compilation - 925 | Driving Fails | Dash Cam USA,04042026,UCKIrZr7WuPFgFy7OfkAuHOw,39702,"The wildest dashcam caught compilation is here. We’re breaking down the best of car crashes, brutal road rage, and mind-boggling bad drivers across the USA and Canada.  Treat this as a quick driving school lesson on what NOT to do out there on the roads. In this video, we analyze these dangerous situations to help you learn how to drive more defensively, identify potential hazards before they happen, and understand the critical mistakes that lead to these accidents. Stay safe and watch closely - there is a lesson in every clip.  ✪ Submit your Dashcam video for the feature here: https://megadrivingschool.com/submit Or sent to Email: megadrivingschoolyt@gmail.com  Got an Issue? Email me: megadrivingschoolyt@gmail.com  Chapters: 00:00 Driver Misjudges Roundabout Gap Causing Close Call 00:22 Driving Fail Caught on Camera 00:50 Wrong Way Driver Flees Police Nearly Causes Head On 01:09 Dashcam Caught 01:58 Dashcam Footage 02:12 Driver Runs Red Light Causing Head On Crash 02:36 Driving Fail Caught on Camera 03:17 Lexus Driver Merges Recklessly Causing Close Call 03:53 Dashcam Caught 04:09 Dashcam Footage 04:29 Roundabout Driver Fails to Yield Causes Crash 04:57 Driving Fail Caught on Camera 05:17 Car Crash on Route 28 Caught on Dashcam 05:38 Dashcam Caught 05:52 Driver Changes Lane Without Looking Nearly Crashes 06:11 Bus Driver Runs Stop Sign Crashes Into Truck 06:32 Dashcam Footage 07:14 Driver Runs Red Light Risking Lives 07:34 Driver Fails to Yield Entering Roadway 07:50 Dashcam Shows Dangerous Driving Behavior 08:08 Driver Cuts Through Parking Lot to Beat Red Light 08:25 Pickup Driver Cuts Off Car Then Brake Checks 08:43 Driving Fail Caught on Camera 08:57 Confused Driver Causes Traffic Issues on Dashcam 09:12 Drivers Block Road During School Pickup Chaos 09:33 Distracted Driver Fails to Yield at Busy Intersection 09:54 Driver Makes Last Second Exit on Dashcam 10:08 Driver Fails to Check Blind Spot Before Lane Change 10:30 End   #dashcam #car #automobile","[{'title': 'Driver Misjudges Roundabout Gap Causing Close Call', 'timestamp': '0:00:00'}, {'title': 'Driving Fail Caught on Camera', 'timestamp': '0:00:22'}, {'title': 'Wrong Way Driver Flees Police Nearly Causes Head On', 'timestamp': '0:00:50'}, {'title': 'Dashcam Caught', 'timestamp': '0:01:09'}, {'title': 'Dashcam Footage', 'timestamp': '0:01:58'}, {'title': 'Driver Runs Red Light Causing Head On Crash', 'timestamp': '0:02:12'}, {'title': 'Driving Fail Caught on Camera', 'timestamp': '0:02:36'}, {'title': 'Lexus Driver Merges Recklessly Causing Close Call', 'timestamp': '0:03:17'}, {'title': 'Dashcam Caught', 'timestamp': '0:03:53'}, {'title': 'Dashcam Footage', 'timestamp': '0:04:09'}, {'title': 'Roundabout Driver Fails to Yield Causes Crash', 'timestamp': '0:04:29'}, {'title': 'Driving Fail Caught on Camera', 'timestamp': '0:04:57'}, {'title': 'Car Crash on Route 28 Caught on Dashcam', 'timestamp': '0:05:17'}, {'title': 'Dashcam Caught', 'timestamp': '0:05:38'}, {'title': 'Driver Changes Lane Without Looking Nearly Crashes', 'timestamp': '0:05:52'}, {'title': 'Bus Driver Runs Stop Sign Crashes Into Truck', 'timestamp': '0:06:11'}, {'title': 'Dashcam Footage', 'timestamp': '0:06:32'}, {'title': 'Driver Runs Red Light Risking Lives', 'timestamp': '0:07:14'}, {'title': 'Driver Fails to Yield Entering Roadway', 'timestamp': '0:07:34'}, {'title': 'Dashcam Shows Dangerous Driving Behavior', 'timestamp': '0:07:50'}, {'title': 'Driver Cuts Through Parking Lot to Beat Red Light', 'timestamp': '0:08:08'}, {'title': 'Pickup Driver Cuts Off Car Then Brake Checks', 'timestamp': '0:08:25'}, {'title': 'Driving Fail Caught on Camera', 'timestamp': '0:08:43'}, {'title': 'Confused Driver Causes Traffic Issues on Dashcam', 'timestamp': '0:08:57'}, {'title': 'Drivers Block Road During School Pickup Chaos', 'timestamp': '0:09:12'}, {'title': 'Distracted Driver Fails to Yield at Busy Intersection', 'timestamp': '0:09:33'}, {'title': 'Driver Makes Last Second Exit on Dashcam', 'timestamp': '0:09:54'}, {'title': 'Driver Fails to Check Blind Spot Before Lane Change', 'timestamp': '0:10:08'}, {'title': 'End', 'timestamp': '0:10:30'}]",10,04092026
124,9ELexREvAgc,Idiots In Cars 412,31052026,UCOS7jdle9zw_HnKW4ytZnDw,999907,"Dashcams don’t just record accidents, they show how close we come to them every day. It’s a wakeup call to stay focused, drive defensively, and never assume the other person’s paying attention. It is a reminder how fast things can change and why staying alert really matters. You don’t need a crash to learn from the videos, just seeing how quickly things go wrong is enough to make you drive with a little more caution and a lot more awareness.   ‼️Dashcam Nation makes content to help viewers and those who drive be more vigilant while commuting to work, home, or even on trips. Our focus is to raise awareness and learn from others’ driving mistakes. We truly believe this footage can serve as an educational and informational guide for viewers to analyze and evaluate situations. Remember, when you’re on the road, incidents can happen in the blink of an eye. So, please stay safe and vigilant while driving, and pay attention to road conditions and other vehicles. ‼️   📥Submit your video: https://forms.gle/NnPQSGG5PWUT8EBbA   📋All the clips featured in our channel are used with copyright owners' permission, if you have any inquiry regarding your clip, please contact us at: dashcamnationofficial@gmail.com   Special thanks to: Alex G Steve DooDad Red Andrewjdc ooshkey Harry Safedriver Kenzie Egan Young   Accident caught on dashcam May 27, 2026 in Kennesaw, GA - https://youtu.be/VwUWIweFWiM 20260527 184508 f - https://youtu.be/LHu4IOE1tv4    #dashcam",[],10,04092026
125,3dkcH7GNR8M,Greater Vancouver Car Crash Compilation 15,22012024,UCHqv83x-ulI-IpOh8w40r5g,78347,"Need a dash cam? Visit Essell Auto for all your dash cam and installation needs! Use promo code ""xsupad5"" for 5% off orders over $150 on https://www.essellauto.com/  A compilation of car crashes from the Greater Vancouver Area / Lower Mainland. Part 15.  If anyone has footage that they would like to submit, please upload it to Google Drive and email the link to xsupad@gmail.com  Featured clips and channels in this video: 0:04 https://www.youtube.com/watch?v=HGZwg4pR8gc 0:17 https://www.youtube.com/watch?v=2TbxSnqKHWM 0:34 https://www.youtube.com/watch?v=Wvl5V3yisc4 0:53 Submitted video 1:07 https://youtu.be/WMtwR0UpFdA 1:26 https://www.youtube.com/watch?v=DZUou3xJzTA 1:37 https://www.youtube.com/watch?v=OY1n3HmQcZw 1:52 https://www.youtube.com/watch?v=7IxvB2Lmdgg 2:12 https://www.youtube.com/watch?v=3RuQ1tmoHME 2:28 Unknown 2:44 https://www.youtube.com/watch?v=w6KDauasikk 3:02 https://www.youtube.com/watch?v=haMuZmY2zjw 3:16 https://www.youtube.com/watch?v=OBywYUdLMa8 3:35 https://www.youtube.com/watch?v=kRAuuD9TEAg 3:51 https://www.youtube.com/watch?v=KyDrg8OE-68 4:02 https://www.youtube.com/watch?v=3Qn_Q11dhcs 4:19 https://www.youtube.com/watch?v=mgYsHNKKKDY 4:31 https://www.youtube.com/watch?v=FT-dNGUioBw 4:47 https://www.youtube.com/watch?v=rO19SSvpeyE 4:59 https://www.youtube.com/watch?v=YeMl7Uare3s 5:13 https://www.youtube.com/watch?v=tM8faAQQBvA 5:27 https://www.youtube.com/watch?v=XkN3AVd-kwk 5:39 https://www.youtube.com/watch?v=0RARXLzNXk4 5:56 https://www.youtube.com/watch?v=sQksxXxQSYY 6:09 https://www.youtube.com/watch?v=Y7e1QRIOhQc 6:22 Submitted Video 6:40 https://www.youtube.com/watch?v=OfsLHV3G9Tk 6:55 https://www.youtube.com/watch?v=UwAiPIjbayA 7:08 https://www.youtube.com/watch?v=5q4YJHZQBAE 7:25 https://www.youtube.com/watch?v=lUOfpvH7qDo 7:38 Unknown",[],10,04092026
126,4brJwIVLiV4,Idiots In Cars 410,21052026,UCOS7jdle9zw_HnKW4ytZnDw,97917,"Dashcams don’t just record accidents, they show how close we come to them every day. It’s a wakeup call to stay focused, drive defensively, and never assume the other person’s paying attention. It is a reminder how fast things can change and why staying alert really matters. You don’t need a crash to learn from the videos, just seeing how quickly things go wrong is enough to make you drive with a little more caution and a lot more awareness.   ‼️Dashcam Nation makes content to help viewers and those who drive be more vigilant while commuting to work, home, or even on trips. Our focus is to raise awareness and learn from others’ driving mistakes. We truly believe this footage can serve as an educational and informational guide for viewers to analyze and evaluate situations. Remember, when you’re on the road, incidents can happen in the blink of an eye. So, please stay safe and vigilant while driving, and pay attention to road conditions and other vehicles. ‼️   📥Submit your video: https://forms.gle/NnPQSGG5PWUT8EBbA   📋All the clips featured in our channel are used with copyright owners' permission, if you have any inquiry regarding your clip, please contact us at: dashcamnationofficial@gmail.com   Special thanks to: CHP - Truckee Kaleb Patback @802broke  Mattias P Sophie N. Jamo Anonymous Austin Bacigalupo    Dashcam video of my rollover - https://youtu.be/sX6Mh8a70XI RIP Mailbox - Florida Man Car Crash - https://youtu.be/oar_M_3SN1E Dash cam - https://youtu.be/0d8in261iDE Accident 02/16/2026 Douglas Ave & Rawlins St Dallas, Texas - https://youtu.be/3Z194XT19YM Ford Focus driver pulled over speeding in morning rush hour - https://youtu.be/XfP-2jz6izQ  Hit and run 5/18/2016 - https://youtu.be/c4fg9j4bskI Moving company hits 87 El Camino - https://youtu.be/ipiiGpsgiLg Red light runner almost hits me - https://youtu.be/EDQRfs_v2-Y 051826 GREENSBORO NC - https://youtu.be/k2Llgjl-5kM    #dashcam #tesla #cybertruck",[],10,04092026
127,cG4J1jtj5wo,North American Car Crash Compilation - 916 | Driving Fails | Dash Cam USA,13032026,UCKIrZr7WuPFgFy7OfkAuHOw,29767,"The wildest dashcam caught compilation is here. We’re breaking down the best of car crashes, brutal road rage, and mind-boggling bad drivers across the USA and Canada.  Treat this as a quick driving school lesson on what NOT to do out there on the roads. In this video, we analyze these dangerous situations to help you learn how to drive more defensively, identify potential hazards before they happen, and understand the critical mistakes that lead to these accidents. Stay safe and watch closely - there is a lesson in every clip.  ✪ Submit your Dashcam video for the feature here: https://megadrivingschool.com/submit Or sent to Email: megadrivingschoolyt@gmail.com  Got an Issue? Email me: megadrivingschoolyt@gmail.com  Chapters: 00:00 Driver Possibly Fell Asleep While Driving 00:21 Driving Fail Caught on Camera 00:50 Car Driver Turns in Front of Me in the Rain 01:07 Dashcam Footage 01:25 Dangerous Driving by a Careless Driver 01:37 Dashcam Caught 02:06 Driving Fail Caught on Camera 02:19 Truck Driver Clips My Car Bumper in Pueblo 02:36 Hit-and-Run Car Driver in Winnipeg 03:09 Dashcam Footage 03:27 Truck Driver Confused About Lanes on Highway 03:48 Range Rover Driver Fails to Yield in Traffic 04:10 Jetta Driver Nearly Causes Head-On Car Crash 04:26 Driving Fail Caught on Camera 04:58 Aggressive Driver Tailgates My Car and a Cop 05:28 Driver Uses Shoulder Then Brake Checks Car 05:40 Dashcam Footage 05:53 Dashcam Caught 06:09 Red-Light Runner Driver T-Bones Car  06:26 Man Opens Car Door in Road Rage Incident  07:06 Driving Fail Caught on Camera  07:13 Blue Car Driver Hits Pregnant Woman and Flees  07:35 Pickup Driver Brake Checks After Lane Change 08:04 Impatient Driver Gets Passed Anyway 08:21 Impaired Driver Stopped After Dangerous Driving  08:47 Dashcam Captures 101 MPH Police Chase Driver  10:15 End   #dashcam #car #automobile","[{'title': 'Driver Possibly Fell Asleep While Driving', 'timestamp': '0:00:00'}, {'title': 'Driving Fail Caught on Camera', 'timestamp': '0:00:21'}, {'title': 'Car Driver Turns in Front of Me in the Rain', 'timestamp': '0:00:50'}, {'title': 'Dashcam Footage', 'timestamp': '0:01:07'}, {'title': 'Dangerous Driving by a Careless Driver', 'timestamp': '0:01:25'}, {'title': 'Dashcam Caught', 'timestamp': '0:01:37'}, {'title': 'Driving Fail Caught on Camera', 'timestamp': '0:02:06'}, {'title': 'Truck Driver Clips My Car Bumper in Pueblo', 'timestamp': '0:02:19'}, {'title': 'Hit-and-Run Car Driver in Winnipeg', 'timestamp': '0:02:36'}, {'title': 'Dashcam Footage', 'timestamp': '0:03:09'}, {'title': 'Truck Driver Confused About Lanes on Highway', 'timestamp': '0:03:27'}, {'title': 'Range Rover Driver Fails to Yield in Traffic', 'timestamp': '0:03:48'}, {'title': 'Jetta Driver Nearly Causes Head-On Car Crash', 'timestamp': '0:04:10'}, {'title': 'Driving Fail Caught on Camera', 'timestamp': '0:04:26'}, {'title': 'Aggressive Driver Tailgates My Car and a Cop', 'timestamp': '0:04:58'}, {'title': 'Driver Uses Shoulder Then Brake Checks Car', 'timestamp': '0:05:28'}, {'title': 'Dashcam Footage', 'timestamp': '0:05:40'}, {'title': 'Dashcam Caught', 'timestamp': '0:05:53'}, {'title': 'Red-Light Runner Driver T-Bones Car', 'timestamp': '0:06:09'}, {'title': 'Man Opens Car Door in Road Rage Incident', 'timestamp': '0:06:26'}, {'title': 'Driving Fail Caught on Camera', 'timestamp': '0:07:06'}, {'title': 'Blue Car Driver Hits Pregnant Woman and Flees', 'timestamp': '0:07:13'}, {'title': 'Pickup Driver Brake Checks After Lane Change', 'timestamp': '0:07:35'}, {'title': 'Impatient Driver Gets Passed Anyway', 'timestamp': '0:08:04'}, {'title': 'Impaired Driver Stopped After Dangerous Driving', 'timestamp': '0:08:21'}, {'title': 'Dashcam Captures 101 MPH Police Chase Driver', 'timestamp': '0:08:47'}, {'title': 'End', 'timestamp': '0:10:15'}]",10,04092026
128,uweDw82uwQw,North American Car Crash Compilation - 926 | Driving Fails | Dash Cam USA,05042026,UCKIrZr7WuPFgFy7OfkAuHOw,31840,"The wildest dashcam caught compilation is here. We’re breaking down the best of car crashes, brutal road rage, and mind-boggling bad drivers across the USA and Canada.  Treat this as a quick driving school lesson on what NOT to do out there on the roads. In this video, we analyze these dangerous situations to help you learn how to drive more defensively, identify potential hazards before they happen, and understand the critical mistakes that lead to these accidents. Stay safe and watch closely - there is a lesson in every clip.  ✪ Submit your Dashcam video for the feature here: https://megadrivingschool.com/submit Or sent to Email: megadrivingschoolyt@gmail.com  Got an Issue? Email me: megadrivingschoolyt@gmail.com  Chapters: 00:00 Driver Uses Control on Icy Road to Avoid Crash 00:22 BMW Driver Hits Car Showing Off on Dashcam 00:49 Brake Check Driver Tries to Start Fight on Dashcam 01:31 Driving Fail Caught on Camera 01:50 Truck Driver Cuts Into Lane Recklessly on Dashcam 02:21 Driver Side Swipes Car on Deerfoot Highway 02:49 Driver Goes Wrong Way in Roundabout Chaos 03:06 Hit and Run Driver Returns After Police Arrive 03:37 Dashcam Caught 03:53 Drivers Collide After Dangerous Yield Decision 04:16 Hit and Run Driver Caught on Dashcam 04:37 Dashcam Footage 04:52 Driver Runs Light Nearly Causes T Bone Crash 05:12 Driver Stays in Truck Blind Spot Causing Danger 05:35 Jeep Driver Rear Ends Car Then Flees Scene 05:59 Driver Merges at High Speed Creating Risk 06:19 Driver Drifts Into Lane Causing Crash on Dashcam 06:42 Driving Fail Caught on Camera 07:00 Driver Sudden Braking Causes Highway Danger 07:21 Dashcam Caught 07:53 Multi Car Crash Chaos on Highway 101 Dashcam 08:33 Dashcam Footage 09:00 Driving Fail Caught on Camera 09:20 Driver Not Paying Attention Causes Intersection Close Call 09:33 Dashcam Caught 09:57 SUV Driver Makes Illegal U Turn Into Traffic 10:13 Driver Fails to Navigate Roundabout Properly 10:28 End   #dashcam #car #automobile","[{'title': 'Driver Uses Control on Icy Road to Avoid Crash', 'timestamp': '0:00:00'}, {'title': 'BMW Driver Hits Car Showing Off on Dashcam', 'timestamp': '0:00:22'}, {'title': 'Brake Check Driver Tries to Start Fight on Dashcam', 'timestamp': '0:00:49'}, {'title': 'Driving Fail Caught on Camera', 'timestamp': '0:01:31'}, {'title': 'Truck Driver Cuts Into Lane Recklessly on Dashcam', 'timestamp': '0:01:50'}, {'title': 'Driver Side Swipes Car on Deerfoot Highway', 'timestamp': '0:02:21'}, {'title': 'Driver Goes Wrong Way in Roundabout Chaos', 'timestamp': '0:02:49'}, {'title': 'Hit and Run Driver Returns After Police Arrive', 'timestamp': '0:03:06'}, {'title': 'Dashcam Caught', 'timestamp': '0:03:37'}, {'title': 'Drivers Collide After Dangerous Yield Decision', 'timestamp': '0:03:53'}, {'title': 'Hit and Run Driver Caught on Dashcam', 'timestamp': '0:04:16'}, {'title': 'Dashcam Footage', 'timestamp': '0:04:37'}, {'title': 'Driver Runs Light Nearly Causes T Bone Crash', 'timestamp': '0:04:52'}, {'title': 'Driver Stays in Truck Blind Spot Causing Danger', 'timestamp': '0:05:12'}, {'title': 'Jeep Driver Rear Ends Car Then Flees Scene', 'timestamp': '0:05:35'}, {'title': 'Driver Merges at High Speed Creating Risk', 'timestamp': '0:05:59'}, {'title': 'Driver Drifts Into Lane Causing Crash on Dashcam', 'timestamp': '0:06:19'}, {'title': 'Driving Fail Caught on Camera', 'timestamp': '0:06:42'}, {'title': 'Driver Sudden Braking Causes Highway Danger', 'timestamp': '0:07:00'}, {'title': 'Dashcam Caught', 'timestamp': '0:07:21'}, {'title': 'Multi Car Crash Chaos on Highway 101 Dashcam', 'timestamp': '0:07:53'}, {'title': 'Dashcam Footage', 'timestamp': '0:08:33'}, {'title': 'Driving Fail Caught on Camera', 'timestamp': '0:09:00'}, {'title': 'Driver Not Paying Attention Causes Intersection Close Call', 'timestamp': '0:09:20'}, {'title': 'Dashcam Caught', 'timestamp': '0:09:33'}, {'title': 'SUV Driver Makes Illegal U Turn Into Traffic', 'timestamp': '0:09:57'}, {'title': 'Driver Fails to Navigate Roundabout Properly', 'timestamp': '0:10:13'}, {'title': 'End', 'timestamp': '0:10:28'}]",10,04092026
129,7PTRtdDpOgo,"UK Dash Cams 2026 #77 - Shocking Moments, Road Rage, Fails, Bad Drivers, & Close Calls",26082026,UCZyRT83aj4Gs9jIF_qgmSgg,30061,"Get your Vantrue N4 Pro S 4K Dashcam here: https://bit.ly/3Tv1M0E  Use our exclusive discount code: FUWQOI9N  ---------------------  Books Made To Be Enjoyed: https://www.amazon.co.uk/stores/author/B0F2JDRN7S/  ---------------------  👉 Clip Submissions: Want to feature your dashcam clip? I will shorten your description if it's too long!  1️⃣ Email 📧 dashcamdiariesukyt@gmail.com Send:  Name (or say “anonymous”) Short description (optional) Location (e.g., “Rugby Town Centre”) Your dashcam video (file or link)  2️⃣ Google Form 📝 https://forms.gle/9P75hNf4Cb8yBKo97  3️⃣ Facebook 📱 https://www.facebook.com/profile.php?id=61583934932848  4️⃣ Reddit  🗯https://www.reddit.com/r/DashcamDiariesUK/  ---------------------  All clips are used with permission or appropriate licensing agreements. Today's clips are found on reddit and each person accepted their clip to be used in this video.  👍 Don’t forget to like, comment, and subscribe. It really helps the channel grow and keeps the weekly compilations coming.  If you enjoy clean, commentary-free dashcam chaos, you’re in the right place.  Welcome to another UK Dashcam Compilation packed with bad driving, near misses, road rage, and those classic “only in the UK” moments. Experience the latest UK dashcam moments featuring real incidents captured on British roads, from reckless drivers and close calls to road rage, near misses, and unexpected surprises. This compilation showcases genuine dashcam footage sent in by viewers across the UK, giving you a raw look at everyday driving hazards, dangerous manoeuvres, and the fast reactions that keep people safe. If you enjoy crash compilations, driving fails, and shocking moments caught on camera, this video delivers all the action in one place. Perfect for fans of UK road content, learner drivers, and anyone who loves real-world driving footage.  #UKDashcam #BadDrivers #RoadRage #DrivingFails #NearMiss #DashcamUK #CrashCompilation #CaughtOnCamera #FailCompilation #DangerousDriving #shockingmoments",[],10,04092026
130,SZHWMWTco8U,BEST OF THE MONTH (MAY) | UK Car Crashes Compilation | Idiots In Cars 1 Hour (w/ Commentary),29062024,UC8kQrh-1JyFZ3RiTHHKMt7A,149589,"⭐This video featuring driving fails, instant karma, close call, road rage, hit and run, car crashes, good drivers, bad drivers, and many more... This video can be utilized as a learning tool, so the viewers can learn from other mistakes, not their own.  *Driving safely should be your number one concern behind the wheel. Following these defensive driving tips from our videos to improve your own road safety.  ⭐Ruby Dashcam Academy provides actual footage of road incidents captured on dash cams. There's a story-line & our own unique contributions (TEXT COMMENTARY & VOICE-OVER) throughout the video. We have also added the special editing effects, trimming, zooming, etc with the footage throughout the compilation. This whole process required our 3-5 days for producing a video.  ⭐These videos with own unique contributions can be used as an educational and informative resource for viewers to analyze and evaluate situations, stay alert and get out of a potentially dangerous situation on the road in the future.  ⭐Visit our official website for defensive driving tips: https://rubydashcamacademy.com/  ⭐ALL VIDEOS USED WITH LICENSING AGREEMENT FROM COPYRIGHT OWNER! If we made a mistake or you just want to remove your clip, please let us know here: hannahbruntnell114@gmail.com  ⭐Submit your clip for the feature here: https://rubydashcamacademy.com/submit-your-clip/ --------- Thank you for watching and stay safe!  #ukdashcam #ukcarcrashes #baddrivers #drivingfails",[],10,04092026
131,oTYeuKR2vpc,North American Car Crash Compilation - 923 | Driving Fails | Dash Cam USA,20032026,UCKIrZr7WuPFgFy7OfkAuHOw,33573,"The wildest dashcam caught compilation is here. We’re breaking down the best of car crashes, brutal road rage, and mind-boggling bad drivers across the USA and Canada.  Treat this as a quick driving school lesson on what NOT to do out there on the roads. In this video, we analyze these dangerous situations to help you learn how to drive more defensively, identify potential hazards before they happen, and understand the critical mistakes that lead to these accidents. Stay safe and watch closely - there is a lesson in every clip.  ✪ Submit your Dashcam video for the feature here: https://megadrivingschool.com/submit Or sent to Email: megadrivingschoolyt@gmail.com  Got an Issue? Email me: megadrivingschoolyt@gmail.com  Chapters: 00:00 Driver Not Paying Attention Causes Close Call 00:22 Driving Fail Caught on Camera 00:40 Audi Q5 Driver Hits Parked Subaru in NYC 01:04 Dashcam Crash Unreported by Driver After Incident 01:23 Dashcam Caught 01:42 Dashcam Footage 01:55 Driver Brake Checks Car During Passing Attempt 01:22 Driving Fail Caught on Camera 01:58 Dashcam Caught 03:52 Distracted Driver Causes Major Traffic Delay 04:22 Nissan Driver Distracted on Dashcam 04:41 Dashcam Footage 05:14 Driving Fail Caught on Camera 05:31 Driver Makes Extremely Dangerous Move on Dashcam 06:04 Driver Leaves Scene After Parking Lot Incident 06:23 Dashcam Caught 06:49 Dashcam Footage Used to Report Driver Incident 07:19 Driving Fail Caught on Camera 07:35 Driver Rear Ends Car After Hard Braking 07:58 Driver Ignores Stop Sign Causing Danger 08:08 Driver Turns Into Wrong Side of Road on Dashcam 08:39 Driver Parks Without Signal Causing Close Call 09:00 Dashcam Shows Drivers Making Terrible Decisions 09:21 Driver Loses Control and Ends Up in Ditch 09:40 Dashcam Footage 10:06 End  #dashcam #car #automobile","[{'title': 'Driver Not Paying Attention Causes Close Call', 'timestamp': '0:00:00'}, {'title': 'Driving Fail Caught on Camera', 'timestamp': '0:00:22'}, {'title': 'Audi Q5 Driver Hits Parked Subaru in NYC', 'timestamp': '0:00:40'}, {'title': 'Dashcam Crash Unreported by Driver After Incident', 'timestamp': '0:01:04'}, {'title': 'Dashcam Caught', 'timestamp': '0:01:23'}, {'title': 'Dashcam Footage', 'timestamp': '0:01:42'}, {'title': 'Driver Brake Checks Car During Passing Attempt', 'timestamp': '0:01:55'}, {'title': 'Dashcam Caught', 'timestamp': '0:01:58'}, {'title': 'Distracted Driver Causes Major Traffic Delay', 'timestamp': '0:03:52'}, {'title': 'Nissan Driver Distracted on Dashcam', 'timestamp': '0:04:22'}, {'title': 'Dashcam Footage', 'timestamp': '0:04:41'}, {'title': 'Driving Fail Caught on Camera', 'timestamp': '0:05:14'}, {'title': 'Driver Makes Extremely Dangerous Move on Dashcam', 'timestamp': '0:05:31'}, {'title': 'Driver Leaves Scene After Parking Lot Incident', 'timestamp': '0:06:04'}, {'title': 'Dashcam Caught', 'timestamp': '0:06:23'}, {'title': 'Dashcam Footage Used to Report Driver Incident', 'timestamp': '0:06:49'}, {'title': 'Driving Fail Caught on Camera', 'timestamp': '0:07:19'}, {'title': 'Driver Rear Ends Car After Hard Braking', 'timestamp': '0:07:35'}, {'title': 'Driver Ignores Stop Sign Causing Danger', 'timestamp': '0:07:58'}, {'title': 'Driver Turns Into Wrong Side of Road on Dashcam', 'timestamp': '0:08:08'}, {'title': 'Driver Parks Without Signal Causing Close Call', 'timestamp': '0:08:39'}, {'title': 'Dashcam Shows Drivers Making Terrible Decisions', 'timestamp': '0:09:00'}, {'title': 'Driver Loses Control and Ends Up in Ditch', 'timestamp': '0:09:21'}, {'title': 'Dashcam Footage', 'timestamp': '0:09:40'}, {'title': 'End', 'timestamp': '0:10:06'}]",10,04092026
132,X_yoLHwNSRU,Australian Car Crash / Dash Cam Compilation 41,05052024,UCvfqpaehdaqtkXPNhvJRyGA,13013657,Our Merch store: https://dashcamownersaus-shop.fourthwall.com/  Our Dash Cam Store (Use code DCOA5 for 5% off storewide): http://www.dashcamownersaus.com.au/  Send us a video: https://dashcamownersaus.com.au/contact-us/  Description: No deaths or critical injuries occur in these accidents.,[],9,04092026
133,O8QaC1fwhL0,BEST OF THE MONTH (DECEMBER) | UK Car Crashes Compilation | Idiots In Cars 1 Hour (w/ Commentary),27122023,UC8kQrh-1JyFZ3RiTHHKMt7A,837372,"⭐This video featuring driving fails, instant karma, close call, road rage, hit and run, car crashes, good drivers, bad drivers, and many more... This video can be utilized as a learning tool, so the viewers can learn from other mistakes, not their own.  *Driving safely should be your number one concern behind the wheel. Following these defensive driving tips from our videos to improve your own road safety.  ⭐Ruby Dashcam Academy provides actual footage of road incidents captured on dash cams. There's a story-line & our own unique contributions (TEXT COMMENTARY & VOICE-OVER) throughout the video. We have also added the special editing effects, trimming, zooming, etc with the footage throughout the compilation. This whole process required our 3-5 days for producing a video.  ⭐These videos with own unique contributions can be used as an educational and informative resource for viewers to analyze and evaluate situations, stay alert and get out of a potentially dangerous situation on the road in the future.  ⭐Visit our official website for defensive driving tips: https://rubydashcamacademy.com/  ⭐ALL VIDEOS USED WITH LICENSING AGREEMENT FROM COPYRIGHT OWNER! If we made a mistake or you just want to remove your clip, please let us know here: hannahbruntnell114@gmail.com  ⭐Submit your clip for the feature here: https://rubydashcamacademy.com/submit-your-clip/ --------- Thank you for watching and stay safe!  #ukdashcam #ukcarcrashes #baddrivers #drivingfails",[],9,04092026
134,y28hw5mYJ9c,Idiots In Cars 426,08082026,UCOS7jdle9zw_HnKW4ytZnDw,118579,"Dashcams don’t just record accidents, they show how close we come to them every day. It’s a wakeup call to stay focused, drive defensively, be more cautious, and never assume the other person’s paying attention. It is a reminder how fast things can change and why staying alert really matters. You don’t need a crash to learn from the videos, just seeing how quickly things go wrong is enough to make you drive with a little more caution and a lot more awareness.   📋All the clips featured in our channel are used with copyright owners' permission, if you have any inquiry regarding your clip, please contact us at: dashcamnationofficial@gmail.com   📥Submit your video: https://forms.gle/NnPQSGG5PWUT8EBbA   Special thanks to: Anthony B. A. Celestialwonder theghostinyou.net Harley Jayden A.  Austerity Caxew RM   Near Miss - https://youtu.be/8Pk-21Nt4eI Reckless Driver Cuts Across Four Lanes | NZ Dashcam Files - https://youtu.be/Z_0TCbBEQqA Tractor Trailer Close Call - https://youtu.be/NxoTF4QF1b4 Tesla runs red light! (I saw it coming.) I honked my horn. He waved ""I'm sorry."" All is forgiven. - https://youtu.be/P1-nvpPzaRo Accident at 3 way stop. - https://youtu.be/oNUtmYfLQMw   ‼️Dashcam Nation makes content to help viewers and those who drive be more observant while commuting to work, home, or even on trips. Our focus is to raise awareness and learn from others’ driving mistakes and anticipate them. Remember, when you’re on the road, incidents can happen in the blink of an eye. So, please stay safe and vigilant while driving, and pay attention to road conditions. Our videos will help you know what to keep an eye out for.‼️   #dashcam #roadrage #tesla",[],9,04092026
135,1MKXzebyPFk,Idiots In Cars 429,24082026,UCOS7jdle9zw_HnKW4ytZnDw,123423,"Dashcams don’t just record accidents, they show how close we come to them every day. It’s a wakeup call to stay focused, drive defensively, be more cautious, and never assume the other person’s paying attention. It is a reminder how fast things can change and why staying alert really matters. You don’t need a crash to learn from the videos, just seeing how quickly things go wrong is enough to make you drive with a little more caution and a lot more awareness.   📋All the clips featured in our channel are used with copyright owners' permission, if you have any inquiry regarding your clip, please contact us at: dashcamnationofficial@gmail.com   📥Submit your video: https://forms.gle/NnPQSGG5PWUT8EBbA   Special thanks to: blanchac Sweetea  gerry r Oscar smotherlady CamMit2007 Hopeless AmazingAsian   Cline Accident - https://youtu.be/5luDoGH0yq4 Dashcam Crash - https://youtu.be/QApJA9eT8Qs Uber Driver Runs Red Light With Passengers | Dashcam Australia - https://youtu.be/EbxYw5J-Ps8 OH NO MY EXIT Ep 2 - https://youtu.be/opP-xlAVuPQ Wide Left Turn Hits Curb - https://youtu.be/tG2lOVaJXjY   ‼️Dashcam Nation makes content to help viewers and those who drive be more observant while commuting to work, home, or even on trips. Our focus is to raise awareness and learn from others’ driving mistakes and anticipate them. Remember, when you’re on the road, incidents can happen in the blink of an eye. So, please stay safe and vigilant while driving, and pay attention to road conditions. Our videos will help you know what to keep an eye out for.‼️   #dashcam #dashcamnation",[],9,04092026
136,2M1ei5gQ654,CAR DRIVERS SPEED & EGO LEAD TO INSTANT KARMA - 1030 | Driving Fails,21082026,UCKIrZr7WuPFgFy7OfkAuHOw,20536,"Welcome to the wildest dashcam compilation yet. In this video, we’re breaking down the best car crashes, brutal road rage, and mind-boggling bad drivers from across the USA and Canada.  Treat this as a quick driving school lesson on what NOT to do out there on the roads. In this video, we analyze these dangerous situations to help you learn how to drive more defensively, identify potential hazards before they happen, and understand the critical mistakes that lead to these accidents. Stay safe and watch closely - there is a lesson in every clip.  ✪ Submit your Dashcam video for the feature here: https://megadrivingschool.com/submit Or sent to Email: megadrivingschoolyt@gmail.com  Got an Issue? Email me: megadrivingschoolyt@gmail.com  What you'll see in this caught on dashcam video: 1. 00:00 Speed & Ego Lead To Instant Karma 2. 00:21 Driving Fail Caught on Camera 3. 00:50 Driver Causes Near Miss in Frankfort Illinois 4. 01:09 Cybertruck Dashcam Witnesses Intersection Crash 5. 01:30 Driver Sees the Crash Coming 6. 01:49 Dashcam Caught on Camera 7. 02:05 Pickup Driver Blocks Traffic at Road Fork 8. 02:32 Dash Cam Fails 9. 02:57 Motorcycle Crash Caught on Dashcam 10. 03:17 Rental Car Driver Rear Ends Car 11. 03:37 Dashcam Lessons Footage 12. 03:53 Driving Fail Caught on Camera 13. 04:12 Driver Parks Where He Definitely Shouldn't 14. 04:33 Distracted Driver Rear Ends Turning Car 15. 04:55 Dashcam Caught on Camera 16. 05:15 Driver Fails to Yield Then Blames Me 17. 05:38 Dash Cam Fails 18. 06:01 Semi Runs Red Light and Clips Car 19. 06:19 Residential Car Crash Caught on Dashcam 20. 06:40 Driver Escapes Dangerous Road Incident 21. 06:56 Driving Fail Caught on Camera 22. 07:07 Dashcam Lessons Footage 23. 07:23 Crazy Driver Yells After Road Incident 24. 07:37 Dashcam Caught on Camera 25. 07:54 Drivers Forget How to Drive at Green Light 26. 08:17 Dash Cam Fails 27. 08:31 Driver Surrounded by Bad Drivers 28. 08:48 Driver Fails Simple Merge Rule 29. 09:41 End   #dashcam #car #automobile  ------------------------------------------------------------------------- Educational Disclaimer: These car crashes in usa and Canada are curated strictly for traffic safety analysis, accident awareness, and educational purposes. Drive safe!","[{'title': '1..Speed & Ego Lead To Instant Karma', 'timestamp': '0:00:00'}, {'title': '2..Driving Fail Caught on Camera', 'timestamp': '0:00:21'}, {'title': '3..Driver Causes Near Miss in Frankfort Illinois', 'timestamp': '0:00:50'}, {'title': '4..Cybertruck Dashcam Witnesses Intersection Crash', 'timestamp': '0:01:09'}, {'title': '5..Driver Sees the Crash Coming', 'timestamp': '0:01:30'}, {'title': '6..Dashcam Caught on Camera', 'timestamp': '0:01:49'}, {'title': '7..Pickup Driver Blocks Traffic at Road Fork', 'timestamp': '0:02:05'}, {'title': '8..Dash Cam Fails', 'timestamp': '0:02:32'}, {'title': '9..Motorcycle Crash Caught on Dashcam', 'timestamp': '0:02:57'}, {'title': '10..Rental Car Driver Rear Ends Car', 'timestamp': '0:03:17'}, {'title': '11..Dashcam Lessons Footage', 'timestamp': '0:03:37'}, {'title': '12..Driving Fail Caught on Camera', 'timestamp': '0:03:53'}, {'title': ""13..Driver Parks Where He Definitely Shouldn't"", 'timestamp': '0:04:12'}, {'title': '14..Distracted Driver Rear Ends Turning Car', 'timestamp': '0:04:33'}, {'title': '15..Dashcam Caught on Camera', 'timestamp': '0:04:55'}, {'title': '16..Driver Fails to Yield Then Blames Me', 'timestamp': '0:05:15'}, {'title': '17..Dash Cam Fails', 'timestamp': '0:05:38'}, {'title': '18..Semi Runs Red Light and Clips Car', 'timestamp': '0:06:01'}, {'title': '19..Residential Car Crash Caught on Dashcam', 'timestamp': '0:06:19'}, {'title': '20..Driver Escapes Dangerous Road Incident', 'timestamp': '0:06:40'}, {'title': '21..Driving Fail Caught on Camera', 'timestamp': '0:06:56'}, {'title': '22..Dashcam Lessons Footage', 'timestamp': '0:07:07'}, {'title': '23..Crazy Driver Yells After Road Incident', 'timestamp': '0:07:23'}, {'title': '24..Dashcam Caught on Camera', 'timestamp': '0:07:37'}, {'title': '25..Drivers Forget How to Drive at Green Light', 'timestamp': '0:07:54'}, {'title': '26..Dash Cam Fails', 'timestamp': '0:08:17'}, {'title': '27..Driver Surrounded by Bad Drivers', 'timestamp': '0:08:31'}, {'title': '28..Driver Fails Simple Merge Rule', 'timestamp': '0:08:48'}, {'title': '29..End', 'timestamp': '0:09:41'}]",9,04092026
137,bO3W5J72dNw,Eure Videos #587 Kobra11 #32 - Dashcam - LKW räumt 6 Autos ab - Motorradcrash - Waschbär - Unfall,18072026,UC6sac4Q3AuQUGoUpnzd10bA,480072,"Werbung: Unverschuldeter Unfall? DSR24 - Die machen das für dich: https://www.dsr24.de/eurevideos/ Wenn du über diesen Link, den QR Code, oder telefonisch einen Schaden meldest und meinen Namen nennst, bekomme ich einen Werbekostenzuschuss.  Ich habe viele Dashcams getestet. Hier mein Empfehlungsvideo ""Welche Dashcam kaufen Update von Juni 2026"" https://youtu.be/5F8YjU145H8 und das Hauptvideo dazu von 2024 mit vielen Erklärungen allgemein: https://youtu.be/gkKVjiCNK9g  Einsendepause. Schickt mir keine Videos. Rund um die Uhr FahrnuenftigTV: https://www.twitch.tv/fahrnuenftigTV Mit freundlicher Unterstützung durch @Horsepower Dashcam ! Die Einsenderegeln, welche die Einsender akzeptiert haben, findet ihr in der Warteliste. Warteliste: https://www.saschas-fanforum.de/warteliste Dort steht zB, wie was wo ihr mir Videos schickt, dass ich die Videos exklusiv haben will bis ich sie gezeigt habe, ihr die Nutzungsrechte an mich abtretet, ich mit euren Einsendungen Geld verdiene, und dass ich im Falle einer Anzeige keine Infos rausgeben kann weil zum Zeitpunkt der Veröffentlichung die Absender und unverpixelte Videos mir schon lange nicht mehr vorliegen. (So fordert es die DSGVO) Und dass eigentlich immer Einsendepause herrscht weil ich innerhalb 4 Tagen Material für Monate zugeschickt kriege. Da steht aber auch, dass ihr richtige Unfälle immer schicken könnt. Regeln beachten! 0:00 Eure Videos #587 2:17 DSR24 3:02 Eure Videos #587 -- Dieser Kanal dient zur Unterhaltung und vor allem zur Aufklärung! Darum wird hier niemand verpetzt oder angezeigt. Wenn Szenen gelöscht werden sollen, einfach mal ne freundliche email mit eurem Anliegen an mich. Das geht schneller als Anwälte einzuschalten. Email findet ihr in der Kanalinfo. --  Ich habe viele Dashcams getestet.  Mein Empfehlungsvideo ""Welche Dashcam kaufen"": https://youtu.be/gkKVjiCNK9g  Playlist mit allen Dashcamtests: https://youtube.com/playlist?list=PLDRvRUfzawC1RnekDplzXoBDbTEsvPROb  Wer mir unbedingt etwas ohne Gegenleistung spenden möchte kann dieses über paypal tun: fahrnuenftig@t-online.de Oder monatlich spenden via Steady. (Jederzeit kündbare Abos) https://steady.page/de/fahrnuenftig  Livestream 24/7 von Eure Videos und Sascha LKW auf Twitch: https://www.twitch.tv/fahrnuenftigtv Manchmal streame ich auf Twitch, aber wenn, dann fahre ich dort Autos kaputt: https://www.twitch.tv/SaschaFahrnuenftig Fanforum: https://www.saschas-fanforum.de  Meine Fernfahrerzeit im LKW und wie ich mich über die anderen Verkehrsteilnehmer aufrege, seht ihr hier: @Sascha LKW Fahrnünftig https://www.youtube.com/fahrnuenftig  Asoziale Netzwerke: facebook: Sascha Fahrnünftig https://www.facebook.com/saschalkwfahrnuenftig instagram: SaschaFahrnuenftig https://instagram.com/saschafahrnuenftig/  Unterstützen könnt ihr mich wenn ihr bei amazon/ebay/dashcam-shop einkaufen geht. Klickt vorher einen von meinen Links an, und kauft euch dann das was ihr sowieso haben wollt. Dann kriege ich eine Provision dafür (Affiliate-Links) Euch kostet das keinen Cent mehr. Ihr könnt natürlich kaufen wo ihr wollt. Danke für eure Unterstützung! Rabattcodes unterm Vergleichsvideo.  Ich habe viele Dashcams getestet.  Mein NEUES Empfehlungsvideo ""Welche Dashcam kaufen"": https://youtu.be/gkKVjiCNK9g Playlist mit allen Dashcamtests: https://youtube.com/playlist?list=PLDRvRUfzawC1RnekDplzXoBDbTEsvPROb  128GB Speicherkarte für alle Dashcams (Update 12-2024): https://amzn.to/48zo1WJ Für die neuen 4K Cams besser sogar die teuren: https://amzn.to/3AxEUEt (Oder gleich die teuren Herstellerkarten.)  12 Volt USB Verteiler der nicht aufbrennt: https://amzn.to/2xXfKvm  Mein super gutes Autobatterie Ladegerät: https://amzn.to/3UgA1nj  Leere Autobatterie? Sich selber Starthilfe geben: ebay: https://ebay.us/r1lyPN oder: https://ebay.us/Tdx3Kw Amazon anscheinend der Nachfolger (ungetestet): https://amzn.to/4l1kgPj  Die sauhelle Taschenlampe aus den LKW-Videos, bzw der ebenso gute Nachfolger mit USB-C: https://amzn.to/35RHaUm  Meine Schuhgröße ist die 45.  http://amzn.to/2qx7NYQ  Pro Wischdurchgang nutze ich 3 Blatt gefaltetes Klopapier. http://amzn.to/2I9ifyo  Falls sich einer für das Gesicht der Kanalstimme interessiert: https://youtu.be/DtPB4cHMv_o  Wer tatsächlich bis hier gelesen hat: Ich schenke euch eine Dashcam: https://amzn.to/3l32HQ8  Nee, im Ernst. Meine Belohnung für euch: https://youtu.be/vlohpVLwar0","[{'title': 'Eure Videos #587', 'timestamp': '0:00:00'}, {'title': 'DSR24', 'timestamp': '0:02:17'}, {'title': 'Eure Videos #587', 'timestamp': '0:03:02'}]",9,04092026
138,8id5q_mwtWA,High-Speed Police Chases Over 150MPH - Caught on Dashcam,25112025,UCS67mNnpfnHsU3IQYNHLToA,2881258,"High-Speed Police Chases Over 150MPH - Caught on Dashcam SUBSCRIBE: https://bit.ly/3at7ljZ  ► Music Licensed From SoundStripe/Envato Elements  For any and all copyright matters, please email me directly at UnderworldCopyright@gmail.com  This video is not intended to shame, ridicule, or defame any individual or group. All persons involved are presumed innocent unless proven guilty in a court of law. Our videos are for informational and educational purposes only, with the intent of promoting public safety and awareness.  Unless otherwise created by Most Dangerous, licenses have been obtained for images/footage in the video from the following sources; https://pastebin.com/2QefkSMq  Most Dangerous brings you some of the best Top 5's, Top 10's, Fails more right here on YouTube. Subscribe to Most Dangerous to never miss an upload!",[],9,04092026
139,gQR6BSx6wJ4,Dash Cam Owners Australia July 2026 On the Road Compilation,26072026,UCvfqpaehdaqtkXPNhvJRyGA,441645,Our Merch store: https://dashcamownersaus-shop.fourthwall.com/  Our Dash Cam Store (Use code DCOA5 for 5% off storewide): http://www.dashcamownersaus.com.au/  Send us a video: https://dashcamownersaus.com.au/contact-us/  Description: Join us in reviewing Content from the Dash Cam Owners of Australia. Do you think these drivers and Dash Cammers are in the right?,[],9,04092026
140,EdWkTthEjcY,"Compilation #58 - 2026 | Exposed: UK Dash Cams | Crashes, Bad Drivers & Road Rage",20072026,UCxIlACNetQDzDfdpLFQCShw,26700,"🎥 Welcome to Compilation #57 - 2026! 🚗💥  📺 Want more unfiltered action? Check out the Unbleeped & Commentary-Free Version on Rumble: ➡️ https://rumble.com/v7d0a3i-compilation-58-2026-unbleeped-and-without-commentary-exposed-uk-dash-cams.html  🎥 Submit Your Clips! 📧 Email: exposed@ukdashcams.co.uk 📤 Files too large? Use WeTransfer with our email address. 🌐 Already online? Submit via this form: http://bit.ly/3mhQLz0  💥 Subscribe for More! ✨ Main Channel:  @ExposedUKDashCams  🎬 Extra Channel:  @ExposedUKDashCamsExtra  📱 Shorts Channel:  @ExposedUKDashCamsShorts  🔍 Mini Channel:  @ExposedUKDashCamsMini   📦 Featured Dash Cams (Affiliate Links):  - A229 PRO 3CH (use code 'UKdashcam229' for 5% off): https://amzn.to/41kHckR - A229 PRO 2CH (use code 'UKdashcam229' for 5% off): https://amzn.to/3EIh22K  - A119 MINI2 (use code 'UKdashcam119' for 5% off): https://amzn.to/435JAgH  💸 Exclusive Discounts: - yfood: 10% off everything for regular customers using this code: EXPOSED-YOUTUBE ➡️ https://bit.ly/ExposedUKDashCams_yfood_AllTasterpacks - yfood: 20% off all Taster Packs for new customers using this code: EXPOSED-NEW ➡️ https://bit.ly/ExposedUKDashCamsNew_yfood_AllTasterpacks - VehicleScore: Get 20% off with code EXPOSED20 ➡️ https://vehiclescore.co.uk/?ref=EXPOSED20 - 📹 Nextbase 422GW Dash Cam: https://amzn.to/3IY21sm  📱 Follow Us on Social Media: - TikTok: https://bit.ly/3OW7xyX - Instagram: https://bit.ly/3NH8olL - Rumble: http://bit.ly/3LrLsYt - Facebook: https://bit.ly/3kFOz40 - Twitter/X: https://bit.ly/3Yg2Th8  👍 Don’t forget to like, comment, and subscribe for more epic content every week!  #DashCamCompilation #CarCrashes #RoadRage #DrivingFails #NearMisses #DashCamVideos #DangerousDriving #CaughtOnCamera #TrafficIncidents #ShockingMoments",[],9,04092026
141,rCESPk_aqyU,Idiots In Cars 413,05062026,UCOS7jdle9zw_HnKW4ytZnDw,120392,"Dashcams don’t just record accidents, they show how close we come to them every day. It’s a wakeup call to stay focused, drive defensively, and never assume the other person’s paying attention. It is a reminder how fast things can change and why staying alert really matters. You don’t need a crash to learn from the videos, just seeing how quickly things go wrong is enough to make you drive with a little more caution and a lot more awareness.   ‼️Dashcam Nation makes content to help viewers and those who drive be more vigilant while commuting to work, home, or even on trips. Our focus is to raise awareness and learn from others’ driving mistakes. We truly believe this footage can serve as an educational and informational guide for viewers to analyze and evaluate situations. Remember, when you’re on the road, incidents can happen in the blink of an eye. So, please stay safe and vigilant while driving, and pay attention to road conditions and other vehicles. ‼️   📥Submit your video: https://forms.gle/NnPQSGG5PWUT8EBbA   📋All the clips featured in our channel are used with copyright owners' permission, if you have any inquiry regarding your clip, please contact us at: dashcamnationofficial@gmail.com   Special thanks to: Vortex Radar - https://www.youtube.com/@VortexRadar  Skyler SnoringCat  ajacobs899 princessmegnu Riley Storrs Bobbo Shane Spencer C Eener Denise   Rear Dash Cam Saved Us Again - https://youtu.be/bEogaomuThM  Give me a wave - https://youtu.be/oBchZI4es4M  Fender Bender - https://youtu.be/nj2sNgaH3ZY Red light Runner Almost Collides Into Me - https://youtu.be/AheBnARdB30    #dashcam",[],8,04092026
142,wg7b0ZAnnog,Australian Car Crash / Dash Cam Compilation 38,08102023,UCvfqpaehdaqtkXPNhvJRyGA,1189243,Our Merch store: https://dashcamownersaus-shop.fourthwall.com/  Our Dash Cam Store (Use code DCOA5 for 5% off storewide): http://www.dashcamownersaus.com.au/  Send us a video: https://dashcamownersaus.com.au/contact-us/  Description: No deaths or critical injuries,[],8,04092026
143,pPtVjiXNPRQ,BEST OF THE MONTH (AUGUST) | UK Car Crashes Compilation | Idiots In Cars 1 Hour (w/ Commentary),21082023,UC8kQrh-1JyFZ3RiTHHKMt7A,723507,"⭐This video featuring driving fails, instant karma, close call, road rage, hit and run, car crashes, good drivers, bad drivers, and many more... This video can be utilized as a learning tool, so the viewers can learn from other mistakes, not their own.  *Driving safely should be your number one concern behind the wheel. Following these defensive driving tips from our videos to improve your own road safety.  ⭐Ruby Dashcam Academy provides actual footage of road incidents captured on dash cams. There's a story-line & our own unique contributions (TEXT COMMENTARY & VOICE-OVER) throughout the video. We have also added the special editing effects, trimming, zooming, etc with the footage throughout the compilation. This whole process required our 3-5 days for producing a video.  ⭐These videos with own unique contributions can be used as an educational and informative resource for viewers to analyze and evaluate situations, stay alert and get out of a potentially dangerous situation on the road in the future.  ⭐Visit our official website for defensive driving tips: https://rubydashcamacademy.com/  ⭐ALL VIDEOS USED WITH LICENSING AGREEMENT FROM COPYRIGHT OWNER! If we made a mistake or you just want to remove your clip, please let us know here: hannahbruntnell114@gmail.com  ⭐Submit your clip for the feature here: https://rubydashcamacademy.com/submit-your-clip/ --------- Thank you for watching and stay safe!  #ukdashcam #ukcarcrashes #baddrivers #drivingfails",[],8,04092026
144,xSSXjKcs93A,North American Car Crash Compilation - 912 | Driving Fails | Dash Cam USA,09032026,UCKIrZr7WuPFgFy7OfkAuHOw,27565,"North American Car Crash Compilation - 911 | Driving Fails | Dash Cam USA  ✪ Submit your Dashcam video for the feature here: https://forms.gle/FnavwQg5WwkNkS6r8 Or sent to Email: megadrivingschoolyt@gmail.com  Got an Issue? Email me: megadrivingschoolyt@gmail.com  Chapters: 00:00 Grey SUV Fails to Yield at Stop Sign 00:24 Service Truck Slides Into Power Pole on Clove Road NJ 00:58 Pickup Cuts Off Truck Hauling Two Trailers 01:28 The Most Cursed Intersection Ever 01:43 New Truck for 72 Hours and Already a Close Call 02:12 Driving Fail Caught on Camera 02:29 Nearly Got Hit on My Way to Work 02:43 Dash Cam Footage 03:02 Big Crash That Tore My Shoulder 03:29 Dash Cam Caught 03:40 Semi Truck Drops Debris on I-90 Near Richland WA 03:57 Driving Fail Caught on Camera 04:36 Near Side-Swipe by Walgreens at Fairfield and Kemp 04:51 Fender Bender Between Jeep and Motorcycle 05:16 Dash Cam Footage 05:45 First Major Accident, Driver Admits Fault 06:11 Driving Fail Caught on Camera 06:30 Teen Driver Pulls Out of Parking Lot Without Looking 06:47 Dash Cam Caught 07:27 Driver Drifts Across Two Lanes Into Oncoming Traffic 07:44 Dash Cam Footage 08:00 Trooper Catches the Same Speeder Twice in Iowa 08:19 Another Driver Pulls Out in Front of Me Again 08:37 Kamikaze Bird vs Dashcam 08:49 Pickup Driver Possibly Asleep in Clarksville TN 09:05 Failed to Yield and Pulled Out in Front of Me 09:23 Suspect Rams Police Cruiser in Glendale 10:02 End    #dashcam #car #automobile","[{'title': 'Grey SUV Fails to Yield at Stop Sign', 'timestamp': '0:00:00'}, {'title': 'Service Truck Slides Into Power Pole on Clove Road NJ', 'timestamp': '0:00:24'}, {'title': 'Pickup Cuts Off Truck Hauling Two Trailers', 'timestamp': '0:00:58'}, {'title': 'The Most Cursed Intersection Ever', 'timestamp': '0:01:28'}, {'title': 'New Truck for 72 Hours and Already a Close Call', 'timestamp': '0:01:43'}, {'title': 'Driving Fail Caught on Camera', 'timestamp': '0:02:12'}, {'title': 'Nearly Got Hit on My Way to Work', 'timestamp': '0:02:29'}, {'title': 'Dash Cam Footage', 'timestamp': '0:02:43'}, {'title': 'Big Crash That Tore My Shoulder', 'timestamp': '0:03:02'}, {'title': 'Dash Cam Caught', 'timestamp': '0:03:29'}, {'title': 'Semi Truck Drops Debris on I-90 Near Richland WA', 'timestamp': '0:03:40'}, {'title': 'Driving Fail Caught on Camera', 'timestamp': '0:03:57'}, {'title': 'Near Side-Swipe by Walgreens at Fairfield and Kemp', 'timestamp': '0:04:36'}, {'title': 'Fender Bender Between Jeep and Motorcycle', 'timestamp': '0:04:51'}, {'title': 'Dash Cam Footage', 'timestamp': '0:05:16'}, {'title': 'First Major Accident, Driver Admits Fault', 'timestamp': '0:05:45'}, {'title': 'Driving Fail Caught on Camera', 'timestamp': '0:06:11'}, {'title': 'Teen Driver Pulls Out of Parking Lot Without Looking', 'timestamp': '0:06:30'}, {'title': 'Dash Cam Caught', 'timestamp': '0:06:47'}, {'title': 'Driver Drifts Across Two Lanes Into Oncoming Traffic', 'timestamp': '0:07:27'}, {'title': 'Dash Cam Footage', 'timestamp': '0:07:44'}, {'title': 'Trooper Catches the Same Speeder Twice in Iowa', 'timestamp': '0:08:00'}, {'title': 'Another Driver Pulls Out in Front of Me Again', 'timestamp': '0:08:19'}, {'title': 'Kamikaze Bird vs Dashcam', 'timestamp': '0:08:37'}, {'title': 'Pickup Driver Possibly Asleep in Clarksville TN', 'timestamp': '0:08:49'}, {'title': 'Failed to Yield and Pulled Out in Front of Me', 'timestamp': '0:09:05'}, {'title': 'Suspect Rams Police Cruiser in Glendale', 'timestamp': '0:09:23'}, {'title': 'End', 'timestamp': '0:10:02'}]",8,04092026
145,RQgTQpZy7OI,1 Hour Car Crash Compilation Dashcam Russia 2022 | Russian car crashes 2022,15022023,UCR9P4CCjQJqw87D6SV-tDVA,17721,"Like, comment and subscribe for more videos!  everyday new video !  This video is an ultimate car crash compilation 2021, idiots in cars, driving fails & bad drivers compilation of 2021 (USA, CANADA, UK, AUSTRALIA & MORE) in the series that is all about terrible car crashes, idiots in cars, hit and run, instant karma, near miss, learning how to drive, crazy drivers, brake check, close calls, supercar fail, rear-ended, accident, funny car fails, dashcam fails, etc.   take this video as a learning tool this video is only for educational purposes.  Be careful on the road drive safely and keep yourself and others safe   PLS DON'T FORGET TO SUBSCRIBE    #CarCrashCompilation #DrivingFails #BadDrivers Tags: car crash compilation, car crash compilation 2022,  supercar fails , 車禍, instant karma, supercar crash instant karma fails, car crash, car crashes, dashcam driving fails, bad drivers, car crash compilation 2022, car crash compilation usa, car fails, car crash time, dashcam crash, car crash uk, car accidents, car, car crashes compilation, crashes, beamng drive, bad driving, accidents, bad drivers usa, crazy drivers, driving fails, driving fails compilation, driving fails in canada, driving fails in america, driving fails uk, driving fails 2022 usa, driving fails usa, driving fails funny, driving fails 2022, driving fails uk 2022, driving fails instant karma, driving fails coffin dance, driving fails failarmy, driving fails russia, car crash compilation, car crash uk, car crash compilation uk, car crash compilation usa, car crash compilation 2022, car crashes of usa, usa bad drivers, usa, car crash compilation, compilation, car crashes, dash cam, crash compilation, car crashes in america, north american driving fails, dash cam accidents, dash cam fails, road rage, car crashes 2022, american car crashes, best of live pd, crash compilation russia 2022, дтп, аварии, дтп 2022, водила, аварии, car wrecks compilation fails, 2022, авария аварии, видеорегистратор, чп, подборка, подборка дтпcar crash, car crash compilation, car crash time, car crash meme, car crash usa, car crash america, car crash ad, car crash accident, a car crash, a car crash in real life, car crash channel, car crash compilation 2022, car crash dash cam, c car crashes, car crash dash cam usa, car crash fails, car crash funny, car crash fails ,car crashing, europe, drag, racing, lowrider, police, chase, jump, roll over, champ, jumping, ramp, derby, demolition, epic, thrills, spills, insane, wheelstands, wheelie, offroad, 4x4, funny, crashes, аварии, видеорегистратор, гонки, ралли, подборки, америка, россия, сша, фейлы, дтп, бездорожье, взрывы, explosions, прыжки, эпичный, эпично, полиция, погоня, погони, европа, сумасшедшие, невероятные, дрэг, absturz, zusammenstellung, auto, abstuerzen, ziehen, rallye, wahnsinnig, verrückt, germany, fail 2022, Crazy Auto , Best Driving Fails 2022,Dashcam USA, c, crazy driver, , car crashes in America, beaming drive, accident, accidents, best crash, high speed  jumps, worst driving fails 2022, dump car driver, bad drivers USA, dash cam crashes, crazy drivers, horrible car crashes 2022, bad drivers in USA, video, car crashes 2022, car crashes in America, beaming drive  crashes, beaming drive, beaming, accident, fails,  fail, car in winter, bad driving, instant karma, аварии, accidents, stupid drivers, bad drivers, accident USA, road rage, car fail, crashcam, best crash, beaming drive high speed crashes, beaming drive jumps, high speed jumps, dump crash, fail compilation 2022, car accidents, failcrash, best crashes, driver fail, high speed crashes, car accident , worst driving fails , dump car driver, dump driver, police chase, bad drivers USA, cars crashing, beaming drive compilation, аварии на видеорегистратор, дтп channel, dash cam fails, drivers crash, car crash USA, crazy driver, аварии 2022,  fatal car crashes, dash cam crashes, dashcam, dash cam crashes 2022, bad drivers Canada, bad drivers in Usa, beamIng drive chained cars crashes, car accident, beaming crash compilation, tr Araba Kazaları, bike crashes, dash camera, car crash compilation in Usa, craziest car crashes Usa, car crash compilation in Uk, realistic crashes, Araba Kazaları, brutal crash compilation, car crashes time, crazy drivers, American car crashes, driving, supercar crash, Dashcam crash, dash cams, supercar fails, rally crashes, horrible car crashes, car crash compilation 2022, crash compilation, 車禍彙編, scare cam, road rage, road rage Usa, car, supercar fails, brutal car crash, instant karma, bad drivers, car accident compilation, idiots in cars, Wypadek, crashing cars, car crash 2022, crash compilation, idiot in cars, caught on camera, fatal car crash, car crash fever road rage 2022 Dds Tv  #dashcam #carcrash #drivingfails   If you own any of this clips and you have any questions or want your video removed from here, please contact us first.",[],8,04092026
146,PXue5lP9TqE,UK Dash Cameras - Best of... Crashes 2021,04012022,UCfZwNd8i7spJmLr4qq1_Gyw,3534804,"Welcome to UK Dash Cameras Best of... Crashes 2021   Thank you to all that have sent clips in this year! I wouldn't be here without you!  Clip submissions, please email them to: clips@ukdashcameras.co.uk  If your clip(s) is/are too large to send via email, check out this form: http://bit.ly/2nRRw2L  Socials:  Facebook: https://bit.ly/2KdGSeG Instagram: https://bit.ly/2B6pXam Discord: https://discord.gg/k7FxP8u  If you want to consider donating via Patreon or PayPal, use the links below:  https://www.patreon.com/ukdashcameras https://paypal.me/ukdashcameras  Any amount is appreciated and it all goes towards bringing you the best videos every week! (Patreon members get videos 24 hours earlier!)  Channel dedicated to Grandad John, 1930-2018  Sponsorship:  Please send an email to enquiries@ukdashcameras.co.uk for more information!",[],7,04092026
147,ABtkVGmEs8M,Australian Car Crash / Dash Cam Compilation 34,04122022,UCvfqpaehdaqtkXPNhvJRyGA,596355,"Our Dash Cam Store (Use code DCOA5 for 5% off storewide): http://www.dashcamownersaus.com.au/  Send us a video: https://dashcamownersaus.com.au/contact-us/  Description: As per normal, none of the videos featured have deaths or critical injuries.",[],7,04092026
148,dcSfPWhzIX4,UK Road Rage Caught On Dashcam Compilation 1 | With TEXT Commentary,01032024,UC6VTQKv0uHyKBTSDSCWVzFQ,1058154,"#baddrivers | #crashes | #roadrage | #closecalls | #dashcam  Welcome to Dodgy Drivers, where each week we bring you the best and worst examples of dodgy driving caught on dashcam. Our added commentary and credit are at the top of each clip, and all content is used with permission.  If you have a video you would like to see on Dodgy Drivers send it here https://bit.ly/3Iu4gTD  We appreciate your support for our channel, and you can show your support by becoming a patron starting at just $1 a month: https://www.patreon.com/dodgydrivers  You can also donate to support the channel: https://www.paypal.me/dodgydrivers  Stay connected with us on our various social media platforms:  Facebook: https://facebook.com/dodgydriversuk Twitch: https://www.twitch.tv/dodgydrivers TikTok: https://tiktok.com/@dodgydrivers  Joins Our Discord Server: https://discord.gg/weaED5nBWJ  Be sure to check out our website for latest news and blog posts: https://dodgydrivers.co.uk  And if you're in the market for a new dashcam, check out our affiliate links below:  N4 Pro 3 Channel Dashcam Code DODGYDRIVER (not valid with other offers)   https://www.vantrue.com/products/n4-pro?utm_source=YouTube&utm_medium=influencer&utm_campaign=2505-UK-N4P-DodgyDrivers&utm_id=KOL  E1 Pro Front Dashcam Code DODGYDRIVER (not valid with other offers) https://www.vantrue.com/products/element-1-pro?utm_source=YouTube&utm_medium=influencer&utm_campaign=2505-UK-E1P-DodgyDrivers&utm_id=KOL  Thank you for watching and stay safe on the roads! ©️ Dodgy Drivers Ltd all rights reserved.",[],7,04092026
149,ktP0k5jqohI,North American Car Crash Compilation - 863 | Driving Fails | Dash Cam USA,01012026,UCKIrZr7WuPFgFy7OfkAuHOw,38339,"Welcome to the wildest dashcam compilation yet. In this video, we’re breaking down the best car crashes, brutal road rage, and mind-boggling bad drivers from across the USA and Canada.  Treat this as a quick driving school lesson on what NOT to do out there on the roads. In this video, we analyze these dangerous situations to help you learn how to drive more defensively, identify potential hazards before they happen, and understand the critical mistakes that lead to these accidents. Stay safe and watch closely - there is a lesson in every clip.  ✪ Submit your Dashcam video for the feature here: https://megadrivingschool.com/submit Or sent to Email: megadrivingschoolyt@gmail.com  Got an Issue? Email me: megadrivingschoolyt@gmail.com  What you'll see in this caught on dashcam video: 00:00 Aggressive Pass Then Nasty Brake Check 00:25 Car accident caught on dashcam video 00:45 Red Light Runner Uses Oncoming Lane 01:02 Don’t Be That Guy, Seriously Today 01:31 Deer Jumps Out, Last-Second Hit Caught 01:57 Car crash caught on dashcam video 02:38 Drag Racers Total Car, Hit-And-Run Atlanta 03:04 Car accident caught on dashcam video 03:17 Car crash caught on dashcam video 03:37 After Crash, Allstate Gives Me Runaround 03:52 Green Arrow, Nissan Cuts Across Lanes 04:14 Car accident caught on dashcam video 04:46 Houston Overpass Crash Caught On Dashcam 05:19 Car crash caught on dashcam video 05:41 Fishers Roundabout Menace Fails To Yield 06:08 Suffolk County Crash, Dashcam Proves Fault 06:33 Car accident caught on dashcam video 06:41 Car Spins Out, Nearly Slams Barrier 07:05 Car crash caught on dashcam video 07:25 Propane Truck Runs Red, Civic Miss 07:40 Car accident caught on dashcam video 07:54 Palo Alto Prius Close Call, Wow 08:13 Cheap Dashcam Pays Off, Sudden Turn 08:33 Car crash caught on dashcam video 08:55 Roundabout Brake Checker Tried To Cause Wreck 09:20 Car accident caught on dashcam video 09:31 Blind Merge Forces Hard Brake In Time 09:48 Car crash caught on dashcam video 10:08 End  #dashcam #car #automobile  ------------------------------------------------------------------------- Educational Disclaimer: These car crashes in usa and Canada are curated strictly for traffic safety analysis, accident awareness, and educational purposes. Drive safe!","[{'title': 'Aggressive Pass Then Nasty Brake Check', 'timestamp': '0:00:00'}, {'title': 'Car accident caught on dashcam video', 'timestamp': '0:00:25'}, {'title': 'Red Light Runner Uses Oncoming Lane', 'timestamp': '0:00:45'}, {'title': 'Don’t Be That Guy, Seriously Today', 'timestamp': '0:01:02'}, {'title': 'Deer Jumps Out, Last-Second Hit Caught', 'timestamp': '0:01:31'}, {'title': 'Car crash caught on dashcam video', 'timestamp': '0:01:57'}, {'title': 'Drag Racers Total Car, Hit-And-Run Atlanta', 'timestamp': '0:02:38'}, {'title': 'Car accident caught on dashcam video', 'timestamp': '0:03:04'}, {'title': 'Car crash caught on dashcam video', 'timestamp': '0:03:17'}, {'title': 'After Crash, Allstate Gives Me Runaround', 'timestamp': '0:03:37'}, {'title': 'Green Arrow, Nissan Cuts Across Lanes', 'timestamp': '0:03:52'}, {'title': 'Car accident caught on dashcam video', 'timestamp': '0:04:14'}, {'title': 'Houston Overpass Crash Caught On Dashcam', 'timestamp': '0:04:46'}, {'title': 'Car crash caught on dashcam video', 'timestamp': '0:05:19'}, {'title': 'Fishers Roundabout Menace Fails To Yield', 'timestamp': '0:05:41'}, {'title': 'Suffolk County Crash, Dashcam Proves Fault', 'timestamp': '0:06:08'}, {'title': 'Car accident caught on dashcam video', 'timestamp': '0:06:33'}, {'title': 'Car Spins Out, Nearly Slams Barrier', 'timestamp': '0:06:41'}, {'title': 'Car crash caught on dashcam video', 'timestamp': '0:07:05'}, {'title': 'Propane Truck Runs Red, Civic Miss', 'timestamp': '0:07:25'}, {'title': 'Car accident caught on dashcam video', 'timestamp': '0:07:40'}, {'title': 'Palo Alto Prius Close Call, Wow', 'timestamp': '0:07:54'}, {'title': 'Cheap Dashcam Pays Off, Sudden Turn', 'timestamp': '0:08:13'}, {'title': 'Car crash caught on dashcam video', 'timestamp': '0:08:33'}, {'title': 'Roundabout Brake Checker Tried To Cause Wreck', 'timestamp': '0:08:55'}, {'title': 'Car accident caught on dashcam video', 'timestamp': '0:09:20'}, {'title': 'Blind Merge Forces Hard Brake In Time', 'timestamp': '0:09:31'}, {'title': 'Car crash caught on dashcam video', 'timestamp': '0:09:48'}, {'title': 'End', 'timestamp': '0:10:08'}]",7,04092026
150,qMYrhAwaX7o,Australian Car Crash / Dash Cam Compilation 40,04022024,UCvfqpaehdaqtkXPNhvJRyGA,1283624,Our Merch store: https://dashcamownersaus-shop.fourthwall.com/  Our Dash Cam Store (Use code DCOA5 for 5% off storewide): http://www.dashcamownersaus.com.au/  Send us a video: https://dashcamownersaus.com.au/contact-us/  Description: No deaths or critical injuries occur in these accidents.,[],6,04092026
151,yCDhSJdOHC4,Australian Car Crash / Dash Cam Compilation 43,06102024,UCvfqpaehdaqtkXPNhvJRyGA,542137,Our Merch store: https://dashcamownersaus-shop.fourthwall.com/  Our Dash Cam Store (Use code DCOA5 for 5% off storewide): http://www.dashcamownersaus.com.au/  Send us a video: https://dashcamownersaus.com.au/contact-us/,[],6,04092026
152,UbzGpYgPqFw,Japan Car Crash Compilation - Fear of accidents & Bad Drivers & Driving Fails #7,02022023,UCnEpSBXMtRrObI89vS8jlUg,272230,"This dashcam caught a video featuring driving fails, instant karma, car crashes, good drivers, and bad drivers from Japan. This video has a great educational value which will help the viewer to learn safe driving as well as better road safety. Also, from the footage and additional information, a viewer can learn the consequences of bad driving and can educate his/her self with better driving safety. This process also gives our video a great educational value.  In addition, Japan, like the UK, drives in the left lane, and I think people in the right lane can learn about movements that are unfamiliar to them. I hope you find it useful when you travel abroad in the future.  Idiots In Cars - Idiots In Cars Compilation | Idiots In Cars Idiots In Cars / Idiots In Cars ~ Idiots In Cars Caught On Dash Cam  If you want me to remove any MUSIC or CLIPS, please contact to me.  ● Music Released and Provided by Tasty  ● Song Title: TheFatRat - Xenogenesis ● Music Video: https://youtu.be/_nabH71Bgyc ● Label Channel: http://youtube.com/TastyNetwork ● Album Download: https://tasty.network/2Ui29Le",[],6,04092026
153,drzgfztcR7A,Top 12 High-Speed Police Chases Caught on Dashcam,09112023,UCz8K1occVvDTYDfFo7N5EZw,9834935,"Brace yourself for a heart-pounding compilation of the top 12 high-speed police chases caught on dashcam. This video showcases intense moments as police officers navigate through heavy traffic, narrow streets, and challenging road conditions to apprehend fleeing suspects. From risky maneuvers to quick decision-making, these pursuits demonstrate the complex situations law enforcement faces while attempting to bring individuals to justice.  Subscribe for more Law&Crime: https://bit.ly/LawAndCrimeNetwork  Join us on a thrilling ride across the country as we present some of the most memorable and dramatic police chases ever captured on camera. Each pursuit highlights the high-stakes nature of these incidents and the potential risks involved for all parties. Whether you're interested in the adrenaline-pumping action or curious about the realities of law enforcement operations, this video offers a glimpse into the world of high-speed chases. Get ready to experience the raw, unfiltered excitement of ""Top 12 High-Speed Police Chases Caught on Dashcam""!  #LawAndCrime #PoliceChase #Dashcam   STAY UP-TO-DATE WITH THE LAW&CRIME NETWORK: Watch Law&Crime Network on YouTubeTV: https://bit.ly/3td2e3y Where To Watch Law&Crime Network: https://bit.ly/3akxLK5 Sign Up For Law&Crime's Daily Newsletter: https://bit.ly/LawandCrimeNewsletter Read Fascinating Articles From Law&Crime Network: https://bit.ly/3td2Iqo  For Advertising Inquiries, Please Contact: sales@lawandcrime.com For Licensing Inquiries, Please Contact: licensing@lawandcrime.com  LAW&CRIME NETWORK SOCIAL MEDIA: Instagram: https://www.instagram.com/lawandcrime/ Twitter: https://twitter.com/LawCrimeNetwork Facebook: https://www.facebook.com/lawandcrime Twitch: https://www.twitch.tv/lawandcrimenetwork TikTok: https://www.tiktok.com/@lawandcrime  LAW&CRIME NETWORK PODCASTS: https://lawandcrime.com/podcasts/  SUBSCRIBE TO ALL OF LAW&CRIME NETWORK YOUTUBE CHANNELS: Main Channel: https://www.youtube.com/channel/UCz8K1occVvDTYDfFo7N5EZw Law&Crime Shorts: https://www.youtube.com/channel/UCVXOqoOCYbi-iXChKAl6DTQ Channel B: https://www.youtube.com/channel/UCXCLaaClAWQiTkl3pw9ZdLw Channel C: https://www.youtube.com/channel/UCMV3pzWIhJGLYzoHyxBjjNw",[],6,04092026
154,RZ5XPkkH6QI,BEST OF THE MONTH (OCTOBER 2025) | UK Car Crashes Compilation | Idiots In Cars | Part 2,19112025,UC8kQrh-1JyFZ3RiTHHKMt7A,292735,"⭐This video featuring driving fails, instant karma, close call, road rage, hit and run, car crashes, good drivers, bad drivers, and many more... This video can be utilized as a learning tool, so the viewers can learn from other mistakes, not their own.  ⭐VIOFO offers up to $100 off during Black Friday (valid Nov 15 – Dec 2)  A229 Pro 2CH: $100 off – https://bit.ly/3H4eeyA  A229 Plus 2CH: $70 off – https://bit.ly/3TgLqWv  A329S 3CH: $60 off – https://bit.ly/435zzjd  A119 Mini 2: $50 off – https://bit.ly/3MxQLEZ  A119M Pro: $30 off  – https://bit.ly/4hvqvK3   ⭐ Looking for a dashcam for your car? We recommend VIOFO: ➡️ For UK VS1 2K:  https://amzn.to/4anhmOu (5% off promo code: RubyDAVS1) A229 Pro 4K: https://amzn.to/3UA9ofb  (5% off promo code: RubyDA229PRO)  ➡️ For US VS1 2K: https://amzn.to/3wvcjxD (5% off promo code: RubyDAVS1) A229 Pro 4K: https://amzn.to/4dLMdY6 (5% off promo code: RubyDA229PRO)  (affiliate link that may earn us commission) - Purchasing a product using these affiliate links earns us a commission and is a great way to support the channel at no extra cost!  *Driving safely should be your number one concern behind the wheel. Following these defensive driving tips from our videos to improve your own road safety.  ⭐Ruby Dashcam Academy provides actual footage of road incidents captured on dash cams. There's a story-line & our own unique contributions (TEXT COMMENTARY & VOICE-OVER) throughout the video. We have also added the special editing effects, trimming, zooming, etc with the footage throughout the compilation. This whole process required our 3-5 days for producing a video.  ⭐These videos with own unique contributions can be used as an educational and informative resource for viewers to analyze and evaluate situations, stay alert and get out of a potentially dangerous situation on the road in the future.  ⭐Visit our official website for defensive driving tips: https://rubydashcamacademy.com/  ⭐ALL VIDEOS USED WITH LICENSING AGREEMENT FROM COPYRIGHT OWNER! If we made a mistake or you just want to remove your clip, please let us know here: hannahbruntnell114@gmail.com  ⭐Submit your clip for the feature here: https://rubydashcamacademy.com/submit-your-clip/ --------- Thank you for watching and stay safe!  #ukdashcam #ukcarcrashes #baddrivers #drivingfails",[],5,02092026
155,PJonTi1MJgo,BEST OF THE MONTH (AUGUST 2025) | UK Car Crashes Compilation | Idiots In Cars | Part 1,17092025,UC8kQrh-1JyFZ3RiTHHKMt7A,152492,"⭐This video featuring driving fails, instant karma, close call, road rage, hit and run, car crashes, good drivers, bad drivers, and many more... This video can be utilized as a learning tool, so the viewers can learn from other mistakes, not their own.  ⭐ Looking for a dashcam for your car? We recommend VIOFO: ➡️ For UK VS1 2K:  https://amzn.to/4anhmOu (5% off promo code: RubyDAVS1) A229 Pro 4K: https://amzn.to/3UA9ofb  (5% off promo code: RubyDA229PRO)  ➡️ For US VS1 2K: https://amzn.to/3wvcjxD (5% off promo code: RubyDAVS1) A229 Pro 4K: https://amzn.to/4dLMdY6 (5% off promo code: RubyDA229PRO)  (affiliate link that may earn us commission) - Purchasing a product using these affiliate links earns us a commission and is a great way to support the channel at no extra cost!  *Driving safely should be your number one concern behind the wheel. Following these defensive driving tips from our videos to improve your own road safety.  ⭐Ruby Dashcam Academy provides actual footage of road incidents captured on dash cams. There's a story-line & our own unique contributions (TEXT COMMENTARY & VOICE-OVER) throughout the video. We have also added the special editing effects, trimming, zooming, etc with the footage throughout the compilation. This whole process required our 3-5 days for producing a video.  ⭐These videos with own unique contributions can be used as an educational and informative resource for viewers to analyze and evaluate situations, stay alert and get out of a potentially dangerous situation on the road in the future.  ⭐Visit our official website for defensive driving tips: https://rubydashcamacademy.com/  ⭐ALL VIDEOS USED WITH LICENSING AGREEMENT FROM COPYRIGHT OWNER! If we made a mistake or you just want to remove your clip, please let us know here: hannahbruntnell114@gmail.com  ⭐Submit your clip for the feature here: https://rubydashcamacademy.com/submit-your-clip/ --------- Thank you for watching and stay safe!  #ukdashcam #ukcarcrashes #baddrivers #drivingfails",[],5,02092026
156,nby1WFaVbbY,BEST OF 2025 | Belgium Dashcam Crashes & Crazy Moment,01012026,UCL2DPcld8Qkmwv4UTB0fdJg,24770,"Welcome to Belgium Dashcams TV!  Explore the roads of Belgium through real dashcam footage. From chaotic roundabouts to unbelievable near-misses, we capture the wild, weird, and sometimes hilarious moments that happen every day on Belgian roads. -- 🎥 Got a dashcam clip? Submit it here ➡️ https://forms.gle/4Li452Z6qYvGYNaP8 -- #crazydrivers #dashcamclips #dashcambelgium #dashcam #belgium #crash #compilation  -- Track: Cartoon, Jéja - On & On (feat. Daniel Levi) [NCS Release] Music provided by NoCopyrightSounds. Watch: http://ncs.lnk.to/OnandOnAT/youtube Free Download / Stream: http://ncs.io/OnandOn -- Music: Hooky with Sloane - Bird Creek https://youtu.be/-WQgteQ6NAQ?si=jS0kldk721TsUibL -- Credits: Music: Tensions Run High by Soundridemusic Link to Video: https://youtu.be/Ly9H63SLJJo?si=ZzxXeLcXMSkJoM1B",[],5,02092026
157,Nabw6vwuepE,Craziest Police Chases Over 130MPH - Caught on Dashcam,14082026,UCS67mNnpfnHsU3IQYNHLToA,234358,"Craziest Police Chases Over 130MPH - Caught on Dashcam SUBSCRIBE: https://bit.ly/3at7ljZ  ► Music Licensed From SoundStripe/Envato Elements  For any and all copyright matters, please email me directly at UnderworldCopyright@gmail.com  This video is not intended to shame, ridicule, or defame any individual or group. All persons involved are presumed innocent unless proven guilty in a court of law. Our videos are for informational and educational purposes only, with the intent of promoting public safety and awareness.  Unless otherwise created by Most Dangerous, licenses have been obtained for images/footage in the video from the following sources; https://pastebin.com/2QefkSMq  Most Dangerous brings you some of the best Top 5's, Top 10's, Fails more right here on YouTube. Subscribe to Most Dangerous to never miss an upload!",[],5,02092026
158,APwSAz5Nxyc,part 09 | US Dash Cam #dashcam #drivingfails #dashcamvideos #crash #accident #automobile #roadrage,17092025,UCsFxbPsMQjtXaqLdvuLnVYw,882986,A description isn't available for this video,[],5,02092026
159,km3SoXEIQRI,BEST OF THE MONTH (JANUARY 2026) | UK Car Crashes Compilation | Idiots In Cars | Part 1,01022026,UC8kQrh-1JyFZ3RiTHHKMt7A,90701,"BEST OF THE MONTH (JANUARY 2026) | UK Car Crashes Compilation | Idiots In Cars | Part 1 https://youtu.be/km3SoXEIQRI  ⭐This video featuring driving fails, instant karma, close call, road rage, hit and run, car crashes, good drivers, bad drivers, and many more... This video can be utilized as a learning tool, so the viewers can learn from other mistakes, not their own.  ⭐VIOFO offers up to $100 off during Black Friday (valid Nov 15 – Dec 2)  A229 Pro 2CH: $100 off – https://bit.ly/3H4eeyA  A229 Plus 2CH: $70 off – https://bit.ly/3TgLqWv  A329S 3CH: $60 off – https://bit.ly/435zzjd  A119 Mini 2: $50 off – https://bit.ly/3MxQLEZ  A119M Pro: $30 off  – https://bit.ly/4hvqvK3   ⭐ Looking for a dashcam for your car? We recommend VIOFO: ➡️ For UK VS1 2K:  https://amzn.to/4anhmOu (5% off promo code: RubyDAVS1) A229 Pro 4K: https://amzn.to/3UA9ofb  (5% off promo code: RubyDA229PRO)  ➡️ For US VS1 2K: https://amzn.to/3wvcjxD (5% off promo code: RubyDAVS1) A229 Pro 4K: https://amzn.to/4dLMdY6 (5% off promo code: RubyDA229PRO)  (affiliate link that may earn us commission) - Purchasing a product using these affiliate links earns us a commission and is a great way to support the channel at no extra cost!  *Driving safely should be your number one concern behind the wheel. Following these defensive driving tips from our videos to improve your own road safety.  ⭐Ruby Dashcam Academy provides actual footage of road incidents captured on dash cams. There's a story-line & our own unique contributions (TEXT COMMENTARY & VOICE-OVER) throughout the video. We have also added the special editing effects, trimming, zooming, etc with the footage throughout the compilation. This whole process required our 3-5 days for producing a video.  ⭐These videos with own unique contributions can be used as an educational and informative resource for viewers to analyze and evaluate situations, stay alert and get out of a potentially dangerous situation on the road in the future.  ⭐Visit our official website for defensive driving tips: https://rubydashcamacademy.com/  ⭐ALL VIDEOS USED WITH LICENSING AGREEMENT FROM COPYRIGHT OWNER! If we made a mistake or you just want to remove your clip, please let us know here: hannahbruntnell114@gmail.com  ⭐Submit your clip for the feature here: https://rubydashcamacademy.com/submit-your-clip/ --------- Thank you for watching and stay safe!  #ukdashcam #ukcarcrashes #baddrivers #drivingfails",[],4,02092026
160,gwVmONNXPPk,BEST OF THE MONTH (APRIL 2025) | UK Car Crashes Compilation | Idiots In Cars (w/ Commentary),05062025,UC8kQrh-1JyFZ3RiTHHKMt7A,159051,"⭐This video featuring driving fails, instant karma, close call, road rage, hit and run, car crashes, good drivers, bad drivers, and many more... This video can be utilized as a learning tool, so the viewers can learn from other mistakes, not their own.  ⭐ Looking for a dashcam for your car? We recommend VIOFO: ➡️ For UK VS1 2K:  https://amzn.to/4anhmOu (5% off promo code: RubyDAVS1) A229 Pro 4K: https://amzn.to/3UA9ofb  (5% off promo code: RubyDA229PRO)  ➡️ For US VS1 2K: https://amzn.to/3wvcjxD (5% off promo code: RubyDAVS1) A229 Pro 4K: https://amzn.to/4dLMdY6 (5% off promo code: RubyDA229PRO)  (affiliate link that may earn us commission) - Purchasing a product using these affiliate links earns us a commission and is a great way to support the channel at no extra cost!  *Driving safely should be your number one concern behind the wheel. Following these defensive driving tips from our videos to improve your own road safety.  ⭐Ruby Dashcam Academy provides actual footage of road incidents captured on dash cams. There's a story-line & our own unique contributions (TEXT COMMENTARY & VOICE-OVER) throughout the video. We have also added the special editing effects, trimming, zooming, etc with the footage throughout the compilation. This whole process required our 3-5 days for producing a video.  ⭐These videos with own unique contributions can be used as an educational and informative resource for viewers to analyze and evaluate situations, stay alert and get out of a potentially dangerous situation on the road in the future.  ⭐Visit our official website for defensive driving tips: https://rubydashcamacademy.com/  ⭐ALL VIDEOS USED WITH LICENSING AGREEMENT FROM COPYRIGHT OWNER! If we made a mistake or you just want to remove your clip, please let us know here: hannahbruntnell114@gmail.com  ⭐Submit your clip for the feature here: https://rubydashcamacademy.com/submit-your-clip/ --------- Thank you for watching and stay safe!  #ukdashcam #ukcarcrashes #baddrivers #drivingfails",[],4,02092026
161,Uqv_z6rlDVc,Road Raging Idiot Gets Instant Karma!,04012025,UCGOQS9mWlDGGTRW1ggcb9nQ,2740712,"A road raging BMW driver got some funny instant karma caught on dash cam! He was angry that the filming driver let a school bus go first, and he decided to recklessly cut off the filming driver! He got instant karma when his car got stuck.  #roadragekarma #baddrivers #dashcam #dashcamvideos #karma #reckless #shorts",[],4,02092026
162,7YvnFhdlXyM,BEST OF THE MONTH (OCTOBER 2025) | UK Car Crashes Compilation | Idiots In Cars | Part 1,06112025,UC8kQrh-1JyFZ3RiTHHKMt7A,146591,"⭐This video featuring driving fails, instant karma, close call, road rage, hit and run, car crashes, good drivers, bad drivers, and many more... This video can be utilized as a learning tool, so the viewers can learn from other mistakes, not their own.  ⭐ Looking for a dashcam for your car? We recommend VIOFO: ➡️ For UK VS1 2K:  https://amzn.to/4anhmOu (5% off promo code: RubyDAVS1) A229 Pro 4K: https://amzn.to/3UA9ofb  (5% off promo code: RubyDA229PRO)  ➡️ For US VS1 2K: https://amzn.to/3wvcjxD (5% off promo code: RubyDAVS1) A229 Pro 4K: https://amzn.to/4dLMdY6 (5% off promo code: RubyDA229PRO)  (affiliate link that may earn us commission) - Purchasing a product using these affiliate links earns us a commission and is a great way to support the channel at no extra cost!  *Driving safely should be your number one concern behind the wheel. Following these defensive driving tips from our videos to improve your own road safety.  ⭐Ruby Dashcam Academy provides actual footage of road incidents captured on dash cams. There's a story-line & our own unique contributions (TEXT COMMENTARY & VOICE-OVER) throughout the video. We have also added the special editing effects, trimming, zooming, etc with the footage throughout the compilation. This whole process required our 3-5 days for producing a video.  ⭐These videos with own unique contributions can be used as an educational and informative resource for viewers to analyze and evaluate situations, stay alert and get out of a potentially dangerous situation on the road in the future.  ⭐Visit our official website for defensive driving tips: https://rubydashcamacademy.com/  ⭐ALL VIDEOS USED WITH LICENSING AGREEMENT FROM COPYRIGHT OWNER! If we made a mistake or you just want to remove your clip, please let us know here: hannahbruntnell114@gmail.com  ⭐Submit your clip for the feature here: https://rubydashcamacademy.com/submit-your-clip/ --------- Thank you for watching and stay safe!  #ukdashcam #ukcarcrashes #baddrivers #drivingfails",[],4,02092026
163,eloIPrbx7MI,"UK Drivers Gone Wild! Crashes, Road Rage & Chaos Caught on Dashcam (Episode 3)",28032026,UCuN7anK2gOdqWAAENarYY2Q,142467,"Welcome back to Idiot UK Drivers Exposed – Episode 3!    This 11‑minute dashcam compilation captures some of the most unbelievable moments on UK roads. From shocking crashes to intense road rage, dangerous overtakes, near misses and pure driving madness, this video shows exactly what drivers deal with every day.  All footage is real dashcam recordings submitted for educational and entertainment purposes. If you enjoy UK dashcam compilations, road‑rage moments, or unbelievable driving fails, you’re in the right place.  👍 Like the video   💬 Comment your favourite (or worst!) moment   🔔 Subscribe for more Idiot UK Drivers Exposed episodes  Stay safe out there.  Upload your footage ➡️ https://shorturl.at/4M4Rr  Protect yourself with a Nextbase front and rear Dash Cam - Use Exclusive discount Code SAFECAM15 for 15% off all products! https://tidd.ly/4tpkF2A World’s first truly Smart Dash Cam, Nextbase iQ!  https://shorturl.at/FKdeJ - Google App https://shorturl.at/Q4eTy - Apple App https://shorturl.at/bBClY - Website  https://www.facebook.com/Idiotukdriversmedia https://www.instagram.com/idiotukdrivers  #ukdashcam #drivingfails #roadrage",[],4,02092026
164,BF7H4JT5tYQ,"A Normal Day ın Russia, Idiots in Cars, CAR CRASH COMPILATION 2025 &17 (w/ commentary)",12012025,UCSzHIkgnXAxVMCcnPGoSDwg,141919,"russian car crash, idiots in cars, car crash 2025, driving fails, idiot drivers 2025, car crashes 2025, russian dash cam 2025, hit and run, dashcam 2025, dashcam car crash videos, car crashes compilation 2025.  ➡️ Click to SUBSCRİBE! https://www.youtube.com/channel/UCSzHIkgnXAxVMCcnPGoSDwg  ✅ Explore the riveting world of traffic incidents in our car crash series, featuring real-life scenarios of speeding, carelessness, and traffic rule violations. Witness the compilation of collision aftermaths, each telling a unique story of vehicular misadventures.  ✅ If you enjoyed the video, show your support by hitting the like button and subscribing to our channel for the latest updates. Share your valuable opinions in the comments section, as your feedback means a lot to us. Let's make road safety a priority.   ✅ Dashcam Russia brings you authentic footage of road incidents with our signature touch, including text commentary and voice-over. Our videos are more than recycled content; they undergo an extensive 3-4 day production process. We pride ourselves on originality, incorporating defensive driving tips, compelling storylines, analyses, and even advice from witnesses or victims. Special editing effects, precise trimming, and strategic zooming enhance the viewing experience.  ✅ Your safety on the road is paramount. Implement the defensive driving tips shared in our videos to boost your overall road safety.  ✅ All videos are used with licensing agreements from copyright owners. If there's a mistake or you want your clip removed, contact us at dashcamrussia@gmail.com.  ✅ These videos, each with distinct contributions, serve as educational tools, enabling viewers to analyze, stay vigilant, and navigate potentially hazardous road scenarios effectively in the future.  #baddrivers, #drivingfails, #carcrash, #carcrashcompilation2024  You can access the original versions of some of the videos I commented on from the links below. ⬇️⬇️⬇️",[],4,02092026
165,3S9NI4JOI8k,UK Bad Drivers & Driving Fails Compilation | UK Car Crashes Dashcam Caught (w/ Commentary) #273,26072026,UC8kQrh-1JyFZ3RiTHHKMt7A,35139,"UK Bad Drivers & Driving Fails Compilation | UK Car Crashes Dashcam Caught (w/ Commentary) #273 https://youtu.be/3S9NI4JOI8k  ⭐This video featuring driving fails, instant karma, close call, road rage, hit and run, car crashes, good drivers, bad drivers, and many more... This video can be utilized as a learning tool, so the viewers can learn from other mistakes, not their own.  ⭐ Looking for a dashcam for your car? We recommend VIOFO: ➡️ For UK A119M Pro: https://tr.ee/ma5AkS (promo code: RUBYCAM119MP) A229 Pro: https://amzn.to/3UA9ofb  (promo code: RUBYCAM229P)  ➡️ For US A119M Pro: https://tr.ee/8nYqOn (promo code: RUBYCAM119MP) A229 Pro: https://amzn.to/4dLMdY6 (promo code: RUBYCAM229P)  (affiliate link that may earn us commission) - Purchasing a product using these affiliate links earns us a commission and is a great way to support the channel at no extra cost!  *Driving safely should be your number one concern behind the wheel. Following these defensive driving tips from our videos to improve your own road safety.  ⭐Ruby Dashcam Academy provides actual footage of road incidents captured on dash cams. There's a story-line & our own unique contributions (TEXT COMMENTARY & VOICE-OVER) throughout the video. We have also added the special editing effects, trimming, zooming, etc with the footage throughout the compilation. This whole process required our 3-5 days for producing a video.  ⭐These videos with own unique contributions can be used as an educational and informative resource for viewers to analyze and evaluate situations, stay alert and get out of a potentially dangerous situation on the road in the future.  ⭐Visit our official website for defensive driving tips: https://rubydashcamacademy.com/  ⭐ALL VIDEOS USED WITH LICENSING AGREEMENT FROM COPYRIGHT OWNER! If we made a mistake or you just want to remove your clip, please let us know here: hannahbruntnell114@gmail.com  ⭐Submit your clip for the feature here: https://rubydashcamacademy.com/submit-your-clip/ --------- Thank you for watching and stay safe!  #ukdashcam #ukcarcrashes #baddrivers #drivingfails",[],4,02092026
166,xWX_kc_zgE8,Dangerous Drivers EP6 Cape Town South Africa Dash Cam,07112019,UCxvxh04R-XtERJ_7fG8OwLg,94391,"A compilation of bad driver behaviour that I've recently witnessed in and around Cape Town. This video is not to identify individual drivers, but rather to show how bad the situation is on our roads.  Thank you for watching.  New videos coming soon.  Let's all be considerate and drive safely.",[],4,02092026
167,MMHwIk72tPg,MALAYSIA IDIOT'S  DRIVERS COMPILATION #149,21022022,UCxqzC2IL_n8lXMk_hRxx-wA,76555,"All the DASHCAM caught a video featuring driving fails, unexpected scene, instant karma, car crashes, good drivers and bad drivers!   This video has a great educational value which will help the viewer to learn safe driving as well as better road safety. Also, from the footage and additional information, a viewer can learn the consequences of bad driving and can educate his/her self with better driving safety. This process also gives our video a great educational value.   Some of the clips may contains disturbing content. Please take note on this.   Submit your Dashcam video for the feature here. sent to Email: kubenyorstore@gmail.com   Disclaimer: Credit to the rightful owners for pictures/information/media used.   Please contact us thru email kubenyorstore@gmail.com for any issue. Thank you.   #baddriver #dashcam #accident #eksiden #baddriving #roadrage #carcrash #caraccident #tiktok #penang #dashcam #crash #car #carcrashusa #insurancescamfail #idiotsincars #carcrash #cars #roadragekarma #carcrashcompilation #closecall #carcrashesinamerica #closecalls #brakecheck #carcrashes #carcrashcompilationusa #baddriversamerica #crazyroadrageusa #canada #instantkarma #drivingfails #usacarcrash #drivingfailsinusa #justice #canadaroadrage #carfails #roadrage #nearmiss #baddrivers #semitruckbrakecheck",[],4,04092026
168,y87RkdjlM-M,😱Idiot Drivers on Road Dashcam Video Road Rage Compilation 03,28052025,UCBeXsxtLudD4ufJDWM1hdew,3360,"📢 Disclaimer: This video is intended for educational and awareness purposes only. All footage used is either original, used with permission, or falls under fair use for commentary and educational analysis. We do not promote violence, reckless driving, or any form of harmful behavior. Viewer discretion is advised.  📥Submit your video: forms.gle/zzR883LzWELnSEGi6   📋All the clips featured in our channel are used with copyright owners' permission, if you have any inquiry regarding your clip, please contact us at: finditfast9@gmail.com  All Original Video Links:  📸 @GripTwitch 🔗https://www.youtube.com/watch?v=Xlwrc3PTzTk&lc=UgycUvUUCHXrdDPNTgR4AaABAg.AIaHkYB5DxIAIcJdhU0JSx 📸 @ChuckBrennaman 🔗https://www.youtube.com/watch?v=a8NBmtE155I&lc=UgxMtT9Gp88bgor_RqB4AaABAg.AIa3zgcMfy7AIawH8dC3hO 📸 @melissat1997 🔗 https://www.youtube.com/watch?v=A66utobXa_s&lc=Ugx9CIttBh-_ObXDxaF4AaABAg.AIaIFAqE95oAIaRKVxtJ62  📸 @Connor13666 🔗https://www.youtube.com/watch?v=cLRl4l_QkZY&lc=Ugxs2kZUS7Bev_bedBx4AaABAg.AIaJE1RixI9AIaYYNVxEXI",[],4,02092026
169,WfUdsSYSzVA,BEST OF THE MONTH (FEBRUARY 2026) | UK Car Crashes Compilation | Idiots In Cars | Part 2,05042026,UC8kQrh-1JyFZ3RiTHHKMt7A,133168,"BEST OF THE MONTH (FEBRUARY 2026) | UK Car Crashes Compilation | Idiots In Cars | Part 2 https://youtu.be/WfUdsSYSzVA  ⭐This video featuring driving fails, instant karma, close call, road rage, hit and run, car crashes, good drivers, bad drivers, and many more... This video can be utilized as a learning tool, so the viewers can learn from other mistakes, not their own.  ⭐ Looking for a dashcam for your car? We recommend VIOFO: ➡️ For UK VS1 2K:  https://amzn.to/4anhmOu (5% off promo code: RubyDAVS1) A229 Pro 4K: https://amzn.to/3UA9ofb  (5% off promo code: RubyDA229PRO)  ➡️ For US VS1 2K: https://amzn.to/3wvcjxD (5% off promo code: RubyDAVS1) A229 Pro 4K: https://amzn.to/4dLMdY6 (5% off promo code: RubyDA229PRO)  (affiliate link that may earn us commission) - Purchasing a product using these affiliate links earns us a commission and is a great way to support the channel at no extra cost!  *Driving safely should be your number one concern behind the wheel. Following these defensive driving tips from our videos to improve your own road safety.  ⭐Ruby Dashcam Academy provides actual footage of road incidents captured on dash cams. There's a story-line & our own unique contributions (TEXT COMMENTARY & VOICE-OVER) throughout the video. We have also added the special editing effects, trimming, zooming, etc with the footage throughout the compilation. This whole process required our 3-5 days for producing a video.  ⭐These videos with own unique contributions can be used as an educational and informative resource for viewers to analyze and evaluate situations, stay alert and get out of a potentially dangerous situation on the road in the future.  ⭐Visit our official website for defensive driving tips: https://rubydashcamacademy.com/  ⭐ALL VIDEOS USED WITH LICENSING AGREEMENT FROM COPYRIGHT OWNER! If we made a mistake or you just want to remove your clip, please let us know here: hannahbruntnell114@gmail.com  ⭐Submit your clip for the feature here: https://rubydashcamacademy.com/submit-your-clip/ --------- Thank you for watching and stay safe!  #ukdashcam #ukcarcrashes #baddrivers #drivingfails",[],3,02092026
170,_9aSbLqcQMk,UK Bad Drivers & Driving Fails Compilation | UK Car Crashes Dashcam Caught (w/ Commentary) #270,05072026,UC8kQrh-1JyFZ3RiTHHKMt7A,60209,"UK Bad Drivers & Driving Fails Compilation | UK Car Crashes Dashcam Caught (w/ Commentary) #270 https://youtu.be/_9aSbLqcQMk  ⭐This video featuring driving fails, instant karma, close call, road rage, hit and run, car crashes, good drivers, bad drivers, and many more... This video can be utilized as a learning tool, so the viewers can learn from other mistakes, not their own.  ⭐ Looking for a dashcam for your car? We recommend VIOFO: ➡️ For UK A119M Pro: https://tr.ee/ma5AkS (promo code: RUBYCAM119MP) A229 Pro: https://amzn.to/3UA9ofb  (promo code: RUBYCAM229P)  ➡️ For US A119M Pro: https://tr.ee/8nYqOn (promo code: RUBYCAM119MP) A229 Pro: https://amzn.to/4dLMdY6 (promo code: RUBYCAM229P)  (affiliate link that may earn us commission) - Purchasing a product using these affiliate links earns us a commission and is a great way to support the channel at no extra cost!  *Driving safely should be your number one concern behind the wheel. Following these defensive driving tips from our videos to improve your own road safety.  ⭐Ruby Dashcam Academy provides actual footage of road incidents captured on dash cams. There's a story-line & our own unique contributions (TEXT COMMENTARY & VOICE-OVER) throughout the video. We have also added the special editing effects, trimming, zooming, etc with the footage throughout the compilation. This whole process required our 3-5 days for producing a video.  ⭐These videos with own unique contributions can be used as an educational and informative resource for viewers to analyze and evaluate situations, stay alert and get out of a potentially dangerous situation on the road in the future.  ⭐Visit our official website for defensive driving tips: https://rubydashcamacademy.com/  ⭐ALL VIDEOS USED WITH LICENSING AGREEMENT FROM COPYRIGHT OWNER! If we made a mistake or you just want to remove your clip, please let us know here: hannahbruntnell114@gmail.com  ⭐Submit your clip for the feature here: https://rubydashcamacademy.com/submit-your-clip/ --------- Thank you for watching and stay safe!  #ukdashcam #ukcarcrashes #baddrivers #drivingfails",[],3,02092026
171,t2947yPvinM,"UK Dash Cameras - Compilation 17 - 2026 Bad Drivers, Crashes & Close Calls",24052026,UCfZwNd8i7spJmLr4qq1_Gyw,178120,"Welcome to UK Dash Cameras 2026 Compilation #17!  Thank you to all that have sent clips in this week.  Clip submissions, please email them to: clips@ukdashcameras.co.uk  If your clip(s) is/are too large to send via email, check out this form: http://bit.ly/2nRRw2L Or visit: https://wetransfer.com/ and put my email 'clips@ukdashcameras.co.uk' in the 'Email To:' section.  Socials:  Facebook: https://bit.ly/2KdGSeG Instagram: https://bit.ly/2B6pXam Discord: https://discord.gg/k7FxP8u  If you want to consider donating via Patreon or PayPal, use the links below:  https://www.patreon.com/ukdashcameras https://paypal.me/ukdashcameras  Any amount is appreciated and it all goes towards bringing you the best videos every week! (Patreon members get videos 24 hours earlier!)  Channel dedicated to Grandad John, 1930-2018 and to Grandma Irene, 1928-2023.   Sponsorship: Here's the discount codes for the dashcams advertised!   3-Channel Dash Cam N4 Pro S  Link: https://amzn.to/4qOBsKh Discount code: UKDASHCAMVT (5% off)  Front & Rear Dash Cam / AI Dash Cam S1 Pro Max (Front 4K + Rear 2.5K)  Link: https://amzn.to/454iQ0h Discount code: UKDASHCAMVT (5% off)  If there are issues then please let me know!  UK Dash Cameras  Please send an email to enquiries@ukdashcameras.co.uk for more information!",[],3,02092026
172,f8KHNoUDyF8,UK Bad Drivers & Driving Fails Compilation | UK Car Crashes Dashcam Caught (w/ Commentary) #274,02082026,UC8kQrh-1JyFZ3RiTHHKMt7A,31668,"UK Bad Drivers & Driving Fails Compilation | UK Car Crashes Dashcam Caught (w/ Commentary) #274 https://youtu.be/f8KHNoUDyF8  ⭐This video featuring driving fails, instant karma, close call, road rage, hit and run, car crashes, good drivers, bad drivers, and many more... This video can be utilized as a learning tool, so the viewers can learn from other mistakes, not their own.  ⭐ Looking for a dashcam for your car? We recommend VIOFO: ➡️ For UK A119M Pro: https://tr.ee/ma5AkS (promo code: RUBYCAM119MP) A229 Pro: https://amzn.to/3UA9ofb  (promo code: RUBYCAM229P)  ➡️ For US A119M Pro: https://tr.ee/8nYqOn (promo code: RUBYCAM119MP) A229 Pro: https://amzn.to/4dLMdY6 (promo code: RUBYCAM229P)  (affiliate link that may earn us commission) - Purchasing a product using these affiliate links earns us a commission and is a great way to support the channel at no extra cost!  *Driving safely should be your number one concern behind the wheel. Following these defensive driving tips from our videos to improve your own road safety.  ⭐Ruby Dashcam Academy provides actual footage of road incidents captured on dash cams. There's a story-line & our own unique contributions (TEXT COMMENTARY & VOICE-OVER) throughout the video. We have also added the special editing effects, trimming, zooming, etc with the footage throughout the compilation. This whole process required our 3-5 days for producing a video.  ⭐These videos with own unique contributions can be used as an educational and informative resource for viewers to analyze and evaluate situations, stay alert and get out of a potentially dangerous situation on the road in the future.  ⭐Visit our official website for defensive driving tips: https://rubydashcamacademy.com/  ⭐ALL VIDEOS USED WITH LICENSING AGREEMENT FROM COPYRIGHT OWNER! If we made a mistake or you just want to remove your clip, please let us know here: hannahbruntnell114@gmail.com  ⭐Submit your clip for the feature here: https://rubydashcamacademy.com/submit-your-clip/ --------- Thank you for watching and stay safe!  #ukdashcam #ukcarcrashes #baddrivers #drivingfails",[],3,02092026
173,z6vJH3c46uo,"Icy Road MADNESS 5: The Most Dramatic Car & Truck Spins, Slides, Bumps and Close Calls",06092024,UC1dcRoXHbZ0QFOBB6DKPmdg,3140465,"Part 5 of the best and most dramatic car, truck, semi and tractor-trailer loss-of-control slides, spins, bumps, jackknifes and close calls during intensive news coverage of freezing rain, snow, sleet, frost and other winter weather during the 2022-2023 and 2023-2024 winter seasons in the USA.  Filmed and copyrighted by cameraman Dan Robinson. From Dan: Thank you all for your continued viewership and support over the years!  Stay tuned to this channel for new clips from the upcoming 2024-2025 winter season!  Frequently Asked Questions:  Did you shoot all of these clips? Yes, I personally shot every video on my channel on-the-scene with my own camera equipment (4K video cameras, drones and dashcams). None of it is from traffic cameras or other sources. Most of my winter storm coverage expeditions are 12 to 36 hour marathons shooting outside in harsh conditions (not including the travel time to and from the storms).  Where is Icy Road Madness 4? You might have already seen some of these clips in the 4th part of the Icy Road Madness series. For an unknown reason, Youtube stopped showing Part 4 to viewers shortly after it was uploaded.  So, Part 5 contains the clips from Part 4 along with new captures from the 2023-2024 winter season.  Were your drone flights legal? Yes, I have an active Remote Pilot Certificate (Part 107) with the FAA and my flights comply with all airspace, lighting and operating regulations.  Where can I learn more about icy roads? My winter driving web site Icy Road Safety has everything you need to know about keeping you and your family safe during winter weather.  I saw your video somewhere else. Please let me know if you see any of my videos on other web sites, channels or social media accounts.  Nearly all of those are stolen copies, and they cause significant harm to this channel by diverting viewers away.  Click over to my Storm Highway site and read the DMCA and copyright article to learn more about how big this problem is for me and my fellow photographers!",[],3,02092026
174,yb1EmGKGinc,,,,0,,,3,02092026
175,3SY4Zavq0KQ,Road Rager Gets Funniest Instant Karma!,09022025,UCGOQS9mWlDGGTRW1ggcb9nQ,14782866,"#roadrage #instantkarma #baddrivers #roadragekarma #dashcam   Be sure to click the link in the video to buy yourself a dashcam to protect yourself from bad drivers!  A road raging driver got some brutal instant karma after trying to provoke another driver in traffic! He exited his car, and the other driver felt threatened and drove away but hit the road rager's open door.",[],3,02092026
176,s2jR_QRVu50,"Jaw-Dropping Police Dashcam Moments, High-Speed Chases, Wild Crashes",08072026,UCGs93b1vxGYLWyuksFGBGhQ,84103,"Real police dashcam footage, high-speed police chases, pit maneuvers, takedowns, and pursuit endings caught on camera.  Welcome to Mind Rush, your home for real police dashcam videos, police bodycam footage, and some of the most intense police pursuits in the USA.  New police dashcam compilations every week. If you’re looking for the ultimate rush, you’re in the right place. Let’s get your heart racing.  📌 WHAT YOU’LL SEE • Real police dashcam footage • Police bodycam moments • High-speed police chases • Pit maneuvers • Motorcycle pursuits • Spike strips • K9 takedowns • Foot chases • Traffic stops gone wrong • Crashes and rollovers • Arrests • Pursuit endings • Helicopter footage • Official public records footage  📌 WHY WE SHARE THIS FOOTAGE This footage is shown for educational, documentary, commentary, and news reporting purposes.  These videos help viewers understand the real risks of reckless driving, fleeing from police, and dangerous decision-making.  They also show how law enforcement responds during real public safety incidents.  Mind Rush does not support, encourage, or glorify: • Criminal activity • Reckless driving • Fleeing from police • Vigilantism • Violence  All incidents shown are real events involving suspects, officers, and public safety responses.  All individuals are presumed innocent until proven guilty in a court of law.  🔔 SUBSCRIBE Subscribe to Mind Rush for: • Real police dashcam footage • Police chase compilations • High-speed pursuits • Bodycam moments • Caught-on-camera incidents  📄 MIND RUSH LICENSES https://pastebin.com/ehqykxPS  ⚖️ DISCLAIMER This video is presented for educational, documentary, commentary, and news reporting purposes.  Under Section 107 of the Copyright Act 1976, Fair Use may apply for purposes such as criticism, comment, news reporting, teaching, scholarship, and research.  Footage is obtained through public records requests and licensed sources.  📩 BUSINESS INQUIRIES Licensing, footage use, or collaboration: contact@mind-rush.com  #PoliceChase #Dashcam #PoliceDashcam #MindRush #HighSpeedPursuit #PolicePursuit #Bodycam #CaughtOnCamera #PitManeuver #PoliceChases",[],3,02092026
177,91eqtnyh-Uk,BEST OF THE MONTH (MAY 2026) | UK Car Crashes Compilation | Idiots In Cars | Part 2,14062026,UC8kQrh-1JyFZ3RiTHHKMt7A,131696,"BEST OF THE MONTH (MAY 2026) | UK Car Crashes Compilation | Idiots In Cars | Part 2 https://youtu.be/91eqtnyh-Uk  ⭐This video featuring driving fails, instant karma, close call, road rage, hit and run, car crashes, good drivers, bad drivers, and many more... This video can be utilized as a learning tool, so the viewers can learn from other mistakes, not their own.  ⭐ Looking for a dashcam for your car? We recommend VIOFO: ➡️ For UK VS1 2K:  https://amzn.to/4anhmOu (5% off promo code: RubyDAVS1) A229 Pro 4K: https://amzn.to/3UA9ofb  (5% off promo code: RubyDA229PRO)  ➡️ For US VS1 2K: https://amzn.to/3wvcjxD (5% off promo code: RubyDAVS1) A229 Pro 4K: https://amzn.to/4dLMdY6 (5% off promo code: RubyDA229PRO)  (affiliate link that may earn us commission) - Purchasing a product using these affiliate links earns us a commission and is a great way to support the channel at no extra cost!  *Driving safely should be your number one concern behind the wheel. Following these defensive driving tips from our videos to improve your own road safety.  ⭐Ruby Dashcam Academy provides actual footage of road incidents captured on dash cams. There's a story-line & our own unique contributions (TEXT COMMENTARY & VOICE-OVER) throughout the video. We have also added the special editing effects, trimming, zooming, etc with the footage throughout the compilation. This whole process required our 3-5 days for producing a video.  ⭐These videos with own unique contributions can be used as an educational and informative resource for viewers to analyze and evaluate situations, stay alert and get out of a potentially dangerous situation on the road in the future.  ⭐Visit our official website for defensive driving tips: https://rubydashcamacademy.com/  ⭐ALL VIDEOS USED WITH LICENSING AGREEMENT FROM COPYRIGHT OWNER! If we made a mistake or you just want to remove your clip, please let us know here: hannahbruntnell114@gmail.com  ⭐Submit your clip for the feature here: https://rubydashcamacademy.com/submit-your-clip/ --------- Thank you for watching and stay safe!  #ukdashcam #ukcarcrashes #baddrivers #drivingfails",[],2,02092026
178,tnucU7gDkSs,BEST OF THE MONTH (MAY 2026) | UK Car Crashes Compilation | Idiots In Cars | Part 1,31052026,UC8kQrh-1JyFZ3RiTHHKMt7A,189260,"BEST OF THE MONTH (MAY 2026) | UK Car Crashes Compilation | Idiots In Cars | Part 1 https://youtu.be/tnucU7gDkSs  ⭐This video featuring driving fails, instant karma, close call, road rage, hit and run, car crashes, good drivers, bad drivers, and many more... This video can be utilized as a learning tool, so the viewers can learn from other mistakes, not their own.  ⭐ Looking for a dashcam for your car? We recommend VIOFO: ➡️ For UK VS1 2K:  https://amzn.to/4anhmOu (5% off promo code: RubyDAVS1) A229 Pro 4K: https://amzn.to/3UA9ofb  (5% off promo code: RubyDA229PRO)  ➡️ For US VS1 2K: https://amzn.to/3wvcjxD (5% off promo code: RubyDAVS1) A229 Pro 4K: https://amzn.to/4dLMdY6 (5% off promo code: RubyDA229PRO)  (affiliate link that may earn us commission) - Purchasing a product using these affiliate links earns us a commission and is a great way to support the channel at no extra cost!  *Driving safely should be your number one concern behind the wheel. Following these defensive driving tips from our videos to improve your own road safety.  ⭐Ruby Dashcam Academy provides actual footage of road incidents captured on dash cams. There's a story-line & our own unique contributions (TEXT COMMENTARY & VOICE-OVER) throughout the video. We have also added the special editing effects, trimming, zooming, etc with the footage throughout the compilation. This whole process required our 3-5 days for producing a video.  ⭐These videos with own unique contributions can be used as an educational and informative resource for viewers to analyze and evaluate situations, stay alert and get out of a potentially dangerous situation on the road in the future.  ⭐Visit our official website for defensive driving tips: https://rubydashcamacademy.com/  ⭐ALL VIDEOS USED WITH LICENSING AGREEMENT FROM COPYRIGHT OWNER! If we made a mistake or you just want to remove your clip, please let us know here: hannahbruntnell114@gmail.com  ⭐Submit your clip for the feature here: https://rubydashcamacademy.com/submit-your-clip/ --------- Thank you for watching and stay safe!  #ukdashcam #ukcarcrashes #baddrivers #drivingfails",[],2,02092026
179,9gkP0G7euEE,DRIVING FAILS - Crazy Russian Drivers Car Crash Compilation #48,08082020,UCl3UYCmzIrk03MSjfxXnYpg,217799,"This car crashes russian compilation show you Car Crashes DashCam Compilation in Russia // USA // Europe. Enjoy watching. Drive safely and keep yourself and others safe.  In these type of russian dashcam car crashes russia videos I'm trying to show situations on the roads which are for educational purposes, so the road drivers can learn from other mistakes, not their own.   We do NOT own the video materials and all credits belong to respectful owners. In case of copyright issues, please contact us immediately for further credits or clip delete.  Video Link : https://youtu.be/9gkP0G7euEE Subscribe for more Videos :  http://bit.ly/320XmzI  Thanks for watching.",[],2,02092026
180,l7F_g_XfCKI,BEST OF THE MONTH (FEBRUARY 2026) | UK Car Crashes Compilation | Idiots In Cars | Part 1,22032026,UC8kQrh-1JyFZ3RiTHHKMt7A,65162,"BEST OF THE MONTH (FEBRUARY 2026) | UK Car Crashes Compilation | Idiots In Cars | Part 1 https://youtu.be/l7F_g_XfCKI  ⭐This video featuring driving fails, instant karma, close call, road rage, hit and run, car crashes, good drivers, bad drivers, and many more... This video can be utilized as a learning tool, so the viewers can learn from other mistakes, not their own.  ⭐VIOFO Spring Sale – March 20–31 Head over to  viofo.com to grab these discounts: • A229 Pro – £90 off • A229 Plus – £60 off • A119 Mini 2 / A329S / A329T – £50 off • A119M Pro – £30 off  Shop now: https://www.viofo.com/pages/spring-sale-2026-viofo-dashcam  ⭐ Looking for a dashcam for your car? We recommend VIOFO: ➡️ For UK VS1 2K:  https://amzn.to/4anhmOu (5% off promo code: RubyDAVS1) A229 Pro 4K: https://amzn.to/3UA9ofb  (5% off promo code: RubyDA229PRO)  ➡️ For US VS1 2K: https://amzn.to/3wvcjxD (5% off promo code: RubyDAVS1) A229 Pro 4K: https://amzn.to/4dLMdY6 (5% off promo code: RubyDA229PRO)  (affiliate link that may earn us commission) - Purchasing a product using these affiliate links earns us a commission and is a great way to support the channel at no extra cost!  *Driving safely should be your number one concern behind the wheel. Following these defensive driving tips from our videos to improve your own road safety.  ⭐Ruby Dashcam Academy provides actual footage of road incidents captured on dash cams. There's a story-line & our own unique contributions (TEXT COMMENTARY & VOICE-OVER) throughout the video. We have also added the special editing effects, trimming, zooming, etc with the footage throughout the compilation. This whole process required our 3-5 days for producing a video.  ⭐These videos with own unique contributions can be used as an educational and informative resource for viewers to analyze and evaluate situations, stay alert and get out of a potentially dangerous situation on the road in the future.  ⭐Visit our official website for defensive driving tips: https://rubydashcamacademy.com/  ⭐ALL VIDEOS USED WITH LICENSING AGREEMENT FROM COPYRIGHT OWNER! If we made a mistake or you just want to remove your clip, please let us know here: hannahbruntnell114@gmail.com  ⭐Submit your clip for the feature here: https://rubydashcamacademy.com/submit-your-clip/ --------- Thank you for watching and stay safe!  #ukdashcam #ukcarcrashes #baddrivers #drivingfails",[],2,02092026
181,yF4UI6KR9n0,"UK Dash Cameras - Compilation 37 - 2025 Bad Drivers, Crashes & Close Calls",19102025,UCfZwNd8i7spJmLr4qq1_Gyw,99076,"Welcome to UK Dash Cameras 2025 Compilation #37!  Thank you to all that have sent clips in this week.  Clip submissions, please email them to: clips@ukdashcameras.co.uk  If your clip(s) is/are too large to send via email, check out this form: http://bit.ly/2nRRw2L Or visit: https://wetransfer.com/ and put my email 'clips@ukdashcameras.co.uk' in the 'Email To:' section.  Socials:  Facebook: https://bit.ly/2KdGSeG Instagram: https://bit.ly/2B6pXam Discord: https://discord.gg/k7FxP8u  If you want to consider donating via Patreon or PayPal, use the links below:  https://www.patreon.com/ukdashcameras https://paypal.me/ukdashcameras  Any amount is appreciated and it all goes towards bringing you the best videos every week! (Patreon members get videos 24 hours earlier!)  Channel dedicated to Grandad John, 1930-2018 and to Grandma Irene, 1928-2023.   Sponsorship:  Please send an email to enquiries@ukdashcameras.co.uk for more information!",[],2,02092026
182,ZqByRRQNhnA,"Traffic camera footage shows driver of sports car lose control and crash, killing her passenger",02112023,UCBu0KdNokE4MqdkacvH37_A,22902285,"Newly obtained traffic camera footage shows the moment the driver of a sports car in Bellevue lost control and crashed the vehicle she was driving, killing her passenger.   The driver, 26-year-old Ting Ye, has been charged with vehicular homicide but, according to police, has left the country for China.   Traffic cameras across several intersections document the flash of a white Porsche that police say was driven by Ye on Sept. 30 around 4 a.m.  The vehicle hit a cement barricade and went airborne. Investigators say Ye, the driver, survived and her passenger, 27-year-old Yabao Liu died. According to court documents, a first responder noted the “strong odor of alcohol coming from the defendant’s breath.”  Court records allege Ye did not cooperate with investigators and has since fled to her home country of China.      Former Washington Governor and former U.S. Ambassador to China Gary Locke points to the lack of an extradition treaty between the two countries.  “The story is not over. Yes, she was able to elude the arrest warrant, but if she were to ever travel to another country, let’s say to Europe on business or pleasure to an area, to a country that does have an extradition treaty with the United States she’ll be flagged when she enters that country by Interpol and subject to extradition back to the United States if the United States government so desires,” Locke said.  FULL STORY: https://www.wfaa.com/article/news/crime/new-video-driver-crashing-into-barricade-bellevue-killing-passenger/281-b2e386c9-c0d1-4082-8c3a-c9e22d175010",[],2,02092026
183,Gznpt7kyyKY,UK Bad Drivers & Driving Fails Compilation | UK Car Crashes Dashcam Caught (w/ Commentary) #264,10052026,UC8kQrh-1JyFZ3RiTHHKMt7A,42055,"UK Bad Drivers & Driving Fails Compilation | UK Car Crashes Dashcam Caught (w/ Commentary) #264 https://youtu.be/Gznpt7kyyKY  ⭐This video featuring driving fails, instant karma, close call, road rage, hit and run, car crashes, good drivers, bad drivers, and many more... This video can be utilized as a learning tool, so the viewers can learn from other mistakes, not their own.  ⭐ Looking for a dashcam for your car? We recommend VIOFO: ➡️ For UK VS1 2K:  https://amzn.to/4anhmOu (5% off promo code: RubyDAVS1) A229 Pro 4K: https://amzn.to/3UA9ofb  (5% off promo code: RubyDA229PRO)  ➡️ For US VS1 2K: https://amzn.to/3wvcjxD (5% off promo code: RubyDAVS1) A229 Pro 4K: https://amzn.to/4dLMdY6 (5% off promo code: RubyDA229PRO)  (affiliate link that may earn us commission) - Purchasing a product using these affiliate links earns us a commission and is a great way to support the channel at no extra cost!  *Driving safely should be your number one concern behind the wheel. Following these defensive driving tips from our videos to improve your own road safety.  ⭐Ruby Dashcam Academy provides actual footage of road incidents captured on dash cams. There's a story-line & our own unique contributions (TEXT COMMENTARY & VOICE-OVER) throughout the video. We have also added the special editing effects, trimming, zooming, etc with the footage throughout the compilation. This whole process required our 3-5 days for producing a video.  ⭐These videos with own unique contributions can be used as an educational and informative resource for viewers to analyze and evaluate situations, stay alert and get out of a potentially dangerous situation on the road in the future.  ⭐Visit our official website for defensive driving tips: https://rubydashcamacademy.com/  ⭐ALL VIDEOS USED WITH LICENSING AGREEMENT FROM COPYRIGHT OWNER! If we made a mistake or you just want to remove your clip, please let us know here: hannahbruntnell114@gmail.com  ⭐Submit your clip for the feature here: https://rubydashcamacademy.com/submit-your-clip/ --------- Thank you for watching and stay safe!  #ukdashcam #ukcarcrashes #baddrivers #drivingfails",[],2,02092026
184,MAZOmSLKFfc,Extreme ROAD RAGE Caught on Camera!,09072025,UCGOQS9mWlDGGTRW1ggcb9nQ,3061039,"An extreme road rage incident was caught on camera when a lady filmed a driver destroying another car! He busts out several windows, and loses his mind. This road rage went way too far!  #roadrage #instantkarma #dashcamfootage #maddrivers #karma",[],2,02092026
185,MbYmmER7aWw,12 Times Dashcams Caught Terrifying Encounters,09062026,UCc4tkQ7RB0X3ARhamI8_bGQ,288527,"These 12 real dashcam videos capture some of the most terrifying encounters ever caught on the road. From mysterious strangers appearing out of nowhere to bizarre incidents that remain unexplained, these unsettling moments prove that danger can appear when you least expect it.  ⚠️This video is for educational and documentary purposes only. All events are shown to raise awareness and improve safety.  👍If you enjoyed this video, don’t forget to leave a like — it really helps the channel grow. By subscribing, you’ll also make sure you never miss future uploads just like this one.",[],2,02092026
186,Zx_anOSFVKM,"UK Dash Cameras - Compilation 10 - 2026 Bad Drivers, Crashes & Close Calls",15032026,UCfZwNd8i7spJmLr4qq1_Gyw,60620,"Welcome to UK Dash Cameras 2026 Compilation #10!  Thank you to all that have sent clips in this week.  Clip submissions, please email them to: clips@ukdashcameras.co.uk  If your clip(s) is/are too large to send via email, check out this form: http://bit.ly/2nRRw2L Or visit: https://wetransfer.com/ and put my email 'clips@ukdashcameras.co.uk' in the 'Email To:' section.  Socials:  Facebook: https://bit.ly/2KdGSeG Instagram: https://bit.ly/2B6pXam Discord: https://discord.gg/k7FxP8u  If you want to consider donating via Patreon or PayPal, use the links below:  https://www.patreon.com/ukdashcameras https://paypal.me/ukdashcameras  Any amount is appreciated and it all goes towards bringing you the best videos every week! (Patreon members get videos 24 hours earlier!)  Channel dedicated to Grandad John, 1930-2018 and to Grandma Irene, 1928-2023.   Sponsorship: Here's the discount codes for the dashcams advertised!   3-Channel Dash Cam N4 Pro S  Link: https://amzn.to/4qOBsKh Discount code: UKDASHCAMVT (5% off)  Front & Rear Dash Cam / AI Dash Cam S1 Pro Max (Front 4K + Rear 2.5K)  Link: https://amzn.to/454iQ0h Discount code: UKDASHCAMVT (5% off)  If there are issues then please let me know!  UK Dash Cameras  Please send an email to enquiries@ukdashcameras.co.uk for more information!",[],2,02092026
187,s3W7xD_X3Xg,Six killed in horror car crash,22072024,UCw3fku0sH3qA3c3pZeJwdAw,2242196,Six killed in horror car crash  #shorts #tragic #tragedy   Daily Mail Website: https://www.dailymail.co.uk Daily Mail Facebook: https://facebook.com/dailymail Daily Mail IG: https://instagram.com/dailymail Daily Mail Snap: https://snapchat.com/discover/Daily-Ma... Daily Mail Twitter: https://twitter.com/MailOnline  Daily Mail Pinterest: https://pinterest.co.uk/dailymail   Get the free Daily Mail mobile app: https://dailymail.co.uk/mobile,[],2,02092026
188,uVyYLRx7CRU,UK Bad Drivers & Driving Fails Compilation | UK Car Crashes Dashcam Caught (w/ Commentary) #265,17052026,UC8kQrh-1JyFZ3RiTHHKMt7A,26226,"UK Bad Drivers & Driving Fails Compilation | UK Car Crashes Dashcam Caught (w/ Commentary) #265 https://youtu.be/uVyYLRx7CRU  ⭐This video featuring driving fails, instant karma, close call, road rage, hit and run, car crashes, good drivers, bad drivers, and many more... This video can be utilized as a learning tool, so the viewers can learn from other mistakes, not their own.  ⭐ Looking for a dashcam for your car? We recommend VIOFO: ➡️ For UK VS1 2K:  https://amzn.to/4anhmOu (5% off promo code: RubyDAVS1) A229 Pro 4K: https://amzn.to/3UA9ofb  (5% off promo code: RubyDA229PRO)  ➡️ For US VS1 2K: https://amzn.to/3wvcjxD (5% off promo code: RubyDAVS1) A229 Pro 4K: https://amzn.to/4dLMdY6 (5% off promo code: RubyDA229PRO)  (affiliate link that may earn us commission) - Purchasing a product using these affiliate links earns us a commission and is a great way to support the channel at no extra cost!  *Driving safely should be your number one concern behind the wheel. Following these defensive driving tips from our videos to improve your own road safety.  ⭐Ruby Dashcam Academy provides actual footage of road incidents captured on dash cams. There's a story-line & our own unique contributions (TEXT COMMENTARY & VOICE-OVER) throughout the video. We have also added the special editing effects, trimming, zooming, etc with the footage throughout the compilation. This whole process required our 3-5 days for producing a video.  ⭐These videos with own unique contributions can be used as an educational and informative resource for viewers to analyze and evaluate situations, stay alert and get out of a potentially dangerous situation on the road in the future.  ⭐Visit our official website for defensive driving tips: https://rubydashcamacademy.com/  ⭐ALL VIDEOS USED WITH LICENSING AGREEMENT FROM COPYRIGHT OWNER! If we made a mistake or you just want to remove your clip, please let us know here: hannahbruntnell114@gmail.com  ⭐Submit your clip for the feature here: https://rubydashcamacademy.com/submit-your-clip/ --------- Thank you for watching and stay safe!  #ukdashcam #ukcarcrashes #baddrivers #drivingfails",[],2,02092026
189,MNw89wrtNC0,Caught on camera: 15-year-old driver hits pedestrian in East New York crash,15092025,UCFhbonoFqxg2b9FMRzYAwog,10103497,"A 15-year-old driver plowed through a lamp post and a 71-year-old pedestrian Sunday morning at an East New York intersection. Video of the crash at the corner of Pennsylvania Avenue and Hegeman Avenue was obtained by News 12. The pedestrian didn't have time to react and appeared to be unresponsive on the sidewalk. The driver ran from the scene seemingly uninjured.  » Subscribe to News 12: https://bit.ly/4dyeWzd  About News 12: News 12 is the exclusive 24-hour local news service dedicated to bringing you the best local news and information about your neighborhoods. Available to subscribers of Optimum (Ch. 12), Xfinity (Ch. 127), Spectrum (Ch. 12), and Fios (Ch. 529), News 12 provides 24-hour access to local breaking news, traffic, weather, sports, and more.  Connect with News 12: Where to Watch News 12: https://bit.ly/3Var02B Visit the News 12 Website: https://bit.ly/44CsG89 Find News 12 on Facebook: https://bit.ly/4agiXWl Follow News 12 on Instagram: https://bit.ly/44E6SJw Follow News 12 on X (formerly Twitter): https://bit.ly/4dyezVl  #Brooklyn #Crime #EastNewYork #breakingnews  Caught on camera: 15-year-old driver hits pedestrian in East New York crash | News 12",[],2,02092026
190,WNCEhSq_wHE,part 07 | US Dash Cam #dashcam #drivingfails #dashcamvideos #roadtrips #accident #crash #automobile,15092025,UCsFxbPsMQjtXaqLdvuLnVYw,2782953,A description isn't available for this video,[],2,02092026
191,cJwQt_0i7RQ,Driver Flees After Crash & Gets Instant Karma!,07082025,UCGOQS9mWlDGGTRW1ggcb9nQ,2066298,"A driver caused an accident, and then fled the scene instead of sticking around and taking accountability! The dashcam driver that she hit, called the police who showed up quickly and arrested the hit and run driver! Instant karma!  #instantkarma #baddriversusa #dashcamfootage #roadrage #justice",[],2,02092026
192,ON-I86gtCUI,DASHCAM PROVES POLICE OFFICER LIED IN CAR CRASH,25032023,UCJZpPG8wegZJ3rsnc6-Bpnw,6363194,Driver is T-boned by police officer in San Francisco - and the driver was found at fault even though a witness - and the dash cam - proved others.   From the creators of Teslacam Stories comes the new home for Dash Cam videos; Dashcam Stories.   ⚡Submit your Dashcam video to be featured:  https://forms.gle/m4DNzNJQQ2Y7hwg2A  🔴 Do you want to see more Wham Baam content? head on over to the Teslacam channel:  @WhamBaamTeslacam   ------------------------------------------------  AFFILIATE LINKS TO GEAR WE RECOMMEND: -------------- 👓 WHAM BAAM HOODIES & MERCH: http://whambaam.com 📹 BEST DASH CAM: https://amzn.to/3wCXFSa ------------------------------------------------  ⚡ Voiceover recording and editing by Ben and Melissa Anderson from the Pacific Northwest EVentures channel:  @pnweventures   ⚡ All videos are submitted to or for Wham Baam channels and used with original copyright permission.   #whambaam #dashcam #crash #whambaamteslacam,[],2,02092026
193,opAfUyjwrxU,Truck brake failure in Brazil sends car off a bridge,29062025,UCmI6Qe9EiMTyJeFdmf2sgvA,597183,"A terrifying accident occurred in Brazil when a truck's brakes failed, causing a car to plunge off a bridge. The dramatic incident was caught on video and has raised concerns over road safety and maintenance standards.  🔴 Stay updated with the latest global news: 🌐 Website: https://en.royanews.tv/ 📲 Follow us for real-time news: 👉 Facebook: https://www.facebook.com/RoyaNewsEnglish 👉 Instagram: https://www.instagram.com/royanewsenglish 👉 Twitter: https://twitter.com/RoyaNewsEnglish  If you believe your copyright-protected work was posted on our YouTube channel without your authorization you may submit a copyright infringement notification at Youtube@roya.tv. Please be sure to consider whether fair use fair dealing or a similar exception to copyright applies before you submit.  #Brazil #TruckAccident #BridgeCrash #RoadSafety #BreakingNews #foryou #explore #shortsvideo #trending #shortfeed #viralvideo #shorts",[],2,02092026
194,6q7dZMprQFw,Caught on camera: The worst driving ever 😱🚙 #dashcam #fails #car #shorts #failarmy,29082026,UCFvP9lumb0_HDFMMiM0YHqw,15738,"Watch these intense car accidents and shocking driving fails captured on camera.  From extreme vehicle repossession attempts to wild flips and tire blowouts, this compilation covers the worst moments on the road. Whether it is losing control on wet pavement or unexpected car fires, these clips show exactly what not to do behind the wheel.  Subscribe for more daily driving fails and road incident updates.",[],2,02092026
195,5KYMX1a1eoQ,BEST OF THE MONTH (AUGUST 2025) | UK Car Crashes Compilation | Idiots In Cars | Part 2,26092025,UC8kQrh-1JyFZ3RiTHHKMt7A,107269,"⭐This video featuring driving fails, instant karma, close call, road rage, hit and run, car crashes, good drivers, bad drivers, and many more... This video can be utilized as a learning tool, so the viewers can learn from other mistakes, not their own.  ⭐ Looking for a dashcam for your car? We recommend VIOFO: ➡️ For UK VS1 2K:  https://amzn.to/4anhmOu (5% off promo code: RubyDAVS1) A229 Pro 4K: https://amzn.to/3UA9ofb  (5% off promo code: RubyDA229PRO)  ➡️ For US VS1 2K: https://amzn.to/3wvcjxD (5% off promo code: RubyDAVS1) A229 Pro 4K: https://amzn.to/4dLMdY6 (5% off promo code: RubyDA229PRO)  (affiliate link that may earn us commission) - Purchasing a product using these affiliate links earns us a commission and is a great way to support the channel at no extra cost!  *Driving safely should be your number one concern behind the wheel. Following these defensive driving tips from our videos to improve your own road safety.  ⭐Ruby Dashcam Academy provides actual footage of road incidents captured on dash cams. There's a story-line & our own unique contributions (TEXT COMMENTARY & VOICE-OVER) throughout the video. We have also added the special editing effects, trimming, zooming, etc with the footage throughout the compilation. This whole process required our 3-5 days for producing a video.  ⭐These videos with own unique contributions can be used as an educational and informative resource for viewers to analyze and evaluate situations, stay alert and get out of a potentially dangerous situation on the road in the future.  ⭐Visit our official website for defensive driving tips: https://rubydashcamacademy.com/  ⭐ALL VIDEOS USED WITH LICENSING AGREEMENT FROM COPYRIGHT OWNER! If we made a mistake or you just want to remove your clip, please let us know here: hannahbruntnell114@gmail.com  ⭐Submit your clip for the feature here: https://rubydashcamacademy.com/submit-your-clip/ --------- Thank you for watching and stay safe!  #ukdashcam #ukcarcrashes #baddrivers #drivingfails",[],2,02092026
196,tFsk7aAGH6E,#74 Dashcam Near Miss! Insane Close Call - Crazy Car Crash Caught on Camera #shorts  #dashcam,31082026,UCiI8r70W6Ef5GlLcb8jb9vg,981,"Talk about being at the right place at the wrong time! 😰 In this POV dashcam footage, you'll see why having lightning-fast reflexes and practicing defensive driving is absolutely crucial on the road.  Watch how quickly this situation escalates from a normal drive to an absolute nightmare in just milliseconds. Could this have been avoided completely, or was it just pure luck?  🚦 JOIN THE DEBATE IN THE COMMENTS: Rate the driver's reaction from 1 to 10! Also, who do you think was really at fault here? Let us know your thoughts!  👍 If this video made your heart skip a beat, smash that LIKE button! Don't forget to SUBSCRIBE for more weekly dashcam madness and road survival clips!  #defensivedriving #dashcamusa #roadsurvival #lucky #shorts #shortvideo",[],2,04092026
197,wWunW04eq5g,UK Bad Drivers & Driving Fails Compilation | UK Car Crashes Dashcam Caught (w/ Commentary) #269,28062026,UC8kQrh-1JyFZ3RiTHHKMt7A,277287,"UK Bad Drivers & Driving Fails Compilation | UK Car Crashes Dashcam Caught (w/ Commentary) #269 https://youtu.be/wWunW04eq5g  ⭐This video featuring driving fails, instant karma, close call, road rage, hit and run, car crashes, good drivers, bad drivers, and many more... This video can be utilized as a learning tool, so the viewers can learn from other mistakes, not their own.  ⭐ Looking for a dashcam for your car? We recommend VIOFO: ➡️ For UK VS1 2K:  https://amzn.to/4anhmOu (5% off promo code: RubyDAVS1) A229 Pro 4K: https://amzn.to/3UA9ofb  (5% off promo code: RubyDA229PRO)  ➡️ For US VS1 2K: https://amzn.to/3wvcjxD (5% off promo code: RubyDAVS1) A229 Pro 4K: https://amzn.to/4dLMdY6 (5% off promo code: RubyDA229PRO)  (affiliate link that may earn us commission) - Purchasing a product using these affiliate links earns us a commission and is a great way to support the channel at no extra cost!  *Driving safely should be your number one concern behind the wheel. Following these defensive driving tips from our videos to improve your own road safety.  ⭐Ruby Dashcam Academy provides actual footage of road incidents captured on dash cams. There's a story-line & our own unique contributions (TEXT COMMENTARY & VOICE-OVER) throughout the video. We have also added the special editing effects, trimming, zooming, etc with the footage throughout the compilation. This whole process required our 3-5 days for producing a video.  ⭐These videos with own unique contributions can be used as an educational and informative resource for viewers to analyze and evaluate situations, stay alert and get out of a potentially dangerous situation on the road in the future.  ⭐Visit our official website for defensive driving tips: https://rubydashcamacademy.com/  ⭐ALL VIDEOS USED WITH LICENSING AGREEMENT FROM COPYRIGHT OWNER! If we made a mistake or you just want to remove your clip, please let us know here: hannahbruntnell114@gmail.com  ⭐Submit your clip for the feature here: https://rubydashcamacademy.com/submit-your-clip/ --------- Thank you for watching and stay safe!  #ukdashcam #ukcarcrashes #baddrivers #drivingfails",[],2,02092026
198,HUF-wQ_KmOQ,car crashes caught in dash cam #dashcam #accident #collisioncam #crash #roadragecase #automobile,26082026,UCXYfQHEV_4nbT152MU5p2xg,66737,car crashes caught in dash cam #roadragecase #carcrash #ragedrive,[],2,02092026
199,NZO76i8MWWc,RED LIGHT CAR CRASH CAUGHT ON CAMERA,12062024,UC9w96CkI2olcvR08WrWjg5A,1326157,"Check the most shocking moments caught on dash cam!   From caught on dash cam footage to road rage and shocking moments, subscribe to Road Wars for more videos - https://www.youtube.com/channel/UC9w96CkI2olcvR08WrWjg5A?sub_confirmation=1  #shorts #RoadWarsTV #caughtondashcam #dashcam #carcrashes  CAR RUNS A RED LIGHT AND CRASHES TWICE #short #dashcam",[],2,02092026
200,KNEJiWsKXtE,UK Bad Drivers & Driving Fails Compilation | UK Car Crashes Dashcam Caught (w/ Commentary) #272,19072026,UC8kQrh-1JyFZ3RiTHHKMt7A,165564,"UK Bad Drivers & Driving Fails Compilation | UK Car Crashes Dashcam Caught (w/ Commentary) #272 https://youtu.be/KNEJiWsKXtE  ⭐This video featuring driving fails, instant karma, close call, road rage, hit and run, car crashes, good drivers, bad drivers, and many more... This video can be utilized as a learning tool, so the viewers can learn from other mistakes, not their own.  ⭐ Looking for a dashcam for your car? We recommend VIOFO: ➡️ For UK A119M Pro: https://tr.ee/ma5AkS (promo code: RUBYCAM119MP) A229 Pro: https://amzn.to/3UA9ofb  (promo code: RUBYCAM229P)  ➡️ For US A119M Pro: https://tr.ee/8nYqOn (promo code: RUBYCAM119MP) A229 Pro: https://amzn.to/4dLMdY6 (promo code: RUBYCAM229P)  (affiliate link that may earn us commission) - Purchasing a product using these affiliate links earns us a commission and is a great way to support the channel at no extra cost!  *Driving safely should be your number one concern behind the wheel. Following these defensive driving tips from our videos to improve your own road safety.  ⭐Ruby Dashcam Academy provides actual footage of road incidents captured on dash cams. There's a story-line & our own unique contributions (TEXT COMMENTARY & VOICE-OVER) throughout the video. We have also added the special editing effects, trimming, zooming, etc with the footage throughout the compilation. This whole process required our 3-5 days for producing a video.  ⭐These videos with own unique contributions can be used as an educational and informative resource for viewers to analyze and evaluate situations, stay alert and get out of a potentially dangerous situation on the road in the future.  ⭐Visit our official website for defensive driving tips: https://rubydashcamacademy.com/  ⭐ALL VIDEOS USED WITH LICENSING AGREEMENT FROM COPYRIGHT OWNER! If we made a mistake or you just want to remove your clip, please let us know here: hannahbruntnell114@gmail.com  ⭐Submit your clip for the feature here: https://rubydashcamacademy.com/submit-your-clip/ --------- Thank you for watching and stay safe!  #ukdashcam #ukcarcrashes #baddrivers #drivingfails",[],2,02092026
201,wvZL57KYtG4,Dashcam Catches Brutal Karma in Action! Volkos Wagon Driver Regrets It! ⚖️😳,04052025,UCpTuUekT_mSLrUaYerszbBg,1764749,"A reckless Volkos Wagon driver tried to intimidate a calm truck driver by changing lanes suddenly, brake-checking him, and even showing an offensive gesture. Despite the provocation, the truck driver avoided the first attempt. But when the Volkos driver brake-checked again, a collision became unavoidable. Everything was captured on the dashcam, exposing the truth clearly. When the police arrived, the aggressive driver was found to be at fault and had to pay for the damage. #karma #shorts #dashcam",[],2,02092026
202,R6ASl0J1J84,🚗 USA Dashcam Compilation 2025 | Real Road Moments Caught on Camera! #dashcam #drivingfails #usa,19102025,UCsFxbPsMQjtXaqLdvuLnVYw,8149590,A description isn't available for this video,[],1,02092026
203,SlP5KfKzTpw,Distracted Driver Crashes Into Attenuator Truck - DRAMATIC CRASH #carcrash #dashcam #shorts,14082025,UC5N1PLkzbm17aV9cEju-jAQ,22100602,Distracted driver crashes into one of our Scorpion TMA's attached to the back of a roadwork truck caught on a dashcam. This scenario could've had a very different outcome if the attenuator had not been there - that is the life saving technology of crash attenuators  Video credits: BGJohnson  #highwaysafety #roadsafety #workzone #workzonesafety #trafficcontrol #attenuator #safetyawareness #scorpion #tma #bos #roadworkers,[],1,02092026
204,oBIU89Vf0YU,Unexpected Road Rage Incident!,06102025,UCGOQS9mWlDGGTRW1ggcb9nQ,6465141,"Protect yourself with a dashcam from Vantrue! The featured models are the Element 1 Pro and Nexus 4 Pro. Give yourself peace of mind, and get a dashcam from Vantrue.  This road rage was very unexpected! The dashcam driver had the green light, but an angry pedestrian decided to go too! She loses it and road rages with the dashcam driver, even though she was clearly in the wrong!  #roadrage #roadragecase #instantkarma #angrydrivers #roadsafety",[],1,02092026
205,5XZqc9pIHDU,Fatal car accident caught on camera with @theMrTypical 💔 #shorts,07082025,UC22SGeFde3njlSCUeEVuU0Q,1162139,#shorts,[],1,02092026
206,Xjtb6BGvlCo,part 23 | US Dash Cam #dashcam #dashcamvideos #drivingfails #accident #automobile #usa,14102025,UCsFxbPsMQjtXaqLdvuLnVYw,20558083,A description isn't available for this video,[],1,02092026
207,fplQuMyXNmk,Dash Cam Saves Driver From Being Found At Fault!,28122024,UCGOQS9mWlDGGTRW1ggcb9nQ,17543524,"An entitled driver caused an accident, and lied about what happened! She just happened to be a district attorney too! She lies, and blames the dashcam driver. Luckily the dashcam saves the day, and she was found at fault.   #instantkarma #dashcamvideos #roadrage #baddrivers #karma #shorts #feed",[],1,02092026
208,EXASBooCuJg,Shocking Moment Car Crashes Into Home Where Couple Were Relaxing With Their 4 Dogs,02092024,UCrlIS7z20CnVaCrMvdkig_g,7209303,"Shocking surveillance footage captured the terrifying moment a car smashed through the wall of a home as a couple prepared to eat dinner on their couch. They received minor injuries, and their pets escaped unharmed. Check out more Eyewitness News - http://abc7ny.com/   Find us on social media: FACEBOOK: https://www.facebook.com/ABC7NY/  INSTAGRAM: https://www.instagram.com/abc7ny/  TWITTER: https://twitter.com/abc7ny  TIKTOK: https://www.tiktok.com/@abc7ny   We’re abc7NY, also known as Channel 7 and WABC-TV on TV, home to Eyewitness News, New York’s Number 1 news.   We hope you love us on YouTube as much as you do on television!   NEW TIPS:  Online: http://abc7ny.com/submit-a-news-tip/2599968/  Email: abc7ny@abc.com   About WABC-TV:  https://abc7ny.com/about/  #nyc #news #breakingnews",[],1,02092026
209,6whmvNBNbmo,Unexpected Road Rage Incident!,13102025,UCGOQS9mWlDGGTRW1ggcb9nQ,1243336,"Protect yourself with a dashcam from Vantrue! The featured models are the Element 1 Pro and Nexus 4 Pro. Give yourself peace of mind, and get a dashcam from Vantrue.  This road rage was both unexpected and unhinged! The dashcam driver didn't do anything to provoke the angry guy in this video, yet he still stood in the road, and even sucker punched the window! Thankfully, nobody was hurt.  #roadrage #baddriving #angrydrivers #roadrageincident #roadsafety",[],1,02092026
210,t9AaoCycABA,USA DASH CAM | DANGEROUS CRASHES COMPILATION #shorts #dashcam #usa #dashcamvideos #drivingfails,24082026,UCWdCu4NwuJ1u_EBNMSG7aVA,25011,"#shorts #dashcam #usa #dashcamvideos #drivingfails   dash,dashcam,usadashcam,dashcamusa,americandashcam,usdashcam,drivingfails,usa",[],1,02092026
211,14QLWdAC8CM,Us Crazy Dash Cam Moments #usa #fyp #dashcam #crash #collisioncam,24082026,UCXYfQHEV_4nbT152MU5p2xg,195761,"Watch the most shocking and intense US dash cam moments, featuring road rage, accidents, and car crashes. From reckless driving to unexpected twists, this compilation has it all. Get ready for a thrilling ride with these astonishing dash cam footage from the United States. With heart-pumping moments and unbelievable near-misses, you'll be on the edge of your seat. Check out these incredible US dash cam moments and witness the unpredictable nature of driving.  car crashes caught in dash cam #roadragecase #carcrash #ragedrive",[],1,02092026
212,vxz_9Q1lQw8,UK Bad Drivers & Driving Fails Compilation | UK Car Crashes Dashcam Caught (w/ Commentary) #277,23082026,UC8kQrh-1JyFZ3RiTHHKMt7A,58530,"UK Bad Drivers & Driving Fails Compilation | UK Car Crashes Dashcam Caught (w/ Commentary) #277 https://youtu.be/vxz_9Q1lQw8  ⭐This video featuring driving fails, instant karma, close call, road rage, hit and run, car crashes, good drivers, bad drivers, and many more... This video can be utilized as a learning tool, so the viewers can learn from other mistakes, not their own.  ⭐ Looking for a dashcam for your car? We recommend VIOFO: ➡️ For UK A119M Pro: https://tr.ee/ma5AkS (promo code: RUBYCAM119MP) A229 Pro: https://amzn.to/3UA9ofb  (promo code: RUBYCAM229P)  ➡️ For US A119M Pro: https://tr.ee/8nYqOn (promo code: RUBYCAM119MP) A229 Pro: https://amzn.to/4dLMdY6 (promo code: RUBYCAM229P)  (affiliate link that may earn us commission) - Purchasing a product using these affiliate links earns us a commission and is a great way to support the channel at no extra cost!  *Driving safely should be your number one concern behind the wheel. Following these defensive driving tips from our videos to improve your own road safety.  ⭐Ruby Dashcam Academy provides actual footage of road incidents captured on dash cams. There's a story-line & our own unique contributions (TEXT COMMENTARY & VOICE-OVER) throughout the video. We have also added the special editing effects, trimming, zooming, etc with the footage throughout the compilation. This whole process required our 3-5 days for producing a video.  ⭐These videos with own unique contributions can be used as an educational and informative resource for viewers to analyze and evaluate situations, stay alert and get out of a potentially dangerous situation on the road in the future.  ⭐Visit our official website for defensive driving tips: https://rubydashcamacademy.com/  ⭐ALL VIDEOS USED WITH LICENSING AGREEMENT FROM COPYRIGHT OWNER! If we made a mistake or you just want to remove your clip, please let us know here: hannahbruntnell114@gmail.com  ⭐Submit your clip for the feature here: https://rubydashcamacademy.com/submit-your-clip/ --------- Thank you for watching and stay safe!  #ukdashcam #ukcarcrashes #baddrivers #drivingfails",[],1,02092026
213,akguzhQ9kEQ,😳 You Won’t Believe What This Dashcam Captured on Indian Roads! 🚗📸 #dashcam #dashcamvideos #dashcams,11052025,UCYizS8jcW3GIhh2qiNlwg6A,1874228,"Every drive holds a surprise — and this dashcam captured one you won’t forget! From reckless drivers to shocking near-misses, India’s roads are full of unpredictable moments. With over 1.5 lakh road accident deaths every year, a dashcam is no longer a luxury — it’s a lifesaver. This video shows why dashcams are going viral across the country. Don’t wait until it’s too late!  👉 Buy your dashcam now at https://www.satyaki.in  #DashcamIndia #IndianRoads #ViralDashcam #RoadSafety #CaughtOnCamera",[],1,02092026
214,w0prLTnped0,UK Bad Drivers & Driving Fails Compilation | UK Car Crashes Dashcam Caught (w/ Commentary) #275,09082026,UC8kQrh-1JyFZ3RiTHHKMt7A,46775,"UK Bad Drivers & Driving Fails Compilation | UK Car Crashes Dashcam Caught (w/ Commentary) #275 https://youtu.be/w0prLTnped0  ⭐This video featuring driving fails, instant karma, close call, road rage, hit and run, car crashes, good drivers, bad drivers, and many more... This video can be utilized as a learning tool, so the viewers can learn from other mistakes, not their own.  ⭐ Looking for a dashcam for your car? We recommend VIOFO: ➡️ For UK A119M Pro: https://tr.ee/ma5AkS (promo code: RUBYCAM119MP) A229 Pro: https://amzn.to/3UA9ofb  (promo code: RUBYCAM229P)  ➡️ For US A119M Pro: https://tr.ee/8nYqOn (promo code: RUBYCAM119MP) A229 Pro: https://amzn.to/4dLMdY6 (promo code: RUBYCAM229P)  (affiliate link that may earn us commission) - Purchasing a product using these affiliate links earns us a commission and is a great way to support the channel at no extra cost!  *Driving safely should be your number one concern behind the wheel. Following these defensive driving tips from our videos to improve your own road safety.  ⭐Ruby Dashcam Academy provides actual footage of road incidents captured on dash cams. There's a story-line & our own unique contributions (TEXT COMMENTARY & VOICE-OVER) throughout the video. We have also added the special editing effects, trimming, zooming, etc with the footage throughout the compilation. This whole process required our 3-5 days for producing a video.  ⭐These videos with own unique contributions can be used as an educational and informative resource for viewers to analyze and evaluate situations, stay alert and get out of a potentially dangerous situation on the road in the future.  ⭐Visit our official website for defensive driving tips: https://rubydashcamacademy.com/  ⭐ALL VIDEOS USED WITH LICENSING AGREEMENT FROM COPYRIGHT OWNER! If we made a mistake or you just want to remove your clip, please let us know here: hannahbruntnell114@gmail.com  ⭐Submit your clip for the feature here: https://rubydashcamacademy.com/submit-your-clip/ --------- Thank you for watching and stay safe!  #ukdashcam #ukcarcrashes #baddrivers #drivingfails",[],1,02092026
215,wSOu17djTVI,Bad Driver Causes Crash On Highway 😳 #carcrash #police,31072025,UCOpFgQDEKkjY0MCD9fFG8-w,13770877,A description isn't available for this video,[],1,02092026
216,7kthZTJ6n8c,Trucker Witnesses Unavoidable Crash! 😨,11082025,UCyLiMg80BzZt3zrqQ5SZGNA,19681676,"A delivery truck driver witnessed a horrific crash when another truck suddenly turned in front of the truck next to him, making a collision unavoidable. The filming driver reacted instantly, pulled over, and rushed to help. Thankfully, the crash victim survived with injuries but no life-threatening damage.",[],1,02092026
217,yKcyn2-Wd4o,Shocking Car Crashes Caught on Dashcam 🚗💥😱,16082026,UCy1uv3Lol6V2OqngBDsfpMg,22822,Car crashes happen in an instant – and dashcams capture the full reality of the moment. 🚗💥😱 This compilation shows the most intense crash footage caught on camera. Always stay alert on the road and drive safely. Watch until the end for the most dramatic clip! 😭💛 Drop a 🚗 if you're thankful for dashcams! #Dashcam #CarCrash #RoadSafety #CaughtOnCamera #Shorts,[],1,02092026
218,wpruMn9Ds8c,The Worst Car Crash Compilation #1,25082026,UCXSTjd3KyfS9F82bjY_iGAA,2013,"The Worst Car Crash Compilation #1   #shorts #driving #car #carcrash #compilation   From failed test drives and next-level parking disasters to drivers who somehow forgot basic road rules, this video shows just how unpredictable traffic",[],1,02092026
219,zXB5rBGfVHY,Lorry driver narrowly misses family as he crashes while looking at phone,02092024,UCw3fku0sH3qA3c3pZeJwdAw,1249918,Lorry driver narrowly misses family as he crashes while looking at phone  #shorts #crash #news   Daily Mail Website: https://www.dailymail.co.uk Daily Mail Facebook: https://facebook.com/dailymail Daily Mail IG: https://instagram.com/dailymail Daily Mail Snap: https://snapchat.com/discover/Daily-Ma... Daily Mail Twitter: https://twitter.com/MailOnline  Daily Mail Pinterest: https://pinterest.co.uk/dailymail   Get the free Daily Mail mobile app: https://dailymail.co.uk/mobile,[],1,02092026
220,JWOpY6xs-0k,Speeding car crashes into multiple vehicles while driving through roundabout in UK,10102025,UCNBmxc6FvKyxtCpUygcdINA,1066622,"Speeding car crashes into multiple vehicles while driving through roundabout in UK.  The creator of the video posted this on social media. ""This shocking footage shows the moment a car driven by Darren Marshall, aged 48, of Shepherds Mead, Worthing, crashed at high speed into another vehicle when he exited the M40 and travelled up to the Handycross roundabout. The victims suffered serious injuries as a result of this collision. Marshall has now been given an 8-year driving ban and a suspended prison sentence for dangerous driving. He will also need to take an enhanced test at the end of his disqualification. This incident is a stark reminder of how reckless behaviour behind the wheel can change lives in an instant. Please, drive safely and think of others on the road.""  Credit: Thames Valley Police /TMX  RELATED STORY: https://www.wkyc.com/article/news/local/medina-county/medina-county-i71-fatal-crash-sideswipe-painesville-ford-f250-chrysler-200-hodgkinson/95-7d7bb05b-e221-47ee-a6d0-8da51308ba29  At 3News, we’re here to share your voice and tell your story. Share your ideas, thoughts, concerns and engage in conversations about the communities in which we all call home.  Follow 3News on Social:  Facebook: https://www.facebook.com/wkyc.channel3/    Twitter: https://twitter.com/wkyc    Instagram: https://www.instagram.com/wkyc3/    Visit our site: https://www.wkyc.com/  And be sure to download our app here: https://wkyc.com/app",[],1,02092026
221,TSvSqqE-ta8,UK Bad Drivers & Driving Fails Compilation | UK Car Crashes Dashcam Caught (w/ Commentary) #268,21062026,UC8kQrh-1JyFZ3RiTHHKMt7A,45063,"UK Bad Drivers & Driving Fails Compilation | UK Car Crashes Dashcam Caught (w/ Commentary) #268 https://youtu.be/TSvSqqE-ta8  ⭐This video featuring driving fails, instant karma, close call, road rage, hit and run, car crashes, good drivers, bad drivers, and many more... This video can be utilized as a learning tool, so the viewers can learn from other mistakes, not their own.  ⭐ Looking for a dashcam for your car? We recommend VIOFO: ➡️ For UK VS1 2K:  https://amzn.to/4anhmOu (5% off promo code: RubyDAVS1) A229 Pro 4K: https://amzn.to/3UA9ofb  (5% off promo code: RubyDA229PRO)  ➡️ For US VS1 2K: https://amzn.to/3wvcjxD (5% off promo code: RubyDAVS1) A229 Pro 4K: https://amzn.to/4dLMdY6 (5% off promo code: RubyDA229PRO)  (affiliate link that may earn us commission) - Purchasing a product using these affiliate links earns us a commission and is a great way to support the channel at no extra cost!  *Driving safely should be your number one concern behind the wheel. Following these defensive driving tips from our videos to improve your own road safety.  ⭐Ruby Dashcam Academy provides actual footage of road incidents captured on dash cams. There's a story-line & our own unique contributions (TEXT COMMENTARY & VOICE-OVER) throughout the video. We have also added the special editing effects, trimming, zooming, etc with the footage throughout the compilation. This whole process required our 3-5 days for producing a video.  ⭐These videos with own unique contributions can be used as an educational and informative resource for viewers to analyze and evaluate situations, stay alert and get out of a potentially dangerous situation on the road in the future.  ⭐Visit our official website for defensive driving tips: https://rubydashcamacademy.com/  ⭐ALL VIDEOS USED WITH LICENSING AGREEMENT FROM COPYRIGHT OWNER! If we made a mistake or you just want to remove your clip, please let us know here: hannahbruntnell114@gmail.com  ⭐Submit your clip for the feature here: https://rubydashcamacademy.com/submit-your-clip/ --------- Thank you for watching and stay safe!  #ukdashcam #ukcarcrashes #baddrivers #drivingfails",[],1,02092026
222,oRFL_HEhHiU,part 41 | USA Dash Cam #dashcam #drivingfails #accident #nearmiss #roadrage #automobile #usa #shorts,22102025,UCsFxbPsMQjtXaqLdvuLnVYw,2643322,"Welcome to @DashCamMega Daily Dose of Real Road Footage!  We bring you the most shocking, educational, and entertaining dashcam videos from US. From near misses and road rage to crazy drivers and unbelievable moments caught on camera, our goal is to raise awareness, promote safer driving, and keep you informed.  📍 New videos weekly 🚨 Real footage – real lessons 🛑 Drive safe, stay alert, and subscribe for your daily reminder.",[],1,02092026
223,Ucbp1O6RMrw,STUDENT CRASH ON DRIVING TEST!!! IS THIS A FAIL? #carcrash #drivingtest #drivingtestfail #livestream,12012022,UC6S19afSmLoI00g6qMCy_7g,22993144,A description isn't available for this video,[],1,02092026
224,rnD9V4Rd2DM,Dashcam shows up sleeping driver crash truck #truckernews #dashcam,23092025,UC-gU2vv3ekNpFLlNaeGQdMg,3040050,A description isn't available for this video,[],1,02092026
225,A44-d3gq2Qw,#76 Dashcam Near Miss! Insane Close Call - Crazy Car Crash Caught on Camera #shorts  #dashcam,31082026,UCiI8r70W6Ef5GlLcb8jb9vg,1329,"Talk about being at the right place at the wrong time! 😰 In this POV dashcam footage, you'll see why having lightning-fast reflexes and practicing defensive driving is absolutely crucial on the road.  Watch how quickly this situation escalates from a normal drive to an absolute nightmare in just milliseconds. Could this have been avoided completely, or was it just pure luck?  🚦 JOIN THE DEBATE IN THE COMMENTS: Rate the driver's reaction from 1 to 10! Also, who do you think was really at fault here? Let us know your thoughts!  👍 If this video made your heart skip a beat, smash that LIKE button! Don't forget to SUBSCRIBE for more weekly dashcam madness and road survival clips!  #defensivedriving #dashcamusa #roadsurvival #lucky #shorts #shortvideo",[],1,02092026
226,6dd3lXcGJJE,Ambulance NEAR MISS! 💥🚑 #drivingfails #crash #learnerdriver,23052023,UCklbjJxL3_TZAEh5OglgtCA,2867369,This driving fail is amazing! A learner driver nearly crashes into an ambulance while driving down a road in England. It's fascinating to see what could have happened if the ambulance had been driving in the other direction!,[],1,02092026
227,m-xNbrPa4ok,This Driver Never Saw the Truck Coming... 😨,29082026,UCGztZGzg7kNnOw9_1t5a80g,161670,"🚗 New dashcam crashes and close calls regularly!  If you enjoyed this video, don't forget to 👍 Like, 💬 Comment, and 🔔 Subscribe for more insane dashcam moments!  Drive safe! 🚘  ⚠️ All videos are used for educational and entertainment purposes. #dashcam  #crash  #shorts #car #truck #didntknow",[],1,02092026
228,vds44zr37_0,Failed Insurance Scam Caught On Dashcam!,24092025,UCGOQS9mWlDGGTRW1ggcb9nQ,780032,"This reckless honda civic driver brake checked the dashcam driver to cause a crash! This was all for an insurance scam, but the dashcam ensured that the driver was found at fault! In fact, the driver was actually arrested.  #roadrage #roadsafety #baddriversusa #karma #brakecheck",[],1,02092026
229,27VcIhrvzRA,Dashcam fails (car crash accidents) - bad drivers,15122022,UCXm8qxvNVdDQ0RdH9O8z79A,3395,"Dashcam fails (car crash accidents) - bad drivers  #carcrash #dashcam #BadDrivers #shorts  dash cam car crash Dashcam fails car crash  This dashcam caught a video featuring driving fails, instant karma, car crashes, good drivers, and bad drivers.   In these type of videos we trying to show situations on the roads which are for educational purposes, so the drivers can learn from other mistakes, not their own.  dashcam, dashcam time, dashcam crashcam, dashcam nl, dutch dashcam, dashcam nederland, dashcam compilaties, dashcam nl telegraaf, dashcam de telefgraaf, dashcam nl compilatie, dashcam road rage, dashcam uk, dashcam deutschland, scary dashcam videos, crash compilaties dashcam, dashcam crashes, dashcam lessons, dashcam accidents, dashcam netherlands, dashcam compilation, dashcam nederland 2022, dashcam nederland 2021, dashcam cz, dashcams, rlp dashcam, dashcam 2021, car crash, crash, car crash compilation, car crashes, usa car crash, car, car crash usa, myles garrett car crash 2022, myles garrett car crash video, car crash beamng drive, myles garrett car crash, crashes, beamng crashes, car crash uk, high speed traffic car crashes, car crash test, car crash died, beamng drive crashes, realistic high speed car crashes, apple car crash, beamng crash, car crash videos, uk car crashes, car crash simulator, car crash accidents",[],1,02092026
230,woicVcAmoq0,He Overtook at Full Speed... Then Lost Control😨,24082026,UCGztZGzg7kNnOw9_1t5a80g,478560,"🚗 New dashcam crashes and close calls regularly!  If you enjoyed this video, don't forget to 👍 Like, 💬 Comment, and 🔔 Subscribe for more insane dashcam moments!  Drive safe! 🚘  ⚠️ All videos are used for educational and entertainment purposes. #dashcam  #crash  #shorts #overtake #truck #fullspeed",[],1,02092026
231,S1UkSohVlfQ,Dashcam Saves Trucker From Insurance Scammers!,20052025,UCGOQS9mWlDGGTRW1ggcb9nQ,334191,"Videos like this are why everyone should use a dash cam while driving! A group of insurance scammers tried to scam a trucker by brake checking, but luckily, the dash cam saved the trucker from having to pay.  #instantkarma #insurancescamfail #roadrage #baddrivers #roadragecase",[],1,02092026
232,Abs-yyRrRwY,*WAS IT CLOSE?* 😳😭 #driving #test #fail #crash #learn #howto #london #road #lol,23062024,UCsB3ERjLGFbbATR0f9cB4Yg,12679426,A description isn't available for this video,[],1,02092026
233,tueJ9-Y6JMo,Horrific dashcam footage shows the moment 20 die in shocking truck collision,15052024,UCw3fku0sH3qA3c3pZeJwdAw,49445,Horrific dashcam footage shows the moment 20 die in shocking truck collision  #shorts #dashcam #crash   Daily Mail Website: https://www.dailymail.co.uk Daily Mail Facebook: https://facebook.com/dailymail Daily Mail IG: https://instagram.com/dailymail Daily Mail Snap: https://snapchat.com/discover/Daily-Ma... Daily Mail Twitter: https://twitter.com/MailOnline  Daily Mail Pinterest: https://pinterest.co.uk/dailymail   Get the free Daily Mail mobile app: https://dailymail.co.uk/mobile,[],1,02092026
234,23PI57EqIiQ,Small Car Crashes Into The Truck,15032024,UC_WMMNBPLxsEZdCi20I36Xg,7030795,Small Car Hits Truck and Pushes Truck Of The Highway Bridge #traffic #collision,[],1,02092026
235,6wm6-tv6R7U,CRAZY MOMENTS CAR CRASHES OF IDIOTS IN CARS  #dashcam #roadrage #roadsafety #automobile,21082026,UC7BlX7pTiDUIWjtHW21XNIw,44488,Share your moments on the road and share experiences for safer driving. Caught on dashcam — drive safe and stay alert. #dashcam #baddrivers #roadsafety,[],1,02092026
236,WrCf48jkABc,Man films himself driving over 150 mph before violent crash into tree,14082025,UCp1KrVaZDZ7BOI_QBuTWWmg,3034756,The man suffered serious injuries but no one else was hurt in the collision.,[],1,02092026
237,_tqKh8iHYiM,EXTREMELY BAD DRIVER,25052023,UCJZpPG8wegZJ3rsnc6-Bpnw,2334705,Wham Baam Dashcam is filmed on location by the men and women who have Dash Cams in their cars; all suspects are innocent until proven guilty in a court of law.  📍📸 Looking for a dashcam?  We recommend the VIOFO A129 Plus Duo: https://amzn.to/3HDIXAl (Amazon Affiliate link; Purchasing a camera using this link supports the channel)  Welcome to the home of Dash Cam videos.   Submit your Dashcam video to be featured ▶ https://forms.gle/m4DNzNJQQ2Y7hwg2A Merchandise ▶ https://whambaam.com/ Voiceover recorded and edited by  ▶ Ben & Melissa Anderson of  @pnweventures    ▶ ALL VIDEOS ARE SUBMITTED TO OR FOR WHAM BAAM CHANNELS AND USED WITH ORIGINAL COPYRIGHT PERMISSION.  #whambaamdashcam #crash #dashcam #shorts,[],1,02092026
238,Ve_28peTQ_4,Driver Wreck Caught On Dashcam 😱 #police #carcrash,05082025,UCOpFgQDEKkjY0MCD9fFG8-w,22272022,A description isn't available for this video,[],1,02092026
239,uKHe9_3qRV4,Dashcam shows Louisville bridge crash that left semi hanging over Ohio River,16052024,UCTvZcgH_rsvaGuZ8mU5jpnA,3294358,"Dashcam shows a pickup truck slam in Sydney Thomas' semi-truck while on the Clark Memorial Bridge on March 1, 2024.  Exclusive interview with the semi driver: https://www.whas11.com/article/news/local/sydney-thomas-louisville-bridge-rescue-march-clark-memorial-interview/417-5146a417-5d7e-4f8b-807c-d5fbd5eb2334 -------------- Follow WHAS11 on Social: Facebook: https://www.facebook.com/WHAS11/ Twitter: https://twitter.com/WHAS11 Website: https://www.whas11.com/  Subscribe to WHAS11 for exclusive content: https://www.youtube.com/c/WHAS11News   Download the WHAS11 News app: Apple: https://itunes.apple.com/us/app/whas11-news-louisville/id1453184391?ls=1&mt=8  Android: https://play.google.com/store/apps/details?id=com.doapps.android.mln.MLN_b3ff766402d6d975200b86a42ea504b0   #louisville #bridge #crash #dashcam #video #clark #memorial #localnews #whas11",[],1,02092026
240,8YBA6WbmcoM,Dashcam: Semi truck dangles off Louisville bridge after crash #shorts,20052024,UC8p1vwvWtl6T73JiExfWs1g,1314425,#news #louisville #crash,[],1,02092026
241,Vda_FfDYN_M,UK Bad Drivers & Driving Fails Compilation | UK Car Crashes Dashcam Caught (w/ Commentary) #276,16082026,UC8kQrh-1JyFZ3RiTHHKMt7A,58636,"UK Bad Drivers & Driving Fails Compilation | UK Car Crashes Dashcam Caught (w/ Commentary) #276 https://youtu.be/Vda_FfDYN_M  ⭐This video featuring driving fails, instant karma, close call, road rage, hit and run, car crashes, good drivers, bad drivers, and many more... This video can be utilized as a learning tool, so the viewers can learn from other mistakes, not their own.  ⭐ Looking for a dashcam for your car? We recommend VIOFO: ➡️ For UK A119M Pro: https://tr.ee/ma5AkS (promo code: RUBYCAM119MP) A229 Pro: https://amzn.to/3UA9ofb  (promo code: RUBYCAM229P)  ➡️ For US A119M Pro: https://tr.ee/8nYqOn (promo code: RUBYCAM119MP) A229 Pro: https://amzn.to/4dLMdY6 (promo code: RUBYCAM229P)  (affiliate link that may earn us commission) - Purchasing a product using these affiliate links earns us a commission and is a great way to support the channel at no extra cost!  *Driving safely should be your number one concern behind the wheel. Following these defensive driving tips from our videos to improve your own road safety.  ⭐Ruby Dashcam Academy provides actual footage of road incidents captured on dash cams. There's a story-line & our own unique contributions (TEXT COMMENTARY & VOICE-OVER) throughout the video. We have also added the special editing effects, trimming, zooming, etc with the footage throughout the compilation. This whole process required our 3-5 days for producing a video.  ⭐These videos with own unique contributions can be used as an educational and informative resource for viewers to analyze and evaluate situations, stay alert and get out of a potentially dangerous situation on the road in the future.  ⭐Visit our official website for defensive driving tips: https://rubydashcamacademy.com/  ⭐ALL VIDEOS USED WITH LICENSING AGREEMENT FROM COPYRIGHT OWNER! If we made a mistake or you just want to remove your clip, please let us know here: hannahbruntnell114@gmail.com  ⭐Submit your clip for the feature here: https://rubydashcamacademy.com/submit-your-clip/ --------- Thank you for watching and stay safe!  #ukdashcam #ukcarcrashes #baddrivers #drivingfails",[],1,02092026
242,BaNZKSX_RRk,Texas road rage incident caught on camera,23112023,UCBu0KdNokE4MqdkacvH37_A,3260504,"A miles-long road rage spat between two drivers on Interstate 35E in North Texas ended with one of the drivers ramming the other's vehicle into a concrete barrier.  A witness shared video he captured of the incident, which came to a head on I-35E in Carrollton on Tuesday afternoon.  The video showed an SUV trying to drive around a sedan, which began to drive in front of the SUV. The driver of the SUV responded by veering into the sedan, which then rammed the SUV into the concrete barrier on the right side of the highway. The SUV went up onto the barrier, and that's where the video ended.  The man who took the video, Chase McCrea, told WFAA that the drivers of the two vehicles had been fighting along the highway for miles.  ""They were yelling at each other and flipping each other off,"" McCrea said. ""Then they started throwing drinks, and that's when I knew I might want to film. Because they were throwing Big Gulps and Arizona cans at each other.""  It's unclear what happened to the two drivers. Carrollton police did not have any information on the incident, so it's unclear if a report was ever filed or if anyone was injured in the crash.  FULL STORY: https://www.wfaa.com/article/news/local/they-were-throwing-big-gulps-car-rams-suv-as-i-35e-road-rage-fight-comes-to-a-head/287-0a305927-2f60-46bc-923c-487c6fa053b5",[],1,02092026
243,yeLihUnIESE,Insurance SCAM By A BMW Goes WRONG!,25052025,UC9DLqKBC6b3Fx3OXBI-ryXQ,27499214,"In this wild DashCam Exploits clip, a silver BMW suddenly brake checks with zero warning, giving our dash cam driver no time to stop — resulting in a crash. But what happens next is even more bizarre: two passengers jump out, and the BMW drives off without them, not even waiting for the doors to close! The abandoned duo starts examining the dash cam driver’s car and dramatically hold their heads as if injured, though the timing seems questionable. Moments later, the woman begins shouting, escalating the chaos.",[],1,02092026
244,IULMQS_Vnlo,Fatal Accident car crashes compilations 2023 usa #dashcam #shorts,24012023,UCk8h1tHf1itmwC_7mHRgCbw,134223,"Fatal Accident car crashes compilations 2023 usa #dashcam #shorts   Click here to Grab your dashcam and capture your own moment's  Click here;👉 https://bit.ly/36aVx9K  This is a collection of the most outrageous vehicle collisions and driving failures from across the world, as seen by dash and helmet cameras. I hope you enjoy your viewing, and please drive cautiously to protect yourself and others. In this video series, I'm attempting to depict scenarios on our roads that are intended to be instructional, so that drivers may learn from other people's errors rather than their own. These movies show actual footage from dash cameras and helmet cameras that were used to document occurrences. I am confident that this tape may be utilized as an educational and instructional tool to help viewers assess and evaluate circumstances and avoid future errors and incidents. Please subscribe, like, and enable on alerts if you enjoy these sorts of videos. If you have any footage you'd want to have included in my next compilation, please send them to me through to Telegram;  @Baxurik  #Dashcam  #cars #BadDrivers #DRIVING #cars #compilation #car crash #American #car crash #dash camera #driving fails  #bad drivers",[],1,02092026
245,Vy7zoEYb8e4,Woman crashes #car during #drivingtest,09062023,UCeY0bbntWzzVIaj2z3QigXg,3310369,"A 63-year-old woman drove her car into a lamp post while taking her driving test in #Argentina.  » Subscribe to NBC News: http://nbcnews.to/SubscribeToNBC » Watch more NBC video: http://bit.ly/MoreNBCNews  NBC News Digital is a collection of innovative and powerful news brands that deliver compelling, diverse and engaging news stories. NBC News Digital features NBCNews.com, MSNBC.com, TODAY.com, Nightly News, Meet the Press, Dateline, and the existing apps and digital extensions of these respective properties.  We deliver the best in breaking news, live video coverage, original journalism and segments from your favorite NBC News Shows.  Connect with NBC News Online! NBC News App: https://apps.nbcnews.com/mobile Breaking News Alerts: https://link.nbcnews.com/join/5cj/breaking-news-signup?cid=sm_npd_nn_yt_bn-clip_190621 Visit NBCNews.Com: http://nbcnews.to/ReadNBC Find NBC News on Facebook: http://nbcnews.to/LikeNBC Follow NBC News on Twitter: http://nbcnews.to/FollowNBC Follow NBC News on Instagram: http://nbcnews.to/InstaNBC",[],1,02092026
246,cTRVer_7LrY,Drunk driver who 'never' had license crashes luxury sports car,28032024,UCw77677G3EAODp61b0izs7w,6090655,"A drunk driver who police said “had never held a driver’s license” slammed into another vehicle after careening wildly through traffic lights in Hradec Kralove, Czech Republic. #fyp #caughtoncamera #crash",[],1,02092026
247,dDKWoXgsWyw,"BEST OF Accidents, Hit And Run, Road Rage, Bad Drivers, Brake Check | BEST OF YEAR 2022 | USA CANADA",31122022,UCnetiRHPnIMBCm-yY4m69qA,2676574,"🛑 Submit your clips: https://forms.gle/7LKzTdvHwnmZmZ439 ⚫ Contact me at dashcamlessons@gmail.com  ⚫ Links to the original videos:   1. Triangle Detecting - --- BO ATTACK 07-14-2021 ( North Durham, NC )  1. Anonymous -  ---  ( Sacramento, CA )  2. DJinFla - https://youtu.be/ZzQKki_bbAU ---  ( Ocala, Florida )  3. Kevin P -  ---  ( North Patchogue, NY )   4. Harrison Edmonds - https://youtu.be/nO4w_VgMUj8 --- Idiot driver in Glenview ( Glenview )  5. Sami Khan - https://youtu.be/TxZ7aww9hNg --- Car Accident (  )  6. SparkyPlug01 -  ---  ( Livingston CA )   7. Anonymous2 -  ---  ( Tampa Florida )  8. u/Jediz-12 -  --- Truck pushes car off the road after thinking he was cut off this morning. (  )   9. The Boys -  ---  ( Yuba City )  10. Supawat Jenugson  --- Accident as of 01/25/2021  11. u/shades92 -  --- Accident from a couple years ago. U-Turn on a right only lane. Friend says I was the idiot and it was my fault. (  )  12. u/Gt03champp -  --- My car accident  13. Jsue -  ---  ( Mississauga, ON )  14. Leslie Burrow - https://youtu.be/jwlrtBU5Qeo --- Dashcam 7/27/22 Rig overturns ( Decatur, AL )  15. Aerith - https://youtu.be/3IlnLcSEUZg ---  ( Schaumburg, IL )  16. u/alely92 -  --- That day i was the idiot. My first accident, I was driving and my sandal got stuck in the pedal and couldn’t brake on time, no more chanclas. They were fine. (  )  17. MarkTheLostTraveler - https://youtu.be/24WW8pYSr_E --- DASHCAM CAR CRASH 65MPH ( Orlando, FL )  18. Joshua Mua - https://youtu.be/_uXbq18sYck --- Car Crash Downtown Sacramento 2022-07-24 ( Downtown Sacramento )  19. korbinian Bavaria - https://youtu.be/DrHy1PyFt5k --- Car Accident - Spokane, WA ( Spokane, WA )  20. Anonymous2 -  ---  (  )  21. ranger95guy - https://youtu.be/5XKHfD2qeHU --- Rear-ended on I-25 ( I-25, COLORADO )  22. Keith -  ---  ( Charles Town, WV )  23. Hilldo - https://youtu.be/GoWj-SN5dXM ---  ( Butte, MT )  24. Mommycatt  -  ---  ( Tacoma, WA )  25. u/clutch172 -  --- Got a dash cam in May and finally caught my first idiot this morning. (  )  26. u/EmmJea_ -  --- Intoxicated Prius Off-Roads... a cliff (no one injured) ( Oakland California )  27. Carlos Monce Records - https://youtu.be/TfgiTNGInNQ --- Car crash, Accident on Westheimer rd Houston TX ( Houston, TX )  28. jamey villanueva - https://youtu.be/F1Z1ov3Yso0 --- Dashcam Footage (16 June 2022) ( San Antonio, Texas )  29. Antonio -  ---  ( Tomball, TX )  30. u/Oh_Kerms -  --- Lane splitting while I was directly in front of him (  )  31. u/DGA91 -  --- Ignore the mess I’ve been moving. Another uninsured Austin driver. (  )  32. Robert Solly - https://youtu.be/_wxRn4jqDtw --- Rear ended (  )  33. MinterVision - https://youtu.be/fp8bR35FPTs --- Motorcycle Hit And Run w/ Drunk Rider ( North Richland Hills )  34. Joseph Park - https://youtu.be/rNVf7d9tycM --- Accident ( SeaTac WA )   35. u/MrChris6800 -  --- who is at fault? (  )  36. u/eminthrv -  --- A silver Dodge Ram starts shooting at another car then crashes ( Denver, I-70 )  37. u/jon398 -  --- No need to shoulder check with a Range Rover (  )  38. u/mtl2la -  --- Mercedes vs Mercedes classic head-on at a traffic light (  )  ⚫ My socials: Instagram: https://www.instagram.com/dashcamlessons/ TikTok: https://www.tiktok.com/@dashcamlessons Facebook: https://www.facebook.com/dashcamlessons  ⚫ Intro song: My Country - Ben Bostick",[],283,04092026
248,WzL2fjN4YnE,BEST OF CAR CRASHES COMPILATION - 2020 [MegaDrivingSchool Rewind],29102022,UCKIrZr7WuPFgFy7OfkAuHOw,1374402,"In this ""Best of Car Crash Compilation"", you will see driving fails, car crashes, semi-truck crashes caught on dashcam. All the bad drivers are from America & Canada.  Treat this as a quick driving school lesson on what NOT to do out there on the roads. In this video, we analyze these dangerous situations to help you learn how to drive more defensively, identify potential hazards before they happen, and understand the critical mistakes that lead to these accidents. Stay safe and watch closely - there is a lesson in every clip.  ✪ Submit your Dashcam video for the feature here: https://megadrivingschool.com/submit Or sent to Email: megadrivingschoolyt@gmail.com  Got an Issue? Email me: megadrivingschoolyt@gmail.com  #carcrash #cars #drivingfails  ------------------------------------------------------------------------- Educational Disclaimer: These car crashes in usa and Canada are curated strictly for traffic safety analysis, accident awareness, and educational purposes. Drive safe!",[],106,04092026
249,tzcc7eCgAs0,"BEST OF SNOW CRASHES -- ICY ROAD, ROAD RAGE, TRUCK CRASH, WINTER FAILS #2022",06012023,UC8FpG11hqfqr8n9a9LcxKzA,1466360,"ALL VIDEOS ARE USED WITH OWNERS PERMISSION  All footage is Edited and I add a storyline and my commentary. BEST OF SNOW CRASHES -- ICY ROAD, ROAD RAGE, TRUCK CRASH, WINTER FAILS, SNOW STORMS, HIT AND RUN, ROLLOVER, DRIVING TOO FAST FOR CONDITIONS #2022 This is video about bad drivers.Here you can learn how to /how not to  drive and behave in traffic.There's original commentary and/or storyline at the beginning or at the end of the clips throughout the compilation.Please, read each clip text commentary on the video screen. We tried to give you additional information about so you can better understand what did driver do wrong. Here you can learn about consequences of bad driving/driving fails so you can educate yourself and be a better driver.   I edit the raw footage (I need a couple of days for every video I make),I add the location of the incident, I add arrows that follow cars to make the situation easier to be seen. I zoom in and out so everyone can see the action and many other things. Special thanks to : Hammer Down Kelley---https://youtu.be/THIRgR0xeIs",[],105,04092026
250,IR2Qh_o3Y0A,"Best-Of Dashcam 2025 - Accidents, False Statements, Road Rage and much more! | | DDG Dashcam Germ...",16122025,UCv2hsZ_qFgB7332f0uMja2Q,1549046,"Wir haben jetzt unseren eigenen Dashcam-Shop! ✅5% Rabatt mit dem Code ""DDG5"" ✅ ✅https://www.dashcam-shop.com/?ref=ddg Meine Empfehlungsliste findet sich hier in der Videobeschreibung!  ------------------ 📣📣📣Ihr wollt eure Clips einsenden?📣📣📣 Alle Infos zur Videoeinsendung finden sich hier: https://www.dashcamdriversgermany.de/einsendebedingungen.html ------------------   ❗ Welche Dashcam kaufen? ❗  ✅ https://www.dashcam-shop.com/?ref=ddg ✅✅5% Rabatt mit dem Code ""DDG5"" ✅✅   ❗❗❗ 1-Kanal-Dashcam (filmt nur Vorne)❗❗❗ Testvideo: https://youtu.be/cbY3o3BkcKw  Meine Preis-Leistungs-Tipps: ✅VIOFO A119Mini 2 (Bei Wolken minimal besser als die E1 Pro) https://www.dashcam-shop.com/VIOFO-A119-Mini-2?ref=ddg  ✅Vantrue E1 Pro (Bei Nacht mimimal besser als die Mini2) https://www.dashcam-shop.com/Vantrue-E1Pro?ref=ddg  Die modernste Dashcam: ✅Viofo A329S Bester Parkmodus mit HK6-Hardwirekit (mehr Infos weiter unten), 4K 60FPS, SSD-Suport, WiFi6 und leistungsstärkster Prozessor https://www.dashcam-shop.com/VIOFO-A329S-1CH?ref=ddg  --------- ❗❗❗ 2-Kanal-Dashcam (filmt Vorne und Hinten)❗❗❗ Testvideo Preis-Leistung: https://youtu.be/CCGOWqyI968 Testvideo Beste Qualität: https://youtu.be/dbfnsosCeCc  Meine Preis-Leistungs-Tipps: ✅Viofo A229 Plus https://www.dashcam-shop.com/VIOFO-A229-Plus-2CH?ref=ddg  ✅Vantrue N4S ⚠️Bei der N4S handelt es sich um eine 3-Kanal-Dashcam. Für einen kleinen Mehrpreis erhaltet ihr mit der N4S nicht nur eine bessere Frontkameraqualität sondern zusätzlich auch eine 3te Perspektive.  https://www.dashcam-shop.com/Vantrue-N4S?ref=ddg  Die Beste Qualität: ✅Viofo A229 Pro https://www.dashcam-shop.com/VIOFO-A229-Pro-2CH?ref=ddg  Die modernste Dashcam: ✅Viofo A329S Bildqualität minimal besser als A229 Pro, Bester Parkmodus mit HK6-Hardwirekit (mehr Infos weiter unten), 4K 60FPS, SSD-Suport, WiFi6 und leistungsstärkster Prozessor https://www.dashcam-shop.com/VIOFO-A329S-2CH?ref=ddg  Wer bei der Heckkamera 4K-Aufösung haben möchte und keinen Wert auf Parkmodus legt ✅Vantrue S1 Pro Max Heckkamera besser als A229Pro/A329S aber Frontkamera minimalst schlechter. https://www.dashcam-shop.com/Vantrue-S1-Pro-Max?ref=ddg   --------- ❗❗❗ 2-Kanal-Dashcam (filmt Vorne + Innenraum)❗❗❗ Testvideo: https://youtu.be/pZfpqrgwETU ✅Vantrue N2X https://www.dashcam-shop.com/Vantrue-N2X?ref=ddg  --------- ❗❗❗ 3-Kanal-Dashcam (filmt Vorne + Hinten + Innenraum)❗❗❗ Testvideo Preis-Leistung: https://youtu.be/CCGOWqyI968 Testvideo Beste Qualität: https://youtu.be/dbfnsosCeCc  Mein Preis-Leistungs-Tip: ✅Vantrue N4S https://www.dashcam-shop.com/Vantrue-N4S?ref=ddg  Die Beste Qualität: ✅VIOFO A229 PRO  https://www.dashcam-shop.com/VIOFO-A229-Pro-3CH?ref=ddg oder ✅Vantrue N4 Pro S https://www.dashcam-shop.com/Vantrue-N4-Pro-S?ref=ddg  Die modernste Dashcam: ✅Viofo A329S Bildqualität minimal besser als A229 Pro, Beste Abdeckung mit Fisheye-Innenraumkamera, Bester Parkmodus mit HK6-Hardwirekit (mehr Infos weiter unten), SSD-Suport, WiFi6 und leistungsstärkster Prozessor. https://www.dashcam-shop.com/VIOFO-A329S-3CH?ref=ddg   --------- ❗❗❗ Telephoto-Dashcam (filmt Vorne + Telezoom Vorne + Heck)❗❗❗  ✅Viofo A329T https://www.dashcam-shop.com/VIOFO-A329T-Telephoto-3CH?ref=ddg  ⚠️ Bei Telephoto-Modellen filmt ein zusätzliches Kamera-Modul zur normalen Frontkamera mit Zoom nach vorne. Was Kennzeichen der Frontperspektive angeht erhält man so die besten Resultate.  Das Funktionsprinzip seht ihr in diesem Video am Beispiel des Tele-Modules für die A229Plus/Pro. Die A329T funktioniert nach dem selben Prinzip. https://www.youtube.com/watch?v=3rsVh7UmR7A  --------- ❗❗❗ Motorrad-Dashcam (fimt Vorne und Hinten) ❗❗❗ Testvideo: https://youtu.be/xizgBcnqekw  ✅Vantrue F1 https://www.dashcam-shop.com/Vantrue-F1-2CH-Motorrad?ref=ddg    ⚠️❗Zusatzinfo Parkmodus Viofo A329S/T❗⚠️ Die A329S/T-Reihe unterstützt einen Standby-Parkmodus. Mit dem HK6-Hardwirekit können 2 Parkmodus-Arten kombiniert werden. Wer viel Wert auf das Thema Parkmodus bzw. insbesondere längere Einsatzbereitschaft legt kann sich die Infos in dem Video ansehen ⚠️Ab Minute 13.23 bis 24.20 https://youtu.be/sreZ55Iw6qA?si=rj4t1O_43r1qlGTp   ❗ Wichtige Hinweise für den Kauf!❗  ✅ Ich empfehle dringend(!) die Verwendung eines CPL-Filters.  ✅ Mit Erfahrung der letzten Jahre empfehle ich nur noch originale Speicherkarten https://www.dashcam-shop.com/Speicherkarten?ref=ddg (Einzige zuverlässige Alternative: SanDisk Max Endurance)  Alle meine Dashcam-Tests findet ihr Hier: https://www.youtube.com/playlist?list=PLzerT6ucKbNvzdTRHBjzwy2Il3HqZI0Kc  --- ✅Hier findest du unseren Rettungsgassenaufkleber-Shop!✅ https://dashcamdriversgermany.de/aufkleber ---  ---- Unsere Social-Media-Kanäle Facebook: http://facebook.com/dashcamdriversgermany Instagram: https://www.instagram.com/dashcamdriversgermanyofficial/ Tiktok: https://www.tiktok.com/@dashcamdriversgermany  Alle Links mit ""✅"" sind Affiliate-Links oder Werbelinks. Für euch entsteht kein Nachteil beim Kauf, ich erhalte jedoch im Gegenzug eine kleine Provision.",[],95,04092026
251,vsYX4d_K2BQ,ITALIANI ALLA GUIDA parte 5 - BEST OF 2022 BAD DRIVERS OF ITALY dashcam compilation,29122022,UCqYkaHQFrorRCAj2WgH-G5g,661758,"Trova la tua prossima DASHCAM https://sicurisullastrada.it/dashcam/ Statistiche BDOI, notizie dashcam, anteprime https://bit.ly/bdoinewsletter Prenota un corso di GUIDA SICURA: https://sicurisullastrada.it/corsi/ Dubbi o domande? Trovi qui le RISPOSTE https://sicurisullastrada.it/dashcam-5-minuti-per-sapere-tutto/ Vuoi inviarci le clip della TUA DASHCAM? Guarda come fare su https://bit.ly/inviavideo Seguici sui canali BDOI per essere AGGIORNATO e vedere le MIGLIORI CLIP https://bit.ly/canalibdoi Hai domande o curiosità? COMMENTA sotto al video oppure CONTATTACI https://bit.ly/contattabdoi - - - - - - - - - - - - - - - - - - - - - - - - - - - - - - - - - - - - - - - - - - - - -  This video shows DANGEROUS behaviors not to imitate! Always drive carefully! Do you want to send us the clips of YOUR DASHCAM? See how on https://bit.ly/inviavideo Follow us on BDOI channels to be UPDATED and see the BEST CLIPS https://bit.ly/canalibdoi Do you have any questions or curiosities? COMMENT below the video or CONTACT US https://bit.ly/contattabdoi  #baddriversofitaly #dashcam #compilation",[],88,04092026
252,9M2k5ycFILw,"BEST OF DASHCAM 2025 | Accidents, brazen road rage, violent riots and much more! 💥🔥",21122025,UCD_02Fo2YBzXRvIgTKUyxwA,558176,"Die Verkehrsanwälte – Das ist ein Zusammenschluss von knapp 5.000 Verkehrsanwälten und Anwältinnen aus ganz Deutschland zur Arbeitsgemeinschaft Verkehrsrecht. Seit nunmehr 40 Jahren setzen sich die Verkehrsanwälte für die Rechte von Geschädigten ein – qualifiziert, erfahren und stets auf dem aktuellsten Stand der Rechtsprechung. Und vor allem – immer in Ihrer Nähe! ➡ https://www.verkehrsanwaelte.de/ #werbung   ——————  Herzlich willkommen zu unserem Jahresrückblick mit den besten Clips aus 2025! 🚗🚗  Wir wünschen Euch viel Spaß und würden uns über ein Abo, einen Daumen hoch sowie über Feedback in den Kommentaren freuen.  ——————  𝙐𝙣𝙨𝙚𝙧𝙚 𝙋𝙖𝙧𝙩𝙣𝙚𝙧  Auf der Suche nach einer Dashcam? Bei unseren Partnern erhaltet ihr 5% auf das gesamte Sortiment! 🥳 ➡️ Code ""RLP5"" im Dashcam-Shop sparen: https://www.dashcam-shop.com/?ref=RLP5  ✅ Welche Dashcam kaufen? ✅  Wir werden tagtäglich gefragt, welche #Dashcam man kaufen soll. Hier eine kleine Auswahl:  1️⃣ Front: Viofo A119 Mini 2. ➡️ Im Dashcam-Shop (5% Rabatt mit dem Code ""RLP5""): https://bit.ly/A119mini2 ➡️ Auf Amazon: https://amzn.to/3CldJO4  2️⃣ Front & Heck: Viofo A229 Pro ➡️ Im Dashcam-Shop (5% Rabatt mit dem Code ""RLP5""): https://bit.ly/A229Pro ➡️ Auf Amazon: https://amzn.to/4jpcI8r  ——————  𝙆𝙖𝙣𝙖𝙡𝙢𝙞𝙩𝙜𝙡𝙞𝙚𝙙 𝙬𝙚𝙧𝙙𝙚𝙣  Unterstütze unsere Arbeit finanziell und werde Kanalmitglied ▶ https://www.youtube.com/channel/UCD_02Fo2YBzXRvIgTKUyxwA/join  ——————  𝙐𝙣𝙨𝙚𝙧𝙚 𝙎𝙤𝙘𝙞𝙖𝙡-𝙈𝙚𝙙𝙞𝙖 𝘼𝙪𝙛𝙩𝙧𝙞𝙩𝙩𝙚  ▶ https://www.tiktok.com/@rlp_dashcam ▶ https://www.instagram.com/rlp_dashcam ▶ https://www.facebook.com/rlpdashcam/  ——————  𝙐𝙣𝙨𝙚𝙧 𝙀𝙦𝙪𝙞𝙥𝙢𝙚𝙣𝙩  Hier findet Ihr unsere Ausrüstung, die wir zum Produzieren unserer Videos verwenden. Hierbei handelt es sich um Affiliate-Links, das heißt, wir erhalten eine kleine Provision, wenn Ihr über die folgenden Links einkauft. Für Euch entstehen dabei keine Mehrkosten, Ihr unterstützt uns aber. Vielen Dank!   ➡️ Mikrofon: https://amzn.to/3SwWo8M ➡️ Interface: https://amzn.to/3StrvBQ ➡️ Creative Cloud: https://amzn.to/3ZlUPwp  ——————  𝙏𝙚𝙞𝙡 𝙙𝙞𝙚𝙨𝙚𝙧 𝙑𝙞𝙙𝙚𝙤𝙨 𝙬𝙚𝙧𝙙𝙚𝙣   Derzeit haben wir EINSENDEPAUSE. Die Einsendezeiträume werden immer rechtzeitig im Community-Tab sowie auf Facebook und Instagram angezeigt. Folgt uns gerne, um keine Informationen zu verpassen.  Während der Einsendepausen nehmen wir ""spannende"" Clips wie Unfälle oder knappe Situationen unter spannend@rlpdashcam.com entgegen, die zeitnah in unsere Folgen integriert werden, ohne dass sie den eigentlichen mehrmonatigen Warteprozess durchlaufen müssen. Wir bitten um Verständnis, dass wir hier von Clip zu Clip individuell entscheiden, ob er in die Kategorie ""spannend"" fällt, und großflächig aussortieren müssen.  *Ihr wollt uns mit Eurer Videospende unterstützen und in einem der nächsten Videos erscheinen? Das ist ganz simpel und wir würden uns freuen!*  Geht auf https://SwissTransfer.com **, wählt Eure Dateien aus, kopiert den erzeugten Link und schickt diesen an folgende E-Mail-Adresse: clips@rlpdashcam.com   Wenn Ihr uns die Clips auf anderem Wege zukommen lassen möchtet, ist das auch kein Problem. Bitte schreibt uns dazu, unter welchem Namen wir Eure Clips veröffentlichen sollen.  Wenn Ihr Eure Clips bereits vorab bearbeiten wollt, werden wir Euch natürlich nicht daran hindern – wenn nicht, ist es aber auch kein Problem. :)   Unter Vorabbearbeitungen verstehen wir vor allem Zuschnitt- und Pixelarbeiten. Sofern Ihr den Ton stummschalten möchtet, ist das kein Problem – bitte verzichtet jedoch darauf, die Clips mit eigener Musik, Soundeffekten und  Audiokommentaren zu hinterlegen. Auch das Vergrößern des Videos (Skalieren) und Hinterlegen von Textfeldern in den Clips ist unerwünscht. Diese Clips passen meist leider nicht in das Gesamtbild unserer Videos und wir bearbeiten sie noch mal entsprechend!   Mit dem Senden Eurer Videos an uns, egal auf welche Weise, bestätigt Ihr, alle Rechte an den Clips zu haben und uns diese zu übertragen.   Für weitere Fragen stehen wir gerne unter der angegebenen E-Mail-Adresse zur Verfügung!   Geduld ist wichtig, es kann und wird etwas dauern, bis wir Eure Clips verarbeiten. MINDESTENS 6 MONATE WARTEZEIT BIS AUSSTRAHLUNG  Wir freue uns auf zahlreiche Einsendungen! :)  ** bitte eigenständig mit AGB und Datenschutz des Providers vertraut machen. Wir übernehmen keine Verantwortung.  ——————  𝘿𝙄𝙎𝘾𝙊𝙍𝘿  Tritt unserer Dashcam-Community auf Discord bei: https://discord.gg/sKPRF4peEC  ——————  Bei allen mit ""➡️"" gekennzeichneten Links handelt es sich um Affiliate-Links.  ——————  #Dashcam #GermanDashcam #RoadRage #DeutscheDashcam #63ED",[],61,04092026
253,8RFVSVXMRNI,"BEST OF FLORIDA DRIVERS 2023  |  40 Minutes of Road Rage, Accidents, Convenient Cop & More",22072023,UCnetiRHPnIMBCm-yY4m69qA,460665,"🛑 Submit your clips: https://forms.gle/7LKzTdvHwnmZmZ439 ⚫ Contact me at dashcamlessons@gmail.com  ⚫ Links to the original videos:  1. Anonymous  2. Devlin -  ---  ( Bradenton, FL )  3. Badges of Honor -  ---  ( Land O Lakes, Florida )  4. YoRuYa -  ---  ( I-95 Delray Beach, Florida )   5. Captain_Tim - https://www.youtube.com/playlist?list=PLYb6pa-xHIE8NnYQ11jiI4Tdott3fwLxY --- Another Jeremy Dewitte(not actually Metro State) type person  ( Delray Beach, FL )  6. Joe Isabella - https://youtu.be/trwN21m0S7Q --- Friday Morning Commute Crash ( Ft. Myers, FL )  7. Lynch Oil Company -  ---  ( Florida )  8. Anonymous  9. tlavoie7 - ---  ( St Pete Beach, FL )  10. u/Lager_Suds -  --- Be aware of your surroundings. ( Altamonte Springs, FL )  11. u/RAV4Mafia -  --- Florida State Trooper With Road Rage Bullies me TWICE ( Florida )  12. MSmith -  --- Hit a big empty box in the road out of nowhere. ( Pinellas Park, FL )   13. Bad Drivers of the Florida Nature Coast - https://youtu.be/IHOymEeDN6Q --- Accident on Citrus Ave Crystal River, FL   14. Ariel Donate -  ---  ( Miami Lakes, FL )  15. u/NFTCollecThor -  --- Angry redhead Karen upset after I got into her lane (sound on) ( Fort Walton Beach, FL )  16. GreyGhostCX5 -  ---  ( Delray Beach FL )  17. Gordon B -  ---  ( Port Saint Lucie, FL )   18. Riker -  ---  ( Spring Hill, FL )  19. martinmaine -  ---  ( Cape Coral, FL )  20. tundra_2021_trdpro -  ---  ( I-95 Southbound, 5 miles outside of Florida state line )   21. kaylacudi -  ---  ( Miami, FL )  22. NJ -  ---  ( Central Florida )  23. Jaybird Wedbetter - https://youtu.be/rOgFC2s_RIE --- Rear End Collision Behind Me - Dunedin, FL 1/7/2023 ( Dunedin, FL )  24. Cooper - https://youtu.be/c-5-kgkahGo --- dumb woman road rage ( Cocoa Beach florida )  25. Lia -  ---  ( Jacksonville, FL )  26. AREISS -  ---  ( Coral Springs, FL )  27. Greg -  --- My Motorcycle Crash ( Rockledge, FL )   28. u/ay_bicboi -  --- Don’t text and drive folks ( Florida )  29. Kuro - https://youtu.be/CyLyyctHDgg --- Car crash part 2 ( Miami Florida )  30. Carnivore -  ---  ( Daytona Beach FL )  31. Will M -  ---  ( Cape Coral, FL )  32. Franky -  ---  ( Miami FL )  33. ""No Thanx"" -  ---  ( Tamarac, FL )   34. Wendy - https://youtu.be/4YiCvkT83hY ---  ( Oldsmar, FL )  35. Brian -  ---  ( Orlando, FL )  36. Bad Drivers of the Florida Nature Coast - https://youtu.be/xO-Cye1Z5BQ --- Dual Turn Fail  37. Xetdog -  ---  ( Fort Myers, FL )  38. Thai -  ---  ( South Florida )  39. Yury -  ---  ( Florida I95 )  40. Sweep The Leg - https://youtu.be/XdfwjI7VVvg --- 10/22/2021 Car accident ( Melbourne, Florida )  41. Anonymous  42. Ameer - https://youtu.be/-USneiWiQoU --- Ocala, Florida Car Accident SE 17th St. & SE 11th Ave ( Ocala, Florida )  43. grriceman -  ---  ( Viera, FL )  44. Ace88 -  ---  ( Kissimmee FL )  45. u/brian_d_wells -  --- [BlackVue DR900X Plus] Driver behind me got a little too impatient... ( Paisley, FL )  46. Cykociv -  ---  ( Myakka City, FL )  47. Anonymous  48. CP's Garage - https://youtu.be/C5eQVjk4Au0 --- Dash cam idiot in Valrico Florida  49. Tawni  50. @cenagringa -  ---  ( Miami, FL )  51. dmadatawiz - https://youtu.be/Rzm6AnfUMtQ --- Accident with Morgan and Morgan Commercial....PRICELESS. ( Fort Myers, FL )  52. NoHow -  ---  ( Ocala Florida )  53. Marie -  ---  ( Spring Hill, FL )  54. AREISS -  --- Reasons why I HATE FLORIDA! ( FLORIDA )  55. Bee-chan -  ---  ( Bartow, FL )  56. Ben's Life - https://youtu.be/QRP6byE2FtM --- Airgas Bad Driver 1080WebShareName ( Riviera Beach FL )  57. enahS Hrpka - https://youtu.be/BGS5pAmVrQ4 --- Hit and Run ( Brandon FL )   58. gibso35f -  --- Rove Dashcam fender bender ( West Palm Beach, FL )  59. itsky -  ---  ( Nassau County, FL )  60. Saricky -  ---  ( Belleview, Florida )  61. u/mkeevo -  --- Everywhere in S. Florida people don't seem to understand how to stay in their lane when turning. (  )   62. 13djdave13 - https://youtu.be/v84hs0wdMNA --- Hit and Run in Mango Florida right before Seffner ( Mango Florida )  63. Anonymous  64. Arnie -  ---  ( Rockledge, FL )  65. I Must Be Invisible - https://youtu.be/3j6q1s-qIdY --- Accident near Sun City Center, Florida  66. Anonymous  67. Anonymous  68. A. Lucas - https://youtu.be/j6-zITf9DeQ ---  driver Fail/ road rage ( Orlando,FL )  69. Wolf Tricounty  -  ---  ( Orlando, FL )  70. u/no_sushi_4_u -  --- [Vantrue E2] A bad driver NEVER misses their turn. ( Tamarac, Florida )   ⚫ My socials: Instagram: https://www.instagram.com/dashcamlessons/ TikTok: https://www.tiktok.com/@dashcamlessons Facebook: https://www.facebook.com/dashcamlessons  ⚫ Intro song: My Country - Ben Bostick",[],61,04092026
254,r5QJoDOB0cQ,"BEST OF VIRGINIA DRIVERS 2026 | 55 Minutes of Road Rage, Crashes, Bad Drivers & More",15052026,UCY1tWKo9IkhRFyUBq9FEW6w,89530,"🛑 Submit your clips: https://forms.gle/PFrDCjWpUVwokLxW7   ⚫ Credit to respected owners of footage.  1. Robert D  2. u/_Mewden_  3. angel estevez jr - https://www.youtube.com/watch?v=zu0FemGKihw  4. u/AhmedYIRadwan  5. James is here but is he? - https://www.youtube.com/watch?v=26pS52HEE6A  6. Stardantheman  7. Robert D.  8. NoVaFlyer  9. Armoni R.  10. MST987  11. Serenity Farms - https://www.youtube.com/watch?v=vbyzdrJPsYE  12. u/JohnnyJones225  13. Anonymous  14. Warge Lang  15. u/tymoius  16. u/GalacticChickenBake  17. Anonymous  18. u/michaelseoo  19. Joe Milton - https://www.youtube.com/watch?v=zVjp87kiais  20. stallroad RVA  21. u/MmmBra1nzzz  22. MJ - https://www.youtube.com/watch?v=E3lgmqWuP58  23. u/bigolsargeha  24. u/Parallelovator  25. Wes  26. Peter Sichel - https://www.youtube.com/watch?v=nrtj3kd84zQ  27. Say It Isn't So - https://www.youtube.com/watch?v=QEAZuWJfctE  28. MazdaSpeedFanatic  29. NOVA Horn  30. mdamron2  31. Anonymous  32. baktash khan - https://www.youtube.com/watch?v=ODqBqbhdqFw  33. Turbinemaker  34. 10murano  35. Rusty Shackleford  36. Bad Drivers of Tampa Bay - https://www.youtube.com/watch?v=Z0XccJKtGjw  37. MadiCorax  38. Fairfax County Police Department  39. u/kafromet  40. Reggie Mohy  41. Farzin Vousoughian  42. u/JRhim  43. u/JrWhooper09  44. Rec4LMS - https://www.youtube.com/watch?v=oVUqxHdDw6Q  45. Lindation's Adventures - https://www.youtube.com/watch?v=8xf-u42A66Q  46. Fannie_O_Rear - https://www.youtube.com/watch?v=gNpwwkcfac4  47. NellyNell  48. Ecclesiastes  49. Cruton  50. QuantumCop  51. Anonymous  52. Anonymous  53. @charlottedashcam u/gillsamill - https://www.youtube.com/@charlottedashcam5824  54. Thomas Wheeler  55. Cindy Divers Elliott  56. Anonymous  57. @p0cket_4ces  58. Steve A - https://www.youtube.com/watch?v=S-jmEuZfnH0  59. Bree F  60. Diya Harris - https://www.youtube.com/watch?v=qwek0-z--gU  61. TheFusionShark  62. Bane  63. u/Balding_Racist  64. Bad Drivers of Tampa Bay  65. Robert D.  66. Anonymous  67. DSP  68. Jason Elliott - https://www.youtube.com/watch?v=eJZZFQ3_Cn0  69. Worse Than Chiggers - https://www.youtube.com/watch?v=bhHFJh-g4cQ  70. C. Conway - https://www.youtube.com/watch?v=l7jSRkIrMsU  71. Ian S.  72. Switched On Bach  73. ryansmith6679  74. BigBoy  75. Eduardo  76. u/-Skid-Mark-  77. Nathan H.  78. The350Zboy - https://www.youtube.com/watch?v=aDZYGVLbUMg  79. Cook and Go! - https://www.youtube.com/watch?v=veVpE-0OsNs  80. ZombusterFTW  81. Robert D.  82. Meltednote  83. Anonymous  84. TL  85. u/Shadowdane  86. mallydobb  87. ZP  88. Anonymous  89. GovJeep  90. Joe P  91. Armani R.  92. Eduardo  93. EDUARDO  94. Robert D.  95. u/Andrew_64_MC  96. u/DaJRJesu5  97. Bad Drivers of Tampa Bay  98. Diya Harris - https://www.youtube.com/watch?v=vRwtMBztBI8  99. SlowAndSteady - https://www.youtube.com/watch?v=QilrVXWgP9w  100. Anonymous  101. Jon  102. Ecclesiastes  103. Eclipse1205  104. terrythebusdriver - https://www.youtube.com/watch?v=JII2fGR8-Ww  105. Petrikohr - https://www.youtube.com/watch?v=AUq5IWFCk_k  106. Code3CodeBlue  107. Corey Babcock - https://www.youtube.com/watch?v=nBdCeoCiuls  108. Malc of Heroes - https://www.youtube.com/watch?v=yoxeiNood_E  109. u/OP123ER59  110. Anonymous  111. Jaysin B  112. Waynesboro, Virginia  113. Charles189  114. Sixtynining Chipmunks - https://www.youtube.com/watch?v=Cnq7Xn6Tha4  115. Rambler88 - https://www.youtube.com/watch?v=SUoURQN_o_k  116. u/SenWO0  117. u/DarthCanibis  118. gator1dl - https://www.youtube.com/watch?v=__3meNyCr-s  119. @kylemunsey9491  120. u/uhhhnic  121. Robert D.  122. GWKULPX  123. Joseph - https://www.youtube.com/shorts/50WpU_UNMTI  124. ASU_BlacknGold  125. Ken Campbell - https://www.youtube.com/watch?v=PaxuEinyWys  126. Rambler88 - https://www.youtube.com/watch?v=R5GXMGFeGBw  127. MissilesAgainstBats  128. Zotung Tube - https://www.youtube.com/watch?v=c1I2irB3_5o  129. u/Jman42023  130. redpestbeats  131. u/rooftopkillroyUS  132. Anonymous  133. Robert D.  134. u/GracefulGeek  🔔 Hit the notification bell to stay updated with our latest videos.  @tamarackpathlight",[],55,04092026
255,m5CzDrS5Co8,INSANE CAR CRASHES COMPILATION | BEST OF USA & CANADA ACCIDENTS - PART 11,30082026,UCKIrZr7WuPFgFy7OfkAuHOw,18858,"In this ""Best of Car Crash Compilation"", you will see driving fails, car crashes, semi-truck crashes caught on dashcam. All the bad drivers are from America & Canada.  ✪ Submit your Dashcam video for the feature here: https://megadrivingschool.com/submit Or sent to Email: megadrivingschoolyt@gmail.com  Got an Issue? Email me: megadrivingschoolyt@gmail.com  #carcrash #cars #drivingfails  ------------------------------------------------------------------------- Educational Disclaimer: These car crashes in usa and Canada are curated strictly for traffic safety analysis, accident awareness, and educational purposes. Drive safe!",[],55,04092026
256,z-j95Evn2ck,INSANE CAR CRASHES COMPILATION  || Best of USA & Canada Accidents - part 36,08062025,UCnetiRHPnIMBCm-yY4m69qA,1079249,🛑 Submit your clips: https://forms.gle/gyoznmQ9vXe8GCcXA  ⚫Looking for a dashcam for your car? We recommend VIOFO: A229 PRO 4K ▶ https://amzn.to/3W2Lnzi  (5% off promo code: dash4K229Pro) VS1 2K ▶https://amzn.to/3W85Xyo  (5% off promo code: dashVS1cam)  ⚫ Contact me at dashcamlessons@gmail.com  ⚫ Links to the original videos:  1. Anonymous  2. Michdriver  3. Friant Roulette - https://youtu.be/FOE00L4SaJc --- Red Light Runner  4. u/Nerdalicious23  5. CCook08  6. Anonymous  7. Heizenblade  8. HK3Fitness - https://youtu.be/Oc7SCRsBepc --- Tacoma 2024 Accident  9. Eric S  10. Kyle Schroeder - https://youtu.be/oWfC3fYGaDI --- Drive Safe  11. Anonymous  12. u/XHollowsmokeX  13. Saejin  14. Richard H.  15. u/iDreamUrek  16. Selfmade Whipz - https://youtu.be/i1cDQnT8JIk  17. Devan  18. u/shadullah  19. 1337 Crew  20.  Saskatchewan Traveller  21. u/radioactivenoise  22. vgcat123  23. Timothy Jackson - https://youtu.be/jb7gnEKrb9I --- Car accident  24. John Walters - https://youtu.be/sE3SlNGxR7s  25. neal pearson - https://youtu.be/S6zpFsWVxAs  26. Anonymous  27. 783 Meeting Street - https://youtu.be/uwdmByhTgaQ --- Accident  28. Tanner H.  29. IPCTech - https://youtu.be/rB9iCdz29PA --- Hit&Run   30. Anonymous  31. u/KennyB12Three  32. Bad Drivers Central PA - https://youtu.be/XRFqKWn8X-U --- First car accident  33. Aj the Dude  34. Donlavon  35. Austin Jolly - https://youtu.be/3e9y7HnFMC0 --- Dash Cam 18-Wheeler   36. u/Educational_Pear_330  37. Thomas  38. u/Shigx  39. william  40. 31knox3  41. Zander Sowell  42. u/Ericalva91  43. Rorc - https://youtu.be/oCHyDjI9fLU --- Virginia bad driver  44. Philbert MacGuillicuddy  45. Juan Garcia - https://youtu.be/_e7RVfDVS90 --- NearDeath  46. Ray Izq - https://youtu.be/rABsBNAk5j0 --- Rear Dash Cam Accident  47. David  48. Donny  49. Jetstreamer - https://youtu.be/HKqdtMwIwY0 --- Dash cam footage  50. u/jb69029  51. Dasha Camel - https://youtu.be/oLULmvJ0124 --- Parking lot  52. CJT85 - https://youtu.be/pnJy0NELyEE --- 11/22 Car Crash caught  53. Mike Schaefermeyer - https://youtu.be/ckUSwunNF-4  54. djsegoviano  55. 783 Meeting Street - https://youtu.be/0ilZXggnG3Q --- Accident   56. DanRLitCO - https://youtu.be/3d3ZOxPc_EU --- Don't be this guy  57. Anonymous  58. Ebeniz - https://youtu.be/aSFvAfAWXAY --- DashCam  59. Ray Thibedeau - https://youtu.be/58LG0vqJ-fg --- Angry Porsche driver brake checks  60. Anonymous  ⚫ My socials: Instagram: https://www.instagram.com/dashcamlessons/ TikTok: https://www.tiktok.com/@dashcamlessons Facebook: https://www.facebook.com/dashcamlessons  ⚫ Intro song: My Country - Ben Bostick,[],51,04092026
257,l__rvRUwOn4,INSANE CAR CRASHES COMPILATION  || Best of USA & Canada Accidents - PART 54,05072026,UCnetiRHPnIMBCm-yY4m69qA,329904,🛑 Submit your clips: https://dashcamlessons.com/  ⚫Looking for a dashcam for your car? We recommend VIOFO: A229 Pro: https://amzn.to/3W2Lnzi (5% off discount code: DLSA229P ) A119M Pro: https://amzn.to/4scZvE9 (5% off discount code: DLS119MP )  ⚫ Contact me at dashcamlessons@gmail.com  ⚫ Links to the original videos:  1. u/munsdee  2. u/NYCspotter  3. Dominator  4. MJ  5. Tony A.  6. Anonymous  7. Mellow Robinson - https://youtu.be/edc4SeC3KKk --- a car accident  8. Zee  9. Hummer Joey - https://youtu.be/9aFHwgONbB8 --- Audi gets T-boned  10. Brian  11. einnorw  12. u/Top-Helicopter3801  13. Anonymous  14. Cannibal Canuck  15. Anonymous  16. NeoDudez - https://youtu.be/am593rHHMfg --- Rear end accident  17. NickandMuse  18. u/Individual_Cabinet59  19. Logan and Blake  20. Grant  21. Pensamientos al azar - https://youtu.be/JK2xlWx_kx4  22. Justin Mitchell - https://youtu.be/-zAOm4GCyhc --- Dash Cam  23. u/HumanBeingGoldman  24. JayTee   25. u/MySisterPegsMe  26. IG: bourbonandpistons  27. Life and Wonders - https://youtu.be/C6K6amQK6jU   28. Inst: @flashpcbuild  29. u/checktheforecast  30. GreyGibson02  31. u/aman_87  32. Anonymous  33. Anonymous   34. Gabriel Lozano - https://youtu.be/UaNpdtCOMqM  35. Busy Gadgets - https://youtu.be/_UBQQSxsPOY  36. imaturtle - https://youtu.be/MVtUpeK7rk4 --- Car crash  37. Tyson Studios - https://youtu.be/2MebegQWrWI --- Crazy car crash  38. u/Maximum_Ad_7918  39. Gabriel Lozano - https://youtu.be/eN0WruOaBbQ  40. u/Stang70Fastback  41. u/DoritoDustThumb  42. u/ontowhat  43. Joshua Scott - https://youtu.be/RQJQ-ntDVkA  44. cody_monomer  45. Anonymous  46. MISRYluvsCOMPNY - https://youtu.be/kKiQV_5PN2s --- car wreck  47. u/Glad-Welder1733  48. Nedrick  49. GapBasher  50. angel estevez jr - https://youtu.be/g0D12Z1w0NE  51. OneMic - https://youtu.be/zvFTcwN7HPns  52. Lenard Hope - https://youtu.be/SwkNHQwm2Y8  53. u/wisco_ITguy  54. Gavin  55. Diana Myers - https://youtu.be/rDBceRgUXRA  56. Anonymous  57. Anonymous  58. Mr.Flamingo79  59. Mark V  60. angel estevez jr - https://youtu.be/zu0FemGKihwI   61. Anonymous  62. Anonymous  ----- YouTube Video Chapters ----- [00:00] - 1. u/munsdee [00:17] - 2. u/NYCspotter [00:37] - 3. Dominator [00:50] - 4. MJ [01:09] - 5. Tony A. [01:31] - 6. Anonymous [01:48] - 7. Mellow Robinson [02:01] - 8. Zee [02:22] - 9. Hummer Joey [02:39] - 10. Brian [02:52] - 11. einnorw [03:08] - 12. u/Top-Helicopter3801 [03:28] - 13. Anonymous [03:43] - 14. Cannibal Canuck [04:04] - 15. Anonymous [04:27] - 16. NeoDudez [04:46] - 17. NickandMuse [05:07] - 18. u/Individual_Cabinet59 [05:32] - 19. Logan and Blake [05:54] - 20. Grant [06:09] - 21. Pensamientos al azar [06:24] - 22. Justin Mitchell [06:47] - 23. u/HumanBeingGoldman [07:07] - 24. JayTee [07:23] - 25. u/MySisterPegsMe [07:41] - 26. IG: bourbonandpistons [07:56] - 27. Life and Wonders [08:11] - 28. Inst: @flashpcbuild [08:26] - 29. u/checktheforecast [08:41] - 30. GreyGibson02 [09:04] - 31. u/aman_87 [09:20] - 32. Anonymous [09:47] - 33. Anonymous [10:11] - 34. Gabriel Lozano [10:28] - 35. Busy Gadgets [11:00] - 36. imaturtle [11:16] - 37. Tyson Studios [11:44] - 38. u/Maximum_Ad_7918 [12:02] - 39. Gabriel Lozano [12:23] - 40. u/Stang70Fastback [12:41] - 41. u/DoritoDustThumb [13:05] - 42. u/ontowhat [13:20] - 43. Joshua Scott [13:41] - 44. cody_monomer [13:56] - 45. Anonymous [14:11] - 46. MISRYluvsCOMPNY [14:31] - 47. u/Glad-Welder1733 [14:50] - 48. Nedrick [15:10] - 49. GapBasher [15:25] - 50. angel estevez jr [15:48] - 51. OneMic [16:17] - 52. Lenard Hope [16:34] - 53. u/wisco_ITguy [17:02] - 54. Gavin [17:22] - 55. Diana Myers [17:38] - 56. Anonymous [17:53] - 57. Anonymous [18:03] - 58. Mr.Flamingo79 [18:18] - 59. Mark V [18:47] - 60. angel estevez jr [20:13] - 61. Anonymous [20:30] - 62. Anonymous [20:49] - 63. Outro   ⚫ My socials: Instagram: https://www.instagram.com/dashcamlessons/ TikTok: https://www.tiktok.com/@dashcamlessons Facebook: https://www.facebook.com/dashcamlessons  ⚫ Intro song: My Country - Ben Bostick,"[{'title': '1. u/munsdee', 'timestamp': '0:00:00'}, {'title': '2. u/NYCspotter', 'timestamp': '0:00:17'}, {'title': '3. Dominator', 'timestamp': '0:00:37'}, {'title': '4. MJ', 'timestamp': '0:00:50'}, {'title': '5. Tony A.', 'timestamp': '0:01:09'}, {'title': '6. Anonymous', 'timestamp': '0:01:31'}, {'title': '7. Mellow Robinson', 'timestamp': '0:01:48'}, {'title': '8. Zee', 'timestamp': '0:02:01'}, {'title': '9. Hummer Joey', 'timestamp': '0:02:22'}, {'title': '10. Brian', 'timestamp': '0:02:39'}, {'title': '11. einnorw', 'timestamp': '0:02:52'}, {'title': '12. u/Top-Helicopter3801', 'timestamp': '0:03:08'}, {'title': '13. Anonymous', 'timestamp': '0:03:28'}, {'title': '14. Cannibal Canuck', 'timestamp': '0:03:43'}, {'title': '15. Anonymous', 'timestamp': '0:04:04'}, {'title': '16. NeoDudez', 'timestamp': '0:04:27'}, {'title': '17. NickandMuse', 'timestamp': '0:04:46'}, {'title': '18. u/Individual_Cabinet59', 'timestamp': '0:05:07'}, {'title': '19. Logan and Blake', 'timestamp': '0:05:32'}, {'title': '20. Grant', 'timestamp': '0:05:54'}, {'title': '21. Pensamientos al azar', 'timestamp': '0:06:09'}, {'title': '22. Justin Mitchell', 'timestamp': '0:06:24'}, {'title': '23. u/HumanBeingGoldman', 'timestamp': '0:06:47'}, {'title': '24. JayTee', 'timestamp': '0:07:07'}, {'title': '25. u/MySisterPegsMe', 'timestamp': '0:07:23'}, {'title': '26. IG: bourbonandpistons', 'timestamp': '0:07:41'}, {'title': '27. Life and Wonders', 'timestamp': '0:07:56'}, {'title': '28. Inst: @flashpcbuild', 'timestamp': '0:08:11'}, {'title': '29. u/checktheforecast', 'timestamp': '0:08:26'}, {'title': '30. GreyGibson02', 'timestamp': '0:08:41'}, {'title': '31. u/aman_87', 'timestamp': '0:09:04'}, {'title': '32. Anonymous', 'timestamp': '0:09:20'}, {'title': '33. Anonymous', 'timestamp': '0:09:47'}, {'title': '34. Gabriel Lozano', 'timestamp': '0:10:11'}, {'title': '35. Busy Gadgets', 'timestamp': '0:10:28'}, {'title': '36. imaturtle', 'timestamp': '0:11:00'}, {'title': '37. Tyson Studios', 'timestamp': '0:11:16'}, {'title': '38. u/Maximum_Ad_7918', 'timestamp': '0:11:44'}, {'title': '39. Gabriel Lozano', 'timestamp': '0:12:02'}, {'title': '40. u/Stang70Fastback', 'timestamp': '0:12:23'}, {'title': '41. u/DoritoDustThumb', 'timestamp': '0:12:41'}, {'title': '42. u/ontowhat', 'timestamp': '0:13:05'}, {'title': '43. Joshua Scott', 'timestamp': '0:13:20'}, {'title': '44. cody_monomer', 'timestamp': '0:13:41'}, {'title': '45. Anonymous', 'timestamp': '0:13:56'}, {'title': '46. MISRYluvsCOMPNY', 'timestamp': '0:14:11'}, {'title': '47. u/Glad-Welder1733', 'timestamp': '0:14:31'}, {'title': '48. Nedrick', 'timestamp': '0:14:50'}, {'title': '49. GapBasher', 'timestamp': '0:15:10'}, {'title': '50. angel estevez jr', 'timestamp': '0:15:25'}, {'title': '51. OneMic', 'timestamp': '0:15:48'}, {'title': '52. Lenard Hope', 'timestamp': '0:16:17'}, {'title': '53. u/wisco_ITguy', 'timestamp': '0:16:34'}, {'title': '54. Gavin', 'timestamp': '0:17:02'}, {'title': '55. Diana Myers', 'timestamp': '0:17:22'}, {'title': '56. Anonymous', 'timestamp': '0:17:38'}, {'title': '57. Anonymous', 'timestamp': '0:17:53'}, {'title': '58. Mr.Flamingo79', 'timestamp': '0:18:03'}, {'title': '59. Mark V', 'timestamp': '0:18:18'}, {'title': '60. angel estevez jr', 'timestamp': '0:18:47'}, {'title': '61. Anonymous', 'timestamp': '0:20:13'}, {'title': '62. Anonymous', 'timestamp': '0:20:30'}, {'title': '63. Outro', 'timestamp': '0:20:49'}]",49,04092026
258,RY4HS7gmOfU,INSANE CAR CRASHES COMPILATION  || Best of USA & Canada Accidents - part 35,18052025,UCnetiRHPnIMBCm-yY4m69qA,724333,🛑 Submit your clips: https://forms.gle/gyoznmQ9vXe8GCcXA  ⚫Looking for a dashcam for your car? We recommend VIOFO: A229 PRO 4K ▶ https://amzn.to/3W2Lnzi  (5% off promo code: dash4K229Pro) VS1 2K ▶https://amzn.to/3W85Xyo  (5% off promo code: dashVS1cam)  ⚫ Contact me at dashcamlessons@gmail.com  ⚫ Links to the original videos:  1. u/BkEnigma  2. gophers  3. viper blah - https://youtu.be/nadufNF7AXk --- Wreck at 92  4. u/xLAXaholic  5. u/CaliSignGuy  6. Hardline Performance  7. Brandon Mullins - https://youtu.be/qtvv-JZ1yEM --- Car accident  8. Andrew tv - https://youtu.be/mYd0O38_LZE --- Car crash in ups truck  9. u/Strong Sherbet237  10. Abbot McC - https://youtu.be/frTCjBBAT0I  11. Jbushey  12. Pickles  - https://youtu.be/Ban6UNoV6Lg --- Hit And Run  13. Friant Roulette - https://youtu.be/c20gmfVoJ3g --- Red Light Runner  14. Anonymous  15. u/migalooch1414  16. Sean M  17. Rick  18. Raz Kimbo  19. u/Synxltax  20. u/TechnicalAsk3488  21. u/DestinyGundam94  22. vasttt - https://youtu.be/HwTBsMSERGI --- HIGHWAY SIGN FALLS  23. Moses  24. 783 Meeting Street - https://youtu.be/IiKirZaiDPc --- Accident   25. 783 Meeting Street - https://youtu.be/ML8RTijZDvA --- Accident   26. Anonymous  27. II dank II  28. darrel williams - https://youtu.be/Ohr65B9VcBM --- car wreck  29. u/baldengineer  30. stellaris  31. Anonymous  32. Roy Smith - https://youtu.be/GrrQECAMFcY --- Idiot totals  33. EN869 - https://youtu.be/NYTQYCULKDs --- Car Crash  34. u/tikman13  35. fsinthechat57  36. Mike Valencia - https://youtu.be/24jYzcplRV4 --- Dash Cam  37. alexa_starlightt  38. Neil White - https://youtu.be/-oncmCJbDg0 --- Monterey Park hit-and-run  39. SUBARUWRC555Jiffy - https://youtu.be/XmtPWNO01rU --- DASH CAM HIT  40. Kuba Tyszko - https://youtu.be/r8XixTxD6oY --- Tesla MY  41. Rustmouse  42. Anonymous  43. Dash Cam Videos Canada - https://youtu.be/bDp2fywmIqY --- Dashcam  44. u/Oreo-from-92nd  45. u/Jedorawr  46. khagerty46  47. JENZDAD  48. Bklyn_Nikoloz  49. xSupaD - https://youtu.be/X6RKEhLO5ik --- Impatient Driver Causes Collision instant karma  50. ATX Alli   51. Anonymous  52. Max A.  53. SupadupaK  54. Hollowatom  55. u/Speedy-McLeadfoot  56. Cooper Neir   57. u/TheLimeyCanuck  58. The Left Lane Enforcer - https://youtu.be/IvbXFiO46SA --- Red WRX crash.  59. ENRAPT - https://youtu.be/1P-ldPT4jW0 --- Hit and Run  60. Mad Pixie Punk - https://youtu.be/qcrqxKuZbc8 --- Little road rage.  ⚫ My socials: Instagram: https://www.instagram.com/dashcamlessons/ TikTok: https://www.tiktok.com/@dashcamlessons Facebook: https://www.facebook.com/dashcamlessons  ⚫ Intro song: My Country - Ben Bostick,[],48,04092026
259,qNoClRsrEWM,BEST OF CAR CRASHES COMPILATION | USA & CANADA - 21,01022025,UCKIrZr7WuPFgFy7OfkAuHOw,418691,"In this ""Best of Car Crash Compilation"", you will see driving fails, car crashes, semi-truck crashes caught on dashcam. All the bad drivers are from America & Canada.  ✪ Submit your Dashcam video for the feature here: https://forms.gle/FnavwQg5WwkNkS6r8 Or sent to Email: megadrivingschoolyt@gmail.com  Got an Issue? Email me: megadrivingschoolyt@gmail.com  #carcrash #cars #drivingfails",[],44,04092026
260,HO2_Qs6aLvM,"INSANE CAR CRASHES USA & Canada  | BEST OF Accidents, Road Rage, Bad Drivers, Brake Checks 2023",08072023,UCnetiRHPnIMBCm-yY4m69qA,1818171,"🛑 Submit your clips: https://forms.gle/7LKzTdvHwnmZmZ439 ⚫ Contact me at dashcamlessons@gmail.com  ⚫ Links to the original videos:  1. Friant Roulette - https://youtu.be/hhXJkZUGb0k --- Nissan Altima Runs Red Light Crashing Into Dodge Ram ( Fresno CA )  2. u/EndlessColor -  --- First major accident ever. Driver said he was hoping that I would see him and swerve out of the way. RIP Elantra  3. Anonymous  4. u/Higher2288 -  --- Crazy red light runner in Jersey. Barely missed driver’s side door. (Loud reaction) ( Jersey )  5. Anonymous  6. Luis Morales - https://youtu.be/QMrhoWcP-K4 --- 1-1-23 Car Accident in Houston IH 59 ( Houston IH-59 )  7. Curtis M - https://youtu.be/69CPIJdOAmI --- T-boned in Coquitlam.  8. u/Coolmatt111 -  --- Merry Christmas to me! Thankfully I was able to walk out of the car with minor injuries and am sitting by the fire. Thankful that I’m still alive. (  )   9. Frank the Geographer - https://youtu.be/2wfVI_ZwIk4 --- Car Crash - December 19, 2022 ( Los Angeles, CA )   10. ProjectBaggedRice on IG -  ---  (  )  11. u/bstyledevi -  --- Speeding down the highway early in the morning into a pirouette (  )  12. Adam Duncan -  ---  ( West Portsmouth, Ohio )   13. El Danny - https://youtu.be/6JQ1InlpJYE --- Dodge challenger stupidity causes car accident ( Phoenix, AZ )  14. Neato_Noah - https://youtu.be/qRlKmOqvw2c --- Hit and Run Accident ( Kent, WA )  15. u/dogthatkills -  ---  Got pit maneuvered on ice unintentionally  (  )   16. u/myoppositeaccount -  --- Dash cam footage from my father who was just trying to get home from work (  )  17. Jack Jack -  ---  ( St George )   18. Anonymous  19. jasdjensen - https://youtu.be/XIwVsznogUU --- SR73 car pulls out and gets t-boned  20. Anonymous  21. u/Keystone_Law -  --- No injuries, but they got an early Christmas present in humility. ( I-79, N Pittsburgh. )  22. Uber Loser MT - https://youtu.be/I6UyuAPRWJE --- Jeep meets Jeep - Rear Ended on S 27th St   23. Curt Toomey - https://youtu.be/ulZyoMIFG1E --- Tesla driver causes accident ( on the interstate 10 FWY )   24. Blue:)  -  ---  ( Will County, Illinois )   25. Diego  -  ---  ( Texas  )  26. TOV - https://youtu.be/i9tmnt2c5G4 --- stop sign accident (  )   27. Lovely Spiritual - https://youtu.be/jLrafkqpk4I --- Car Accident Sep 20 2022 (  )   28. Winchester Model70 - https://youtu.be/SueKomfjtCY --- Garmin 66W catches collision ( Fort Smith Arkansas )   29. @Richardrickards  -  --- 2022 Summary. You just cant make this stuff up. (  )  30. Anonymous  31. u/Hefty_Elderberry1992 -  --- He admitted fault, then lied to his insurance company  32. TKW - https://youtu.be/q_zMg2NTQ2g --- hit and run ( Columbia TN )   33. u/Gman2k4 -  --- Another accident same intersection (  )   34. CrankyApes -  ---  ( Marshall, TX )  35. Bud -  ---  ( Janesville, WI )   36. LONGERDONGER - https://youtu.be/zUvSKIJrAn4 --- CAR CRASH ( Utah )  37. Anonymous  38. R O -  ---  ( Potomac, MD )  39. Z. Fisher -  ---  ( Rockaway, NJ )  40. Anonymous  41. Sam -  --- Car runs red light into me ( Cambridge ON )   42. Wendy - https://youtu.be/FBHwLZpr9gs --- Accident October 21 2022   43. Robert Riddell - https://youtu.be/U6wA8GWqpwM --- Bad Drivers: Fenton, MO (1-9-23) ( FENTON )  44. Jesal Patel - https://youtu.be/BU8XeHA8WLQ --- Dash cam video- Rear ended ( Brampton Ontario )  45. Erin -  ---  ( Glenolden, PA )   46. u/Squshme -  --- Failing to look for oncoming vehicles when turning against traffic   47. Peter Savichev - https://youtu.be/-YHYeB5BTpg --- Car accident ( between Chicago and Indianapolis )   ⚫ My socials: Instagram: https://www.instagram.com/dashcamlessons/ TikTok: https://www.tiktok.com/@dashcamlessons Facebook: https://www.facebook.com/dashcamlessons  ⚫ Intro song: My Country - Ben Bostick",[],43,04092026
261,OP5QqFtgiWg,Indonesian Car Crash Compilation #2 Dash Cam Owners Indonesia,31072025,UCcQ5IHT8kmbN2C4fG4Y1b6g,142770,If you have Video/Photo please send email at dashcamownersindonesia3@gmail.com for file above 25MB can use Dropbox/Google Drive  Submit your video  https://docs.google.com/forms/d/e/1FAIpQLSdDjA7UWQ4ex63NEaGgc0Fgfy8DaDTQys1KxK81YYC5T_qbiQ/viewform?c=0&w=1 Facebook Groups:  https://www.facebook.com/groups/1963229320363386 Instagram:  https://www.instagram.com/dashcam_owners_indonesia/,[],41,04092026
262,gm_aYteljOg,BEST OF CAR CRASHES COMPILATION | USA & CANADA - 42,25102025,UCKIrZr7WuPFgFy7OfkAuHOw,63271,"In this ""Best of Car Crash Compilation"", you will see driving fails, car crashes, semi-truck crashes caught on dashcam. All the bad drivers are from America & Canada.  ✪ Submit your Dashcam video for the feature here: https://forms.gle/FnavwQg5WwkNkS6r8 Or sent to Email: megadrivingschoolyt@gmail.com  Got an Issue? Email me: megadrivingschoolyt@gmail.com  #carcrash #cars #drivingfails",[],40,04092026
263,LftyxNZ5qLw,A large compilation of car accidents. Most talked-about traffic incidents for June 2026,02072026,UCe4lFDUEDNv-Thnr8gRQRZw,329499,#ДТП снятые на видеорегистратор. Самые обсуждаемые дорожные происшествия за июнь 2026  Поддержать канал!  Сбербанк: 2202206832162106 Tinkoff: 5536913957305887 Райффайзен: 2200300135204756  Прислать видео для выпуска можно на:  Почту: 1russiancrash@gmail.com Самый удобный способ: https://forms.gle/hovYQkEnZEFEoMzz8  Группа VK: https://vk.com/russiancrash Канал в Telegram: https://t.me/russiancrash Канал RuTube: https://rutube.ru/channel/23692224/,[],40,04092026
264,7yr0L_CAeF8,INSANE CAR CRASHES COMPILATION  | BEST OF USA & Canada Accidents and Bad Drivers       2023,19082023,UCnetiRHPnIMBCm-yY4m69qA,358253,"🛑 Submit your clips: https://forms.gle/7LKzTdvHwnmZmZ439 ⚫ Contact me at dashcamlessons@gmail.com  ⚫ Links to the original videos:   1. kelpo -  --- car accident ( Brooklyn )   2. Jambreaker - https://youtu.be/k8-LRd1LHo8 --- Car run red light - Terrible accident - Anne Arundel County, Maryland ( County, Maryland )  3. Wes - https://youtu.be/R-HRylp0pm8 --- 2022 1012 150008 886 ( Gainesville, VA )  4. Lia -  ---  ( Saint Johns, FL )  5. Diabloein -  ---  ( Hammond, IN )   6. Mirannda T. -  ---  ( Little Rock, AR )  7. Mofid Samara - https://youtu.be/GXgS6SwOTDI --- Car crash ( Halifax NS )   8. ZANI -  ---  ( Mississauga, ON )  9. Ruffi - https://youtu.be/HswKSvAmSUM ---  ( Chicago, IL )  10. UT Car Reviews - https://youtu.be/tDdN193JBcw --- Car Accident- Red Light Runner ( American Fork, Utah )  11. Anonymous  12. NYididntCnothin - https://youtu.be/9jPw8BGogEs --- Belt Parkway Hit and Run   13. Anonymous  14. Liz -  ---  ( Northglenn, CO )  15. u/racoonattack -  --- Shame I don't have a rear camera, but the front facing one... (  )  16. Anonymous  17. u/lemonaidan24 -  --- Average drive in the Midwest winter ( 169 south, just before Canterbury MN )   18. Nike and Aiza  19. Anonymous  20. Christopher Coe - https://youtu.be/aV2K8xZvJBQ --- [Car Accident] Dash Cam Front View #1 --- 2023 01 29 233512 E A ( Buena Park, CA )  21. THE CANADIAN DIRT DIGGER - https://youtu.be/RmnBZ9S9lrQ --- Today i @*ucked up (  )  22. @LasVegasTheOne -  --- Accident (  )   23. Anonymous  24. u/schwifty_48 -  --- Distracted driver probably texting NYC George Washington Bridge (  )   25. u/911singer -  --- I was one of the idiots this time. ( Bellevue, WA )  26. rolloutthebarrel - https://youtu.be/V-znqU2lbso --- Genesis G80 accident - December 2020  27. Joshua Bates - https://youtu.be/yMAJ-HgYsYA --- Four days after I bought my first dash cam  28. Anonymous  29. 8x10proofs - https://youtu.be/_8XV3qy6zyk --- Red Light Runner Wrecks New Car ( Reno, NV )   30. u/rdawdy7691 -  --- ­Ъци  31. Dash Camer - https://youtu.be/5FFgLWq-qJ4 --- CAR CRASH CLEVELAND TN (12-30-22) ( CLEVELAND, TN )  32. Jonathan Hernandez - https://youtu.be/l8pFljgTqR4 --- car crash on my way to work ( Maywood, California )  33. UnitedStatesOfCoffee - https://youtu.be/sHj8jRH9-uQ --- San Antonio Car Crash; Pedestrian Hit By Debris ( San Antonio )  34. steve tupling - https://youtu.be/AFWtKKaveIM --- February 6, 2023 (  )  35. Philip Wahlbom - https://youtu.be/TeszifpHrI8 --- Could have been much worse ( out of Mt Pleasant, PA )   36. Whiplash Wolf -  ---  ( Spanish Fort/ Alabama )  37. Garry from Hillsborough NJ -  ---  ( Bridgewater  New Jersey  )   38. u/Useful-Front8312 -  --- Hit & Run in near Denton, TX! ( Denton, TX )  39. Rob R.  -  ---  ( Buffalo NY )  40. Allan H -  ---  ( Hamilton Ontario )  41. BLU3 GH057 - https://youtu.be/E3aofV_7HhU --- some people really don't like being passed  42. Abel Perez - https://youtu.be/cKOqXPohBRM --- Car Crash Due to Red Light Runner (  )  43. Element604 - https://youtu.be/Ihd9-XakjXM --- Backed Into Me And Claimed I Hit Him - Burnaby BC  44. Anthony -  ---  ( Knoxvilel, TN )   45. ClaireBere - https://youtu.be/ofUPBTQYGhM --- Adventures in Texas Winter Driving! (  )   46. treybrad - https://youtu.be/N7YCu-iKjMA --- Dash Cam - Car Wreck, Hit and Run - 02/09/23 07:40 AM - Dessau @ E Braker (  )  47. PEI Dashcam - https://youtu.be/jNzLSUJBl3g --- Dashcam 2019-07-07 Rear Ended!  48. NellyNell -  ---  ( Richmond, VA )   49. SS_Samus - https://youtu.be/0ZmI1K31P-Q --- Feb 2, 2023 Sideswipe (  )  50. YoloMoFo Production - https://youtu.be/zM28iAO21mo --- This Amazon Driver DESTROYED My Tundra Truck ( New York )    ⚫ My socials: Instagram: https://www.instagram.com/dashcamlessons/ TikTok: https://www.tiktok.com/@dashcamlessons Facebook: https://www.facebook.com/dashcamlessons  ⚫ Intro song: My Country - Ben Bostick",[],40,04092026
265,HFaP41LrRwc,BEST OF TEXAS DRIVERS |  20 Minutes of Road Rage & Bad Drivers |  PART 6,24052025,UCnetiRHPnIMBCm-yY4m69qA,327874,🛑 Submit your clips: https://forms.gle/gyoznmQ9vXe8GCcXA  ⚫Looking for a dashcam for your car? We recommend VIOFO: A229 PRO 4K ▶ https://amzn.to/3W2Lnzi  (5% off promo code: dash4K229Pro) VS1 2K ▶https://amzn.to/3W85Xyo  (5% off promo code: dashVS1cam)  ⚫ Contact me at dashcamlessons@gmail.com  ⚫ Links to the original videos:  1. Exavier Blanchard - https://youtu.be/Cf5BsgQdpvM --- Kia Causes Wreck  2. Shally  3.  Bad Drivers of North Texas - https://youtu.be/sVZGhNoRAQo --- Turning accident  4. jessie gomez - https://youtu.be/NDDvxq28FJ4 --- Car crash  5. austinsoundguy  6. Skidmark_Steve15  7. Bryan Skyline - https://youtu.be/1wKocINElCM --- Dash Cam Fail  8. Rez2022  9. u/Drthugnugs  10. Casey  11. jussin5150   12. UncleMel - https://youtu.be/kZs4K7Ac2w0 --- Hit and run  13. u/BiTurbo318  14. TexTom1981  15. Hank Dromont - https://youtu.be/CnL-EA898LM --- Texas Road Rage  16. TOP driver   17. CK  18. Arthur  19. Kemper Morrow - https://youtu.be/Pp0eRpJ6NTs --- wreck  20. Kristen  21. PaulVSr  22. Highflyer  23. DetektiveKevo  24. Cayden  25. u/Striking-Pop-370  26. Matthew M  27. Andy A  28. Cubby  29. Red Car Dashcam - https://youtu.be/9oEE2O8cB58   30. kapel - https://youtu.be/PcI1QtYvRso --- Accident dash cam  31. Wheelerville - https://youtu.be/PGdVcd8_v4M --- crash  32. u/crazyjesus06  33. Joe Bains - https://youtu.be/zblxytFX1eM --- Road Rage  34. Antonio A  35. Go Diego's Drones  36. zepcono1 - https://youtu.be/bFCnEv2blkQ --- Bone Head Driver  37. Athos Tau - https://youtu.be/CavMJunRdyg --- Attempted  38. NiNi Z  39. Rich Tuz - https://youtu.be/Uw5KUODPz7U  40. bdlyle  41. AzDome_Mazda  42. Jack L  43. u/memeNOTavailable  44. Anonymous  45. FFPSS`  46. Anonymous  47. Texas Drivers  48. G-Town Wars - https://youtu.be/X9HuHAobHqw --- AGL Truck Driver Road Rage   49. Moses  50. Anonymous  51. Eg0re1980  52. KC  53. John  54. Ka0z  55. u/hypespud  56. Diet__Water   57. KC  58. Ozaro  59. The Dude RC - https://youtu.be/Q-VRuS61hTg  60. Anonymous  61. FuSpo Dashcam - https://youtu.be/__BrEpUU4-A --- Both backing  62. Waiyaki  ⚫ My socials: Instagram: https://www.instagram.com/dashcamlessons/ TikTok: https://www.tiktok.com/@dashcamlessons Facebook: https://www.facebook.com/dashcamlessons  ⚫ Intro song: My Country - Ben Bostick,[],39,04092026
266,0eK3-HDNvG4,INSANE CAR CRASHES COMPILATION  || Best of USA & Canada Accidents - part 38,27072025,UCnetiRHPnIMBCm-yY4m69qA,645131,🛑 Submit your clips: https://forms.gle/gyoznmQ9vXe8GCcXA  ⚫Looking for a dashcam for your car? We recommend VIOFO: A229 PRO 4K ▶ https://amzn.to/3W2Lnzi  (5% off promo code: dash4K229Pro) VS1 2K ▶https://amzn.to/3W85Xyo  (5% off promo code: dashVS1cam)  ⚫ Contact me at dashcamlessons@gmail.com  ⚫ Links to the original videos:  1. Rickster16  2. Natalie T.  3. SJ - https://youtu.be/sUZnt0PLvAs ---  Car Accident  4. Kalamazoo County Sheriff's Office  5. AdventureTimeWithKids - https://youtu.be/DvYxrybnZ60   6. Anthony Kehoe - https://youtu.be/9b5jpiw_cbY --- accident  7. u/dudebroperson  8. Nicola Il-Mio-Re - https://youtu.be/3a4i4rpR1GM --- Rear Camera  9. Archer Arce - https://youtu.be/vN5q-nXBxhM --- Rear Ended  10. u/itnnetwork  11. u/undisclosed-identity  12. u/MapleGleam  13. Doing It Wrong dashcam - https://youtu.be/K_TZN06rNYg --- T-bone crash    14. ohiO6God  15. u/empiricalpepper  16. GrowingMoss  17. u/PatrickGSR94  18. u/brownieseats  19. Thirdy P  20. gforever - https://youtu.be/_-qVRkRmSMA --- TBone Crash  21. Ryftor - https://youtu.be/c_WoOA8i728 --- 3 Cars Crash  22. Anonymous  23. Anonymous  24. Pape  25. A Sommer - https://youtu.be/AW1YHlgYWBE --- GMC 3500  26. a non y mouse  27. Kenny Foor - https://youtu.be/oid257yWCY4 --- Crash   28. MotorSubducedTelevision - https://youtu.be/DKKRMwIdv5Y --- Hidden files  29. Pamela  30. Cara H  31. veganbhops  32. Pavlo Shchegol - https://youtu.be/0YTwwIRWhyA --- Dashcam collision  33. Harvey McCloud  34. Replux  36. CCook08  37. Kat H  38. Trini48220 - https://youtu.be/gGQzr0hRtfg --- Staged Accident  39. u/Evondon  40. DIYiCrash - https://youtu.be/2Vpwa_-o5u0 --- Hit and Run  41. Bramshonen  42. ducky88  43. u/nine4forever  44. Silverwrx06  45. Pape T.  46. Silverwrx06  47. Kenneth  48. u/MyRealIngIngAcc  49. u/gcz1214  50. Anonymous  51. Ehtesham Showmo - https://youtu.be/ECd_g0L9je4 --- Accident  52. Bheese Witamoneysign - https://youtu.be/mcm8IWuZbV8  53. Anonymous  54. bdoo - https://youtu.be/Iw5wqKabYFI --- I was the idiot.  55. Dmc1479 - https://youtu.be/LCdSMS2hnmk --- Dash cam car crash  56. Steve  57. Bad Drivers of Ohio - https://youtu.be/U518N4tFplc   58. Kelly Jo  59. Estnich     ⚫ My socials: Instagram: https://www.instagram.com/dashcamlessons/ TikTok: https://www.tiktok.com/@dashcamlessons Facebook: https://www.facebook.com/dashcamlessons  ⚫ Intro song: My Country - Ben Bostick,[],39,04092026
267,e76y3jSxTNM,BEST OF CAR CRASHES COMPILATION | USA & CANADA - 25,11052025,UCKIrZr7WuPFgFy7OfkAuHOw,162743,"In this ""Best of Car Crash Compilation"", you will see driving fails, car crashes, semi-truck crashes caught on dashcam. All the bad drivers are from America & Canada.  ✪ Submit your Dashcam video for the feature here: https://forms.gle/FnavwQg5WwkNkS6r8 Or sent to Email: megadrivingschoolyt@gmail.com  Got an Issue? Email me: megadrivingschoolyt@gmail.com  #carcrash #cars #drivingfails",[],39,04092026
268,x5uWFl_NQ4s,BEST OF CALIFORNIA DRIVERS  |  20 Minutes of Dashcam Videos  | PART 12,23082026,UCnetiRHPnIMBCm-yY4m69qA,196885,🛑 Submit your clips: https://dashcamlessons.com/  ⚫Looking for a dashcam for your car? We recommend VIOFO: A229 Pro: https://amzn.to/3W2Lnzi (5% off discount code: DLSA229P ) A119M Pro: https://amzn.to/4scZvE9 (5% off discount code: DLS119MP )  ⚫ Contact me at dashcamlessons@gmail.com  ⚫ Links to the original videos:  1. TJ 2. IRmods Services - https://youtu.be/6XkclU1Efro 3. u/Bikebulb33 4. Michael Sprouse - https://youtu.be/GU2zH4a2k5s 5. u/Available-Chip3550 6. Jason Volken - https://youtu.be/J9nAlIYc0XA 7. sometimesicry - https://youtu.be/SMNXLNBNYzU 8. sebbrand 9. Aydin 10. u/Ludis_Talks 11. SubuRabbit 12. Anonymous 13. carfiles33 - https://youtu.be/a9ZS_QjFoIU 14. u/intraepid 15. Anonymous 16. u/Different-Biscotti-3 17. u/P1umbersCrack 18. Anonymous 19. u/ve4edj 20. u/ElectricalRun6715 21. Mike World and Technology - https://youtu.be/yFBIBdqX6H4 22. Mike World and Technology - https://youtu.be/YaQjS9smO2c 23. Mike World and Technology - https://youtu.be/q7dGRBaPEyc 24. Mike World and Technology - https://youtu.be/yEBAu3aC-1o 25. Mike World and Technology - https://youtu.be/A2X9-kHJ3Ik 26. Mike World and Technology - https://youtu.be/BKs7SuMYEMg 27. Robert Lau (MochaChin) - https://youtu.be/pUUxjfKCZrY 28. u/starsblink 29. Stuart Thompson - https://youtu.be/1OyjftJ1Qfg 30. Friant Roulette - https://youtu.be/kWLLVVtrwIY 31. BG 32. cln0919 33. MF Bread 34. u/sabresb 35. Anonymous 36. u/reignshadow 37. amphion27 - https://youtu.be/7F1-_Xw63XE 38. u/ssppiiccyyttuunnaa 39. nugget 40. Lando 41. Iaroslav Nagikh - https://youtu.be/Hqehg0-gusA 42. 08fg2 43. Anonymous3 44. Dillon - https://youtu.be/55NDgfqfYoc 45. David J 46. ErnSD 47. jesterlyfool 48. u/matthew9811 49. STANFORDBONILLA 50. Sergey 51. SneakySS 52. Ventura Vance 53. Enrique Mendoza - https://youtu.be/q6v3fQOzg5U 54. u/Tiberius_Jim 55. Danielle 56. 118 57. SanteeTom 58. TL 59. Aumbomb 60. u/ScatpackRich 61. Josue Ramírez 62. Wesley 63. u/Blueberrydream336 64. Mason 65. Anonymous3 66. Anonymous3 67. IRmods Services - https://youtu.be/6XkclU1Efro 68. carfiles33 - https://youtu.be/a9ZS_QjFoIU 69. busta 70. Anonymous  ----- YouTube Video Chapters ----- [00:00] - 1. TJ [00:17] - 2. IRmods Services [00:32] - 3. u/Bikebulb33 [01:04] - 4. Michael Sprouse [01:29] - 5. u/Available-Chip3550 [02:15] - 6. Jason Volken [02:30] - 7. sometimesicry [02:58] - 8. sebbrand [03:47] - 9. Aydin [04:02] - 10. u/Ludis_Talks [04:20] - 11. SubuRabbit [04:34] - 12. Anonymous [04:59] - 13. carfiles33 [05:25] - 14. u/intraepid [05:39] - 15. Anonymous [05:51] - 16. u/Different-Biscotti-3 [06:06] - 17. u/P1umbersCrack [06:20] - 18. Anonymous [06:34] - 19. u/ve4edj [06:47] - 20. u/ElectricalRun6715 [06:57] - 21. Mike World and Technology [07:31] - 22. Mike World and Technology [08:03] - 23. Mike World and Technology [08:15] - 24. Mike World and Technology [08:25] - 25. Mike World and Technology [08:39] - 26. Mike World and Technology [08:50] - 27. Robert Lau (MochaChin) [09:06] - 28. u/starsblink [09:21] - 29. Stuart Thompson [09:33] - 30. Friant Roulette [09:51] - 31. BG [10:10] - 32. cln0919 [10:38] - 33. MF Bread [10:52] - 34. u/sabresb [11:01] - 35. Anonymous [11:16] - 36. u/reignshadow [11:28] - 37. amphion27 [11:39] - 38. u/ssppiiccyyttuunnaa [12:08] - 39. nugget [12:41] - 40. Lando [12:58] - 41. Iaroslav Nagikh [13:14] - 42. 08fg2 [13:32] - 43. Anonymous3 [13:54] - 44. Dillon [14:05] - 45. David J [14:17] - 46. ErnSD [14:30] - 47. jesterlyfool [14:49] - 48. u/matthew9811 [15:09] - 49. STANFORDBONILLA [15:26] - 50. Sergey [15:47] - 51. SneakySS [16:14] - 52. Ventura Vance [16:29] - 53. Enrique Mendoza [16:42] - 54. u/Tiberius_Jim [17:01] - 55. Danielle [17:21] - 56. 118 [17:38] - 57. SanteeTom [17:49] - 58. TL [18:05] - 59. Aumbomb [18:23] - 60. u/ScatpackRich [18:46] - 61. Josue Ramírez [18:58] - 62. Wesley [19:19] - 63. u/Blueberrydream336 [19:43] - 64. Mason [19:59] - 65. Anonymous3 [20:16] - 66. Anonymous3 [20:26] - 67. IRmods Services [20:44] - 68. carfiles33 [20:58] - 69. busta [21:11] - 70. Anonymous [21:22] - Outro   ⚫ My socials: Instagram: https://www.instagram.com/dashcamlessons/ TikTok: https://www.tiktok.com/@dashcamlessons Facebook: https://www.facebook.com/dashcamlessons  ⚫ Intro song: My Country - Ben Bostick,"[{'title': '1. TJ', 'timestamp': '0:00:00'}, {'title': '2. IRmods Services', 'timestamp': '0:00:17'}, {'title': '3. u/Bikebulb33', 'timestamp': '0:00:32'}, {'title': '4. Michael Sprouse', 'timestamp': '0:01:04'}, {'title': '5. u/Available-Chip3550', 'timestamp': '0:01:29'}, {'title': '6. Jason Volken', 'timestamp': '0:02:15'}, {'title': '7. sometimesicry', 'timestamp': '0:02:30'}, {'title': '8. sebbrand', 'timestamp': '0:02:58'}, {'title': '9. Aydin', 'timestamp': '0:03:47'}, {'title': '10. u/Ludis_Talks', 'timestamp': '0:04:02'}, {'title': '11. SubuRabbit', 'timestamp': '0:04:20'}, {'title': '12. Anonymous', 'timestamp': '0:04:34'}, {'title': '13. carfiles33', 'timestamp': '0:04:59'}, {'title': '14. u/intraepid', 'timestamp': '0:05:25'}, {'title': '15. Anonymous', 'timestamp': '0:05:39'}, {'title': '16. u/Different-Biscotti-3', 'timestamp': '0:05:51'}, {'title': '17. u/P1umbersCrack', 'timestamp': '0:06:06'}, {'title': '18. Anonymous', 'timestamp': '0:06:20'}, {'title': '19. u/ve4edj', 'timestamp': '0:06:34'}, {'title': '20. u/ElectricalRun6715', 'timestamp': '0:06:47'}, {'title': '21. Mike World and Technology', 'timestamp': '0:06:57'}, {'title': '22. Mike World and Technology', 'timestamp': '0:07:31'}, {'title': '23. Mike World and Technology', 'timestamp': '0:08:03'}, {'title': '24. Mike World and Technology', 'timestamp': '0:08:15'}, {'title': '25. Mike World and Technology', 'timestamp': '0:08:25'}, {'title': '26. Mike World and Technology', 'timestamp': '0:08:39'}, {'title': '27. Robert Lau (MochaChin)', 'timestamp': '0:08:50'}, {'title': '28. u/starsblink', 'timestamp': '0:09:06'}, {'title': '29. Stuart Thompson', 'timestamp': '0:09:21'}, {'title': '30. Friant Roulette', 'timestamp': '0:09:33'}, {'title': '31. BG', 'timestamp': '0:09:51'}, {'title': '32. cln0919', 'timestamp': '0:10:10'}, {'title': '33. MF Bread', 'timestamp': '0:10:38'}, {'title': '34. u/sabresb', 'timestamp': '0:10:52'}, {'title': '35. Anonymous', 'timestamp': '0:11:01'}, {'title': '36. u/reignshadow', 'timestamp': '0:11:16'}, {'title': '37. amphion27', 'timestamp': '0:11:28'}, {'title': '38. u/ssppiiccyyttuunnaa', 'timestamp': '0:11:39'}, {'title': '39. nugget', 'timestamp': '0:12:08'}, {'title': '40. Lando', 'timestamp': '0:12:41'}, {'title': '41. Iaroslav Nagikh', 'timestamp': '0:12:58'}, {'title': '42. 08fg2', 'timestamp': '0:13:14'}, {'title': '43. Anonymous3', 'timestamp': '0:13:32'}, {'title': '44. Dillon', 'timestamp': '0:13:54'}, {'title': '45. David J', 'timestamp': '0:14:05'}, {'title': '46. ErnSD', 'timestamp': '0:14:17'}, {'title': '47. jesterlyfool', 'timestamp': '0:14:30'}, {'title': '48. u/matthew9811', 'timestamp': '0:14:49'}, {'title': '49. STANFORDBONILLA', 'timestamp': '0:15:09'}, {'title': '50. Sergey', 'timestamp': '0:15:26'}, {'title': '51. SneakySS', 'timestamp': '0:15:47'}, {'title': '52. Ventura Vance', 'timestamp': '0:16:14'}, {'title': '53. Enrique Mendoza', 'timestamp': '0:16:29'}, {'title': '54. u/Tiberius_Jim', 'timestamp': '0:16:42'}, {'title': '55. Danielle', 'timestamp': '0:17:01'}, {'title': '56. 118', 'timestamp': '0:17:21'}, {'title': '57. SanteeTom', 'timestamp': '0:17:38'}, {'title': '58. TL', 'timestamp': '0:17:49'}, {'title': '59. Aumbomb', 'timestamp': '0:18:05'}, {'title': '60. u/ScatpackRich', 'timestamp': '0:18:23'}, {'title': '61. Josue Ramírez', 'timestamp': '0:18:46'}, {'title': '62. Wesley', 'timestamp': '0:18:58'}, {'title': '63. u/Blueberrydream336', 'timestamp': '0:19:19'}, {'title': '64. Mason', 'timestamp': '0:19:43'}, {'title': '65. Anonymous3', 'timestamp': '0:19:59'}, {'title': '66. Anonymous3', 'timestamp': '0:20:16'}, {'title': '67. IRmods Services', 'timestamp': '0:20:26'}, {'title': '68. carfiles33', 'timestamp': '0:20:44'}, {'title': '69. busta', 'timestamp': '0:20:58'}, {'title': '70. Anonymous', 'timestamp': '0:21:11'}, {'title': 'Outro', 'timestamp': '0:21:22'}]",39,04092026
269,bwtk9iSDif0,INSANE Car Crash Compilation In USA & Canada | Dashcam Lesson React,02092025,UCm-Ni8wZnzFtR92pp5LfiPg,37543,🔔Don't forget to subscribe to my channel for new upload 🔔  @MarshieVT   Follow me on  ♡ Twitch ♡ : https://www.twitch.tv/marshievt   Marshie Reacts to INSANE CAR CRASHES COMPILATION || Best of USA & Canada Accidents @DashcamLessons  Original video https://www.youtube.com/watch?v=mdOduWi8NQY  #dashcam #roadrage #reaction #carcrash,[],37,04092026
270,i8vspOgj36c,BEST OF MARYLAND DRIVERS  |  20 Minutes of Dashcam Videos  | PART 1,06102024,UCnetiRHPnIMBCm-yY4m69qA,294694,🛑 Submit your clips: https://forms.gle/gyoznmQ9vXe8GCcXA  ⚫Looking for a dashcam for your car? We recommend VIOFO: A229 PRO 4K ▶ https://amzn.to/3W2Lnzi  (5% off promo code: dash4K229Pro) VS1 2K ▶https://amzn.to/3W85Xyo  (5% off promo code: dashVS1cam)  ⚫ Contact me at dashcamlessons@gmail.com  ⚫ Links to the original videos:  1. u/freefoodpls  2. Jambreaker - https://youtu.be/k8-LRd1LHo8 --- Car run red light - Terrible accident  3. YT: odtech  4. BlessingRose  5. Kim M  6. Anonclipuploader  7. Anonymous  8. H.H Fire Productions - https://youtu.be/dkOcgzCOBCw --- MCFRS/ A753 (RA18)   9. Lyze  10. Barbs  11. Daniel Rose   12. Raj Gohil - https://youtu.be/7jdgiLjq0VQ --- Crash Video  13. Legionnaire8888 - https://youtu.be/vW5kZlwXOOg --- Driver Cuts Me Off  14. u/geojoseph4  15. u/MikeNoble91  16. @VanLoweLawnCare  17. DM Car Reviews - https://youtu.be/mdeCFp8Ujqc --- Subaru WRX Road Rage  18. Eduardo Rivera - https://youtu.be/AdgXu9QmKu8 --- Ambulance Road Rage.  19. Chank   20. R O  21. JAL Hauling & Transport - https://youtu.be/RsveRHFyEFk --- Road Rage  22. Wild Web Posts - https://youtu.be/yOZqa4Ij3TI --- Close car collision  23. MrBarberMan  24. Em  25. R O  26. Jay  27. ASAP Pest Control - https://youtu.be/LAYFAxq15a0 --- Opps she didn't look Car crash  28. Anonymous  29. MDTrash  30. MrBarberMan  31. u/udonemessedup-AA_Ron  32. Anonymous  33. Em  34. Anonymous  35. u/tami_88  36. kamran moazeni - https://youtu.be/UZ_RFqIsEx0 --- Dashcam footage  37. Reese  38. Anonymous  39. Kenny G  40. ZeroFourVee  41. CHYEA  42. Spoulos  43. u/Holdmynoodle  44. Ben W  45. Ginny  46. JZ  47. Anonymous  48. DMV CANT DRIVE  49. Anonymous  50. SlowAndSteady - https://youtu.be/sV-D69w6vP8 --- uhh... officer?  51. Anonymous  52. Anonymous  53. Anonymous  54. Ian Pitts - https://youtu.be/8RIjtjVRo6Q --- Hit and Run Incident  55.  Insane Tharapy - https://youtu.be/nGTtqS_i_5Y --- Ninja 400 commute  56. Yuan Zhang - https://youtu.be/Hdjq55z8UZQ --- Hit and Run  57. Agenterik4  58. Anonymous  59. u/pleaseadvise953  60. Anonymous  61. PlasticCargo  62. Anonymous  63. Leighton Derr - https://youtu.be/bj-89Jay7t4 --- Impatient Tailgater  ⚫ My socials: Instagram: https://www.instagram.com/dashcamlessons/ TikTok: https://www.tiktok.com/@dashcamlessons Facebook: https://www.facebook.com/dashcamlessons  ⚫ Intro song: My Country - Ben Bostick,[],37,04092026
271,ID-Unwspnfc,"BEST OF HIT AND RUNS | Idiots Getting Chased, Drivers Running After CRASH Compilation | PART 1",18012025,UCnetiRHPnIMBCm-yY4m69qA,144110,"🛑 Submit your clips: https://forms.gle/gyoznmQ9vXe8GCcXA  ⚫Looking for a dashcam for your car? We recommend VIOFO: A229 PRO 4K ▶ https://amzn.to/3W2Lnzi  (5% off promo code: dash4K229Pro) VS1 2K ▶https://amzn.to/3W85Xyo  (5% off promo code: dashVS1cam)  ⚫ Contact me at dashcamlessons@gmail.com  ⚫ Links to the original videos:  1. u/Helpful-Ear-5597  2. u/Strong_Sherbet237  3. Dirty Joe   4. Adventures With Vegas ParaNormal - https://youtu.be/1bY9cZRXINQ --- CRASH!  5. MotorSubducedTelevision - https://youtu.be/DKKRMwIdv5Y --- Hidden files  6. u/undisclosed-identity  7. Heizenblade  8. Anonymous  9. u/Smoothvirus  10. u/FrenchToastSlut  11. Gutzy  12. Anonymous  13. u/baldengineer  14. Pickles  - https://youtu.be/Ban6UNoV6Lg --- Hit And Run  15. IPCTech - https://youtu.be/rB9iCdz29PA --- Hit&Run  16. Arya nazih - https://youtu.be/KZexKahxfg8 --- hit & run  17. Mark Fiorino - https://youtu.be/jUDWfIcWz0Y --- Hit And Run  18. u/browniesweats  19. CrimeInTheD ® - https://youtu.be/UIUOTXI6Evc --- Hit and Run. 6 Mile  20. MrRraaccee - https://youtu.be/uRxToUUWpcM --- Accident  21. Not J - https://youtu.be/bg_3kCHHfEM --- Accident Video  22. Fabian Castro - https://youtu.be/eyBQdEn_XeU --- Hit and run 2022  23. Learning Curve Productions - https://youtu.be/1IvrKIXlFs4 --- Hit and Run  24. u/Evondon  25. Car Clip - https://youtu.be/GtX6JFQFulM --- Detroit Hit and Run Car Crash   26. neal pearson - https://youtu.be/S6zpFsWVxAs --- November 15, 2024   27. MrZman0004 - https://youtu.be/jUYb_pKvaCM --- Hit and Run Incident  28. Harvey McCloud  29. Avinash Muthamilselvan - https://youtu.be/2-iTHYmhBwI --- Help me identify the silver Infiniti who hit and ran  30. DIYiCrash - https://youtu.be/2Vpwa_-o5u0 --- Hit and Run  31. Rorc - https://youtu.be/oCHyDjI9fLU - bad driver  32. 血臧 W - https://youtu.be/c2YYbZ0s6Pg --- hit and run white mustang   33. Jonah  34. The Review - https://youtu.be/bY3HFnwDOkU --- hit and run command center  35. Catfish King  36. Anonymous  37. Anonymous  38. Pape T.  39. Anonymous  40. SlowAndSteady - https://youtu.be/Zfq1UKwUhXE --- getting hit and run  41. WWG273  42. jim slayton - https://youtu.be/yufXc5tlf0g --- Toyota hit-and-run  43. Michael Morningstar - https://youtu.be/1WtNaWSO35c --- Hit N Run  44. REN RENER RENERIZE - https://youtu.be/1IyJTzE122U --- Hit and Run  45. cryogenesys group LTD. - https://youtu.be/7TGYQPPI4t0 --- accident   46. Michael P   ⚫ My socials: Instagram: https://www.instagram.com/dashcamlessons/ TikTok: https://www.tiktok.com/@dashcamlessons Facebook: https://www.facebook.com/dashcamlessons  ⚫ Intro song: My Country - Ben Bostick",[],36,04092026
272,E-bxeD3umXU,BEST OF CAR CRASHES COMPILATION | USA & CANADA - 29,06062025,UCKIrZr7WuPFgFy7OfkAuHOw,485752,"In this ""Best of Car Crash Compilation"", you will see driving fails, car crashes, semi-truck crashes caught on dashcam. All the bad drivers are from America & Canada.  ✪ Submit your Dashcam video for the feature here: https://forms.gle/FnavwQg5WwkNkS6r8 Or sent to Email: megadrivingschoolyt@gmail.com  Got an Issue? Email me: megadrivingschoolyt@gmail.com  #carcrash #cars #drivingfails",[],35,04092026
273,4ucjXApb3E4,BEST OF THE MONTH | Road Rage Moments and Bad Drivers Compilation | SEPTEMBER 2025,27092025,UCnetiRHPnIMBCm-yY4m69qA,324208,🛑 Submit your clips: https://forms.gle/Z1PFpk2JrbMMuyc89  ⚫Looking for a dashcam for your car? We recommend VIOFO: A229 PRO 4K ▶ https://amzn.to/3W2Lnzi  (5% off promo code: dash4K229Pro) VS1 2K ▶https://amzn.to/3W85Xyo  (5% off promo code: dashVS1cam)  ⚫ Contact me at dashcamlessons@gmail.com  ⚫ Links to the original videos:  1. BadDriversofCharlotteCLT - https://youtu.be/4QyzpoaLaZw --- Bad Charlotte  2. u/Former-Lier  3. 615AsphaltSurfers - https://youtu.be/bkpwQcc6-Yw --- They tried to hit us  4. u/crescentallen  5. Anonymous  6. Anonymous  7. Anonymous   8. DriftReck - https://youtu.be/Dhg1ZjF1Y2w --- Roadrage  9. Oxidized Brilliance - https://youtu.be/5DrMhj2BCgU  10. Anonymous   11. Anonymous   12. swimct5  13. HacubeMehh  14. u/BlindAnDeafLifeguard  15. JettaMaster  16. u/MaximGripass  17. smoothvirus  18. u/pillzberri  19. Max  20. u/Feeling_Inside_1020  21. u/xblackbeltninjax  22. OxxzxWxzxxO - https://youtu.be/3SCcGXHR180 --- Road rage  23. Max  24. RARenfield - https://youtu.be/JI4HIUx_0o8 --- Brake check  25. u/No_Quail470  26. u/throwaway29013821903  27. KLW Ein - https://youtu.be/SbEZ_WONYHI  28. Tombah  29. Greg B  30. Matrock Adventures - https://youtu.be/bPtLqFYcmI8  31. cgxpdx - https://youtu.be/3Z_fSmhx15s  32. Morgan  33. Dan H  34. u/jtl94  35. Anonymous   36. Weirdough99  37. Anonymous   38. u/Square_Barracuda_69  39. u/the-supreme-mugwump  40. Whigfarmer - https://youtu.be/iqt6ut5NVPs --- Child driver  41. Around Toronto - https://youtu.be/zizbd9Bph9c  42.  SD - https://youtu.be/ptpJxII1III  43. u/WhoaTeejaay  44. BC's Worst Drivers - https://youtu.be/e_Hj81YzQ0E   ⚫ My socials: Instagram: https://www.instagram.com/dashcamlessons/ TikTok: https://www.tiktok.com/@dashcamlessons Facebook: https://www.facebook.com/dashcamlessons  ⚫ Intro song: My Country - Ben Bostick,[],34,04092026
274,8F1F_LfZhVQ,BEST OF GEORGIA DRIVERS  |  20 Minutes of Dashcam Videos  | PART 2,19042026,UCnetiRHPnIMBCm-yY4m69qA,86198,🛑 Submit your clips: https://dashcamlessons.com/  ⚫Looking for a dashcam for your car? We recommend VIOFO: A229 Pro: https://amzn.to/3W2Lnzi (5% off discount code: DLESSONS229 ) A119M Pro: https://amzn.to/4scZvE9 (5% off discount code: DLESSONSMP )  ⚫ Contact me at dashcamlessons@gmail.com  ⚫ Links to the original videos:  1. Logan  2. Joel Ivory Johnson - https://youtu.be/Vvn8equ8qEs  3. Clint  4. Ur bad if i  5. Jake- ATL GA  6. Jordan Metts - https://youtu.be/4w2QZQ7Lv0M  7. DJ Overspin Gaming - https://youtu.be/U_H0NewF8QU --- Road rage  8. Anonymous  9. Anonymous  10. CoolGuy69  11. Jeff Jones  12. 404 Photos - https://youtu.be/Ru5t-APwE-A  13. Razer Wolf - https://youtu.be/m7wZLK6eEoc  14. Van Ommen  15. GregFisherman  16. u/iMoneyProMax  17. u/REABRA  18. Anonymous  19. Antonio Huynata - https://youtu.be/wHb3BjwiJW4?t=17  20. Anonymous  21. Shaithis - https://youtu.be/RiDWwKZd_PI  22. Anonymous  23. u/Quantum_Nunez  24. u/Shigx  25. RockinAraxis  26. Jonathan Harris - https://youtu.be/mm4L5ID0oSo  27. Highball Productions  28. AFMajor  29. u/roids8200  30. Joseph Higley - https://youtu.be/H80dJ09sNOY --- Road rage  31. Futchy  32. Jordan Easterling  33. DarcSnefru  34. cdmak254  35. Graywolf22765  36. @2018_230i  37. Anonymous  38. Dan  39. Magnolia  40. Xsavi Xander  41. Bad Drivers of Forsyth County - https://youtu.be/816l3euTJhE  42. Futchy  43. Rollythel  44. Socom3Kamo  45. William  46. u/edsavage404  47. cdmak  48. u/drew9982  49. Ted B  50. Sierra Hires  51. Anonymous  52. Eric B  53. Mickey Mellen - https://youtu.be/JxRaLgu8G-c --- Some dash cam videos  54. u/AThrowawayProbrably  55. u/carboncorv  56. u/Kiwi15499  57. Keith  58. LoserWinning  59. MrRicks84  ⚫ My socials: Instagram: https://www.instagram.com/dashcamlessons/ TikTok: https://www.tiktok.com/@dashcamlessons Facebook: https://www.facebook.com/dashcamlessons  ⚫ Intro song: My Country - Ben Bostick,[],33,04092026
275,h_1OYBcjS0A,BEST OF CAR CRASHES COMPILATION | USA & CANADA - 37,24082025,UCKIrZr7WuPFgFy7OfkAuHOw,74170,"In this ""Best of Car Crash Compilation"", you will see driving fails, car crashes, semi-truck crashes caught on dashcam. All the bad drivers are from America & Canada.  ✪ Submit your Dashcam video for the feature here: https://forms.gle/FnavwQg5WwkNkS6r8 Or sent to Email: megadrivingschoolyt@gmail.com  Got an Issue? Email me: megadrivingschoolyt@gmail.com  #carcrash #cars #drivingfails",[],33,04092026
276,aSYSZWPjBQk,Best Of Dashcam 2025: Verkehrs-Wahnsinn in Deutschland | Dashcam Deutschland,01012026,UCzSaxPbPU1WDAmbMn8irC1g,749821,"🎬 Video Einsendungen an: clips@dashcamdeutschland.com 📸 Du möchtest eine Dashcam kaufen, weißt aber nicht welche? Unsere Kaufempfehlungen stehen weiter unten!  Falls Euch diese Folge gefallen hat, lasst uns doch gerne ein Like oder Kommentar da. Wenn Ihr nichts mehr verpassen wollt, gerne Abonnieren & Glocke aktivieren!  ❤️ Wenn Du uns unterstützen möchtest: https://youtube.com/channel/UCzSaxPbPU1WDAmbMn8irC1g/join  📥 Ihr wollt Eure Dashcam Aufnahme(n) auf unserem Kanal sehen? Schickt uns eine E-Mail an: clips@dashcamdeutschland.com - mit der Videodatei, und unter welchem Namen wir Eure Clips veröffentlichen dürfen.  💳 Unsere Dashcam Kaufempfehlungen: ✘ https://linktr.ee/dashcamdeutschland  ⏯️ Playlist mit allen Folgen: https://youtube.com/playlist?list=PLv0RO5BoRf4SI4Nyw2qsIqA2QK9Lo_1RA&si=pwUy8KiDT6EXJp4E  🌐 Social Media Kanäle: Facebook: https://www.facebook.com/dashcamdeutschland Instagram: https://www.instagram.com/dashcam_deutschland TikTok: https://www.tiktok.com/@dashcamdeutschland  🍿 Interessante Episoden: Best Of Unfälle 2024 - Schwerer Unfall, Totalschaden und dreiste Falschaussage: https://youtu.be/N6UbNDPIIS4 Best Of Nötigung 2024 - Road-Rage, Ausbremsen und Drängeln auf der Autobahn: https://youtu.be/15QL4DmfmEg ------------------------------------- Dieser Kanal dient nur zur Unterhaltung und Aufklärung. Bleibt sachlich und freundlich in den Kommentaren!  Die mit „✘“ markierten Links sind Affiliate-Links bzw. Werbelinks. Im Falle einer Kaufentscheidung kann eine Provision an uns ausgeschüttet werden. Bei einem Kauf über diese Links fallen für Dich natürlich keine Mehrkosten an. ------------------------------------- © Dashcam Deutschland 2025: Please do NOT reupload this video without our permission! ------------------------------------- #Dashcam #Germany #DashcamDeutschland",[],32,04092026
277,HHnht17uJRI,TOP 20 BIGGEST TESLA CRASHES EVER RECORDED,13042022,UCbMoDtZ6Ani-eyHzCvxeVCw,5235420,"The Top 20 biggest Tesla crashes from Wham Baam Teslacam in 2022.   Teslacam Stories is a series of Tesla owners real experiences told by the Tesla Dashcam and Sentry Mode videos. All incidents are recorded from Tesla vehicles and submitted to this channel by other Tesla enthusiast. I contact each person who send me their videos to talk with them and learn more about their story and to follow up what happened after what we see on their video. Voice over and captions are added to describe what happened, and why. I believe that this additional information regarding the incident gives the videos a newsworthy value.   ⚡Having problems with your Sentry/Teslacam videos? If you wonder why some videos have glitching and artifacting, it's due to a slow USB drive being used - like the standard Tesla USB. Teslacam writes 4 video files simultaneously and you need a faster drive that is meant to be written on constantly, and overwritten daily. For example high speed memory cards used for video cameras, or SSD drives. I always recommend the Samsung T5 SSD. It's cheap, and very reliable and you will have no artifacting: https://amzn.to/345q8SX (Amazon Affiliate link)   ⚡Submit your Teslacam or Tesla Sentry video to be featured:  https://bit.ly/2CGgR8s   ⚡Join The Teslacam Discord:  https://discord.gg/723w4JE  ⚡ Voiceover recorded and edited by Ben & Melissa Anderson of Redeemed Recordings. Find more original content at https://redeemedrecordings.com  ⚡ Check out the Wham Baam Merch:  http://whambaam.com  ⚡Become a Wham Baam Patreon to receive perks such as early access to videos, give feedback to videos or just show your support! You can join our team over at the Wham Baam Patreon: https://www.patreon.com/whambaam  ⚡ ALL VIDEOS ARE SUBMITTED TO OR FOR WHAM BAAM TESLACAM CHANNEL AND USED WITH ORIGINAL COPYRIGHT PERMISSION.  ****** Music from Epidemic Sound: https://www.epidemicsound.com/referral/fh13gq/ ******  #whambaamteslacam #tesla #autopilot",[],31,04092026
278,xPrRL6_t5Z0,BEST OF CAR CRASHES COMPILATION | USA & CANADA - 46,30112025,UCKIrZr7WuPFgFy7OfkAuHOw,81180,"In this ""Best of Car Crash Compilation"", you will see driving fails, car crashes, semi-truck crashes caught on dashcam. All the bad drivers are from America & Canada.  ✪ Submit your Dashcam video for the feature here: https://forms.gle/FnavwQg5WwkNkS6r8 Or sent to Email: megadrivingschoolyt@gmail.com  Got an Issue? Email me: megadrivingschoolyt@gmail.com  #carcrash #cars #drivingfails",[],31,04092026
279,1tPDG8JfDSM,BEST OF SEMI TRUCK CRASHES COMPILATION - 4,17072025,UCKIrZr7WuPFgFy7OfkAuHOw,185781,"In this ""Best of Semi Truck Crashes"", you will see driving fails, car crashes, trucker life and semi-truck crashes caught on dashcam. All the bad drivers are from America & Canada.  ✪ Submit your Dashcam video for the feature here: https://forms.gle/FnavwQg5WwkNkS6r8 Or sent to Email: megadrivingschoolyt@gmail.com  Got an Issue? Email me: megadrivingschoolyt@gmail.com  #semitrucks #cars #trucking",[],30,04092026
280,7xrj4C0LvjU,"Best of WINTER FAILS | Icy roads, Car Sliding Crash, Road Rage, Snow Accident Compilation YEAR 2022",29122022,UCnetiRHPnIMBCm-yY4m69qA,597446,"🛑 Submit your clips: https://forms.gle/7LKzTdvHwnmZmZ439 ⚫ Contact me at dashcamlessons@gmail.com  ⚫ Links to the original videos:  1. u/Dontworrybeefcurry -  --- I was teh idiot. 2021 - Portland. ( Portland, Oregon )  2. Anonymous  3. u/callmerussell -  --- I fcked up (  )   4. IG @GoFundMyGas -  --- Today I am the idiot, who shat himself ( Toronto )  5. u/El-Grunto -  --- 2021 trying to send me out with a bang (  )  6. Deanna Singleton - https://youtu.be/svTjfsMrwbY --- Car Spins in Ice on Interstate faces Icy River ( Clinton MT )  7. Chris -  ---  (  )  8. u/Ok_World6487 -  --- I was the idiot, went a bit too fast during the big storm in Michigan. (Only damage was cracked rim. I got really lucky)  9. Restrained Hedonist -  ---  ( Sanford, FL )  10. u/WutTheFuckIWokeUpOld -  --- I was the idiot here.   11. Todd -  --- Northern Canada. Just outside Kirkland Lake Ontario.  12. Mark - ---  (  )  13. BLR -  ---  ( Wichita County Texas )  14. Anonymous -  ---  ( Vernon Hills, IL )  15. Sternalprism  16. RT -  ---  ( Rocky Ford, CO )  17. u/GiantRussianBear_ -  --- It's me. I'm the idiot. In the car.  18. SASBAY -  ---  ( Whitehorse Yukon )  19. Milwaukee Roundabout - https://youtu.be/BlGFfdu7SFI --- Some more minor mishaps from February (  )       Milwaukee Roundabout - https://youtu.be/ZWNg_Hvs_0E --- I don't think you should drive your car if it's missing a wheel - Crash (  )      Milwaukee Roundabout - https://youtu.be/KUzyLagB9PU --- I think they got airborne twice - Crash   20. Dan -  ---  ( Monroe, WI )  21. GEHTZ - https://youtu.be/yZFKsg6Ev1I --- CAR CRASH US-23N FENTON ( Fenton, MI )  22. Ken Bartels - https://youtu.be/EzM7-G5Duws --- So this happened today  23. Ethan -  ---  ( Ontario )  24. catfishchris -  --- Impatient Pickup Pickup truck got impatient.  (  )  25. u/Hvstla -  --- Lady claimed she didn't see me coming as she drove right infront of me in a snow storm.. (  )  26. Qijie -  ---  ( Cedar Falls, Iowa )  27. A. Lawson -  ---  ( Wellington, CO )  28. Chris Kuball -  ---  ( Rochester, MN )  29. Erafact  -  ---  ( Saginaw, MI )  30. Dadrian M. -  ---  ( Torrington, CT )  31. Bryce  -  --- Dash Cam Clips ( Hillsborough, NC ) Apex, NC  32. Matthew -  ---  ( Maple Avenue, Burlington, North Carolina )  33. Bobby -  ---  ( Kitchener Ontario )  34. Milwaukee Roundabout - https://youtu.be/T7VFUwij8SY --- That poor light pole gets hit again - Crash (  )      Milwaukee Roundabout - https://youtu.be/G-sXhYpQYB8 --- Why did their trunk pop open?? - Crash ( Milwaukee WI )  35. RK -   --- USPS Truck Jumps Curb After Sliding on Ice   36. Ian Sanchez - https://youtu.be/IC7Gdvx6Hls --- Snow Day Accident at Barrie, Ontario (  )  37. MN Dashcam - https://youtu.be/VoPzpDd5Hn0 --- Cars On Ice/Chevy gets smashed over and over (  )      MN Dashcam - https://youtu.be/Ns6X5hi92po --- How does this happen? (  )  38. Nature is beautiful - https://youtu.be/RRx5o5Pfx7s --- ice road accident (  )  39. u/Chico75013 -  --- Don't accelerate while changing lanes when it's snowing  40. John of South West Virginia   41. Anton   42. u/SoNaClyaboutlife76 -  --- This just happened to yours truly. On my way home from work  43. Rhino Offroad Recovery SoCal 4x4 - https://youtu.be/CQR9vK3lNO8 --- Two Accidents in the same spot   44. u/Milmuertes1 -  --- I made a mistake  45. saturnotaku - https://youtu.be/uK-g__AyZlM --- Crazy pickup truck driver       saturnotaku - https://youtu.be/oGNgBPRRliQ --- Driver almost skids into oncoming traffic   46. Luc N. -  -  47. MS Dash Cam Footage - https://youtu.be/JsixGolpJ2E --- Near Miss   48. Broncos  49. trex021   50. u/DoodleMaxMc -  --- On the phone, Let my brakes lock, and didn't double check a 2 way stop. (  )   51. Axel F - https://youtu.be/CLYoGbkjc50 --- Stoney Trail Spinout  52. Rick Rotondo - https://youtu.be/CClMFH6np2g --- Car Crashing Off the Road Into a Telephone Pole - Dashcam Footage   53. TwistLabs - https://youtu.be/swcfHGG5dYU --- Icy Car Crash   54.  u/firebolt1171 -  ---  Ontario Blizzard.  the snowbank was softer than the rear end of a car. (  )  55. Anonymous   56. IceKid2009 - https://youtu.be/PsagUgJ24jA --- Winter Storm In Canada-  57. chuvictorwai - https://youtu.be/oEZ5jT2MqS8 ---  Car Rear Ended   58. u/TheGuyStewart -  --- Mail man unintentionally ghost riding the whip (  )  59. UT Car Reviews - https://youtu.be/R6C1zQj-tZs --- Bad Drivers of Utah (Extra clips + Car Crash) (  )  60. Anonymous  61. LO Rivera   62. u/DaleandI -  --- Amazon's finest (  )  63. u/xfix8 -  --- Semi Flips Going Too Fast In Bad Conditions  64. u/SnuffleWumpkins -  ---  during a snowstorm, on an unplowed, unsalted road, after several hours of freezing rain.   65. Brogen M. -  ---  ( British Columbia )  66. u/Matasian -  --- Drive according to the weather conditions, or not  ⚫ My socials: Instagram: https://www.instagram.com/dashcamlessons/ TikTok: https://www.tiktok.com/@dashcamlessons Facebook: https://www.facebook.com/dashcamlessons  ⚫ Intro song: My Country - Ben Bostick",[],30,04092026
281,K8iFvV_UASM,"BEST OF INDIANA DRIVERS  |  30 Minutes of Road Rage, Bad Drivers & More",28042024,UCnetiRHPnIMBCm-yY4m69qA,239743,"🛑 Submit your clips: https://forms.gle/7LKzTdvHwnmZmZ439  ⚫Looking for a dashcam for your car? We recommend VIOFO: A229 PRO 4K ▶ https://amzn.to/3VnTTZH  (5% off promo code: dash4K229Pro) VS1 2K ▶ https://amzn.to/3PsKVqp  (5% off promo code: dash2KVS1)  ⚫ Contact me at dashcamlessons@gmail.com  ⚫ Links to the original videos:  1. wolvesone - https://youtu.be/mkccA4qwg4Q --- Roll over MVA  2. Jaimez - https://youtu.be/OqSCx1jpFNA --- My accident  3. diabloein  4. Travis Anders - https://youtu.be/iMjdtdz40hk --- Car Crash  5. Anonymous  6. u/133C96F6D  7. Elise Taylor - https://youtu.be/tSdzPaTlPHk --- Dashcam Footage  8. diabloein  9. Car Ramrod  10. Anonymous  11. Shelby D  12. Dave Shear - https://youtu.be/0U-eKUrUxwY --- Hit and Run  13. Nick  14. Rose Marry - https://youtu.be/ALBS90htVIU --- Road rage   15. Kyle Goans - https://youtu.be/xIZCQ3gz1BY --- Close Call   16. Jebster  17. mtbiker1123  18. Salex.1111  19. u/nylanfs  20. NoahJ  21. Paul  22. Anonymous  23. JaggedEmpire  24.  Kitty  25. MikeDVB   26. Mississippi Mishaps - https://youtu.be/DvCeIEIGKDQ ---  fender bender  27. Andy  28. Anonymous  29. Verathis  30. Anonymous  31. Lucas  32. Cat  33. Adams1136  34. JQ Works - https://youtu.be/FjVK2JMf7NM --- Semi Truck Road Rage  35. Graham H.  36. Jordan  37. Robert Steven  38. Anonymous  39. CrazyLand - https://youtu.be/4LI-Sb1v5eQ --- Dash Cam crazy  40. Sergeant C   41. jessieC  42. Cat  43. respibob - https://youtu.be/vOai2yjqpNA --- Accident  44. ZunK  45. Cat  46. MJ  47. Anonymous  48. Car Ramrod  49. mohkfry - https://youtu.be/eNRSYc6Tcm8 --- Highland, IN Rear End Collision  50. Tails Wx  - https://youtu.be/9L5y2WiYmKw?t=6  51. Chandler B  52. drivingwithbarry - https://youtu.be/x825ThC5LxQ --- That Bad UBER Driver  53.  Zac  54. Thomas Deverell  55. No_Unlawful_Twat_Waffles  56. DrivingIn574  57. CAT  58. Maddox  59. Car Ramrod  60. Ash's Dash  61. Anonymous  ⚫ My socials: Instagram: https://www.instagram.com/dashcamlessons/ TikTok: https://www.tiktok.com/@dashcamlessons Facebook: https://www.facebook.com/dashcamlessons  ⚫ Intro song: My Country - Ben Bostick",[],29,04092026
282,kRvDvVjsBx4,BEST OF CAR CRASHES COMPILATION | USA & CANADA - 49,11012026,UCKIrZr7WuPFgFy7OfkAuHOw,96833,"In this ""Best of Car Crash Compilation"", you will see driving fails, car crashes, semi-truck crashes caught on dashcam. All the bad drivers are from America & Canada.  ✪ Submit your Dashcam video for the feature here: https://forms.gle/FnavwQg5WwkNkS6r8 Or sent to Email: megadrivingschoolyt@gmail.com  Got an Issue? Email me: megadrivingschoolyt@gmail.com  #carcrash #cars #drivingfails",[],28,04092026
283,prWmiUux5fo,INSANE CAR CRASHES COMPILATION  | BEST OF USA & Canada Accidents and Bad Drivers       2023,28072023,UCnetiRHPnIMBCm-yY4m69qA,900506,"🛑 Submit your clips: https://forms.gle/7LKzTdvHwnmZmZ439 ⚫ Contact me at dashcamlessons@gmail.com  ⚫ Links to the original videos:  1. Michael Porter - https://youtu.be/WDmA8nIM-Tw --- Freeway car accident in San Francisco, CA ( San Francisco, CA)  2. u/Rainebowraine123 -  --- Idiot makes an unprotected left in front of me. Car was 3k short of 500k miles. (  )   3. Mike Dub - https://youtu.be/B9egP7wxpKY --- Thanksgiving Travel Close Call 2022 ( on the I-10 from Tucson to Casa Grande )   4. MYoder -  ---  ( I-25, Denver )  5. Friant Roulette - https://youtu.be/DPwysBkSVQo --- Three Vehicle Collision ( FRESNO )     Friant Roulette - https://youtu.be/hpQ3EIA8mcU --- BMW Wrecks Two Cars Running Red Light. ( Fresno CA )   6. Joe Isabella - https://youtu.be/trwN21m0S7Q --- Friday Morning Commute Crash ( Ft. Myers, FL )  7. u/Winter-Medicine8509 -  --- Definetly not me (  )   8. Yeffers -  ---  ( Frenchtown Township (Monroe) Michigan )   9. u/LameOCaptain -  --- ""Womp womp"" (  )  10. Turkey -  ---  ( Eastern Washington )  11. JC dashcam -  --- Driver looses control caught on dashcam ( I-10 )  12. Aaron N. -  ---  ( Herkimer NY )  13. 8ight6ix -  ---  ( Covina, CA )   14. KPRMVN -  ---  ( Las Vegas, NV )   15. Xela422Qc  -  ---  ( Magog )  16. u/AmendmentXXVIII -  --- “My brakes locked up!!” Sure they did bud… (  )   17. JoJoCan - https://youtu.be/JiCL4vb9k08 --- 5 Car Crash - Chain Reaction (  )   18. Saabdude23 -  ---  ( West Fargo ND )   19. Bad Drivers of the Florida Nature Coast - https://youtu.be/IHOymEeDN6Q --- Accident on Citrus Ave Crystal River, FL   20. u/Kqxer -  --- Uninsured driver runs red light (  )   21. Alti.kev -  ---  ( Elizabeth, NJ )  22. DolceGirl2009 -  ---  ( Jackson, TN )   23. u/WorkingHard4TheM0ney -  --- Two, possibly three, idiots (  )   24. u/geojoseph4 -  --- This guy wasn't an idiot but be careful in the snow ( Maryland )  25. Ricky Loh - https://youtu.be/kUy1csNEOk4 --- Jan 21 2023 Maxson accident ( El Monte, CA )  26. Ryan Hall - https://youtu.be/ToIEDUrq82k --- Red light runner t-bone on u-turn ( Indian Trail, NC )  27. Ameer - https://youtu.be/-USneiWiQoU --- Ocala, Florida Car Accident SE 17th St. & SE 11th Ave ( Ocala, Florida )  28. Strawbaerie -  ---  ( Riverside, CA )  29. blinkguy4ever - https://youtu.be/0mDCqVmm2ug --- Atlanta GA Bumper Bender ( Atlanta GA )  30. Billy Warda - https://youtu.be/nqvJ4YmTjtQ --- car crash 2 ( Glendale, Arizona )  31. Greg - https://youtu.be/zbA4jJvYnwg ---  ( Cedar Park, TX )  32. Anonymous  33. icyant Dashcam Clips - https://youtu.be/ayvOUjCjUBA --- Dashcam 01/02/2023 SUV loses control (  )  34. @xkatalyzt -  ---  ( Staten Island, NY )  35. Heisenberg -  ---  ( Visalia, CA )  36. caitrom -  ---  ( Rochester, NY )   37. Anonymous  38. jim bob - https://youtu.be/ae7MCcUy1Gk --- small fender bender from lady behind me. ( Kingsport Tennessee )   39. Anonymous  40. uRemnantsOfFlight -  --- The cunning concrete divider appears from thin air to claim another victim. (  )  41. SGT MF -  ---  ( Elbert )   42. DJ1525 -  ---  ( Calgary, AB )   43. Jaybird Wedbetter - https://youtu.be/rOgFC2s_RIE --- Rear End Collision Behind Me - Dunedin, FL 1/7/2023 ( Dunedin, FL )  44. Anonymous  45. u/SnuggleBoopOwO -  --- Dumbass Rear-ends Stopped Car (I'm the dumbass) (  )   46. Mycrazy16Ram - https://youtu.be/GS_1PaWPhCA --- Insurance fraud: Nice try but my insurance didn’t pay your claim ( Washington, District of Columbia )    ⚫ My socials: Instagram: https://www.instagram.com/dashcamlessons/ TikTok: https://www.tiktok.com/@dashcamlessons Facebook: https://www.facebook.com/dashcamlessons  ⚫ Intro song: My Country - Ben Bostick",[],28,04092026
284,YF4oIOG_h_A,"BEST OF ILLINOIS DRIVERS  |  20 Minutes of Road Rage, Bad Drivers & More |  PART 2",23022025,UCnetiRHPnIMBCm-yY4m69qA,175165,🛑 Submit your clips: https://forms.gle/gyoznmQ9vXe8GCcXA  ⚫Looking for a dashcam for your car? We recommend VIOFO: A229 PRO 4K ▶ https://amzn.to/3W2Lnzi  (5% off promo code: dash4K229Pro) VS1 2K ▶https://amzn.to/3W85Xyo  (5% off promo code: dashVS1cam)  ⚫ Contact me at dashcamlessons@gmail.com  ⚫ Links to the original videos:  1. u/RockTheShaz  2. Liam'sPOV  3. Pete Barrett - https://youtu.be/lPF7F9p4eqo --- Dashcam  4. Mailman Nick - https://youtu.be/hvgyQuzV69k --- USPS Mailman's  5. u/Zilaaa  6. Steven  7. Anonymous  8. It’s fine  9. Elektrisk  10. u/GiftedMilk  11. Anonymous  12. Russell Mares - https://youtu.be/_sSar5r8Gco --- Hit and run dashcam video  13. Rico  14. Jake D  15. El mas cabron  16. Eddie  17. Mick Reeves - https://youtu.be/fcTxnejf5Qk --- Last day of my mint condition  18. David D.  19. Aj Clouds  20. aw780 - https://youtu.be/1TtNw2kmCe4 --- Road rage incident   21. SP Detectors - https://youtu.be/eA87Yais2Es --- car accident  22. GaelicSoxFan  23. Disgruntled Doc - https://youtu.be/z5J0-zSca6k --- Close call  24. Seth Biedrzycki - https://youtu.be/nSPbGpX10FQ --- Deer Dash Cam  25. Crash Cam - https://youtu.be/Ik5Z7vjU6Vo --- Three Vehicle Fender Bender  26. Did you drink water today?  27. u/Mistah210  28. J.R.  29. Iguanamaster69  30. Rico  31. Ckinder  32. Anonymous  33. JadenG13  34. Southern Illinois Dashcam - https://youtu.be/BfPlFeRlKTk --- am i invisible or something?  35. Woodja72  36. Dean Dang - https://youtu.be/eSp1TuNd00w --- Caught a car accident  37. JJustFilmMyLife  38. u/DCP8  39. White 5.0  40. Anonymous  41. Trever  42. Southern Illinois Dashcam - https://youtu.be/EjCt9J5C1_0 --- 'yoUr paRtnEr muSt HATE yOu  43. Jimbo  44. Anonymous  45. Abhijit Khapekar - https://youtu.be/IriPaNpNNnw --- 04/14/24 tesla back cam  46. Anonymous  47. Prak  48. D.G  49. Anonymous  50. Steve Hofstetter - https://www.youtube.com/@stevehofstetter --- I'll just get on this highway  51. Anonymous  52. Cap  barer - https://youtu.be/DwCAjiCeHPo --- RoadRage R1  53. Alyssa  54. Adrian  55. JJustFilmMyLife  56. BRRReazy  ⚫ My socials: Instagram: https://www.instagram.com/dashcamlessons/ TikTok: https://www.tiktok.com/@dashcamlessons Facebook: https://www.facebook.com/dashcamlessons  ⚫ Intro song: My Country - Ben Bostick,[],28,04092026
285,PYvSKQmPvKY,BEST OF THE MONTH | Road Rage Moments and Bad Drivers Compilation | JUNE 2025,28062025,UCnetiRHPnIMBCm-yY4m69qA,899447,"🛑 Submit your clips: https://forms.gle/gyoznmQ9vXe8GCcXA  ⚫Looking for a dashcam for your car? We recommend VIOFO: A229 PRO 4K ▶ https://amzn.to/3W2Lnzi  (5% off promo code: dash4K229Pro) VS1 2K ▶https://amzn.to/3W85Xyo  (5% off promo code: dashVS1cam)  ⚫ Contact me at dashcamlessons@gmail.com  ⚫ Links to the original videos:  1. Mike  2. u/Creekbow  3. Anonymous  4. James  5. Bethyame - https://youtu.be/zkB05dzlvT_w --- Road rage tantrum  6. Anonymous  7. u/master_kaltal  8. u/Cute_Principle3363  9. UberDrifter - https://youtu.be/gy-ehngQzuE --- Rules? Not for BMW  10. Manifest Calm Sounds - https://www.youtube.com/@manifestcalmsounds --- Yelling at Entitled Driver Blocking Laneway (  ) u/Methoszs  11. Vegas Builder - https://youtu.be/9s1ly1-yBKw --- Road rage Henderson  12. MelissaCV - https://youtu.be/2hAsVRnBpLY --- ZIPPER MERGE GONE WRONG  13. Anonymous  14. @kirk.turner2  15. Edward Trivino  16. Elgin Lamar - https://youtu.be/7Rni6MBP5pc --- Rear-End Hit and Run  17. AZFuego  18. JurispruDunce - https://youtu.be/ekpsHPp3qO4 --- Road-raging man-child  19. Anonymous  20. Anonymous  21. Max  22. Zach  23. Anonymous  24. Anonymous  25. Wolfie713 -  --- Bad Drivers: Going the wrong way and wanting  26. u/Taigent  27. Terrible Drivers of St. Louis  28. Deckard Cain - https://youtu.be/zhdduSpBUymE --- Road Rage - Rear  29. Marlon Davila  31. Anonymous  32. Lost Thyme Overland Adventures - https://youtu.be/pyOO5roT_oM --- Seattle road rage  33. kissmykitty - https://youtu.be/CIf0A-o6h90 --- Lancaster, PA  34. DPRNYC Driving - https://youtu.be/wwYKeChJ-_M --- Inconsiderate people blocking   35. u/zachty22  36. Settle_Down_Sparky  ⚫ My socials: Instagram: https://www.instagram.com/dashcamlessons/ TikTok: https://www.tiktok.com/@dashcamlessons Facebook: https://www.facebook.com/dashcamlessons  ⚫ Intro song: My Country - Ben Bostick",[],27,04092026
286,817ujY-L6ZA,BEST OF ROAD RAGE | USA & Canada Bad Drivers Compilation  | AUGUST 2025,31082025,UCnetiRHPnIMBCm-yY4m69qA,244041,🛑 Submit your clips: https://forms.gle/Z1PFpk2JrbMMuyc89  ⚫Looking for a dashcam for your car? We recommend VIOFO: A229 PRO 4K ▶ https://amzn.to/3W2Lnzi  (5% off promo code: dash4K229Pro) VS1 2K ▶https://amzn.to/3W85Xyo  (5% off promo code: dashVS1cam)  ⚫ Contact me at dashcamlessons@gmail.com  ⚫ Links to the original videos:  1. Mr Souvenir - https://youtu.be/0Zto7d8baCQ --- Delay at redlight  2. Jeremy TAylor  3. u/LICK_THE_BUTTER  4. SanteeTom  5. Jax Dashcams  6. krystal - https://youtu.be/V7G313il6so --- road rage  7. u/Krungie_goddammit  8. C Jolly  9. u/mywoot  10. Anonymous  11. u/melandex  12. wstack  13. u/panda-moto  14. C11pagans  15. Zach  16. statuskwo5  17. GTC  18. u/Temporary_Day9843  19. Anonymous  20. Chef047  21. Bo Minte  22. u/Noingkingg  23. u/lipton  24. MadMonk  25. SmoothToaster45Xbox - https://youtu.be/_zKdtUauirw --- New Jersey  26. Totally Thomas Time & Sam - https://youtu.be/qOmE9yMk-aM --- Vancouver Road Rage  27. JettaMaster  28. u/Crafty-Mongoose3130  29. pomelo  30. David G  31. Willy  32. Meade6291  33. theikm   34. Scott B  35. u/CivilElk8347  36. Unparalleledtrek   ⚫ My socials: Instagram: https://www.instagram.com/dashcamlessons/ TikTok: https://www.tiktok.com/@dashcamlessons Facebook: https://www.facebook.com/dashcamlessons  ⚫ Intro song: My Country - Ben Bostick,[],27,04092026
287,dAUHptFaQy4,BEST OF ARIZONA DRIVERS  |  20 Minutes of Dashcam Videos  | PART 1,10032024,UCnetiRHPnIMBCm-yY4m69qA,548151,"🛑 Submit your clips: https://forms.gle/7LKzTdvHwnmZmZ439 ⚫ Contact me at dashcamlessons@gmail.com  ⚫ Links to the original videos:  1. eddie_wont_go -  ---  ( Tucson, AZ )  2. Anonymous  3. DWag - https://youtu.be/gxgCknu1PPc --- Crash Caught on Dashcam Tucson, AZ ( Tucson, AZ )  4. u/lilcra  5. jahellen -  ---  ( Cottonwood, AZ )  6. WGrow -  ---  ( Phoenix AZ )  7. greigb -  ---  ( Phoenix, Arizona )  8. Ryan -  ---  ( Mesa, Arizona )  9. John Furman - https://youtu.be/QOCnp7qvazY --- Impatient Driver  10. spsf727 - https://youtu.be/s7Fn1h5AKxw --- DashCam: U.S. Xpress vs Car  11. David92063 -  ---  ( Tucson, AZ )  12. ICanDoItMyself - https://youtu.be/qpn5Bm89FJY --- Garmin Dashcam Records Tractor Trailor Jack Knife ( Phoenix, Arizona )  13. St3rling -  ---  ( Phoenix, AZ )  14. SLAP -  ---  ( Tempe Arizona )  15. Oryan Robinette - https://youtu.be/mgqYhHITQEg --- Car Accident ( Benson, AZ )  16. baristabob - Gilbert, AZ  17. Lyle Boyer - https://youtu.be/ofPLRg2ZCnc --- A normal BMW left turn. ( Tucson AZ )  18. uwu_nelly -  ---  ( Gilbert, AZ )  19. u/LuisitoFX  20. jadenmichal -  ---  ( Peoria, AZ )  21. Cameron -  ---  ( Gilbert, AZ )  22. SouthPHX -  ---  ( Tempe, AZ )  23. Anonymous  24. El Danny - https://youtu.be/6JQ1InlpJYE --- Dodge challenger stupidity causes car accident ( Phoenix, AZ )  25. Tenchi -  ---  ( Tucson, AZ )  26. jahellen -  ---  ( Phoenix, AZ )  27. Mike B -  ---  ( Gold Canyon, Arizona )  28. Jake R -  ---  ( Goodyear, AZ )  29. Site Fly - https://youtu.be/lshhN2DWWVI --- Front View of Hit-n-Run Accident  30. SLAP -  ---  ( Arizona )  31. Lynds -  ---  ( Tucson, AZ )   32. Viper6 - https://youtu.be/qWNlPLln0dQ --- Bad Drivers of Arizona #19 - Entitled Much   33. BigPimpinAZ -  ---  ( Tucson, AZ )  34. Stephany Vasquez - https://youtu.be/9svtZk1JskE --- Can break checks and makes almost complete stop on the freeway! #bad driver ( Phoenix AZ )  35. Anonymous  36. Dowskee -  ---  ( Phoenix )  37. Marco Sands -  ---  ( 303 Freeway Surprise, AZ )  38. 232Stinger - https://youtu.be/veeHlGv59bU --- Prius speeding and passing in school zone = INSTANT KARMA! ( Junction AZ )  39. JC85 -  ---  ( Mesa, AZ )  40. Aubrie H. -  ---  ( Tempe, AZ )  41. Brennan W. -  ---  ( Mesa, Arizona )  42. RoadRage69 -  ---  ( Peoria, Arizona )  43. Lady MF Unicorn -  --- Dude is mad I have the right away. Road rage in Coolidge Az ( Coolidge AZ )  44. Elver Galarga -  ---  ( Phoenix AZ )  45. Soullessred - https://youtu.be/fkLaySI08NI --- Instant Karma in Scottsdale AZ   46. Jim Wright - https://youtu.be/OfxTIw6bMqY --- Driving in Arizona ( Arizona )  47. Marco Sands -  ---  ( 10 West Goodyear, AZ )  48. u/Violentthrust  49. Alfie - https://youtu.be/aOgWkcVoqqs --- Woman???? wants to play brake check with me... didnt like results. ( Arizona )  50. JC85 -  ---  ( Mesa AZ )  51. Anonymous  52. Anonymous  53. jacob meister - https://youtu.be/L4pOX-HOjxk --- Car Crash - Truck turned in front of oncoming vehicle (  Glendale AZ )   54. Marco Sands -  ---  ( Surprise, AZ )  55. JC85  56. Marco Sands  57. u/noobishm0ve  58.  Defeationist -  ---  ( Tempe AZ )  59. Billy Warda - https://youtu.be/nqvJ4YmTjtQ --- car crash 2 ( Glendale, Arizona )  60. RedTheExoVet - https://youtu.be/IvsP1KbtbxQ --- Car Driver Goes Into A Closed Road, Instant Karma ( Arizona )  61. JC85  62. Hobbs Iza SquattrAZ -  ---  ( Phoenix, AZ )  63. Zero - https://youtu.be/UH4yjSPFTB0 --- Crash in Phoenix AZ   64. TheBBsFly -  ---  ( AZ )  65. Eduardo -  ---  ( Phoenix AZ )  66. Anonymous  67. ozziedtar -  ---  ( Buckeye, AZ )  68. JC85  69. SpongeWorthy -  ---  ( Chandler, AZ )   70. Anonymous  71. dtvt -  ---  ( Mesa, AZ )   72. Anonymous  73. simpjkee -  ---  ( Gilbert, AZ )  74. Jasmine G -  ---  ( Tucson Arizona )  75. Greig -  ---  ( Phoenix, AZ )  76. LucidGhostYT - https://youtu.be/V5TDkk5cb_o --- Minor Hit & Run | Chandler, AZ   ⚫ My socials: Instagram: https://www.instagram.com/dashcamlessons/ TikTok: https://www.tiktok.com/@dashcamlessons Facebook: https://www.facebook.com/dashcamlessons  ⚫ Intro song: My Country - Ben Bostick",[],27,04092026
288,iK-BJePQa2U,BEST OF SEMI TRUCK CRASHES COMPILATION - 3,15032025,UCKIrZr7WuPFgFy7OfkAuHOw,227518,"In this ""Best of Semi Truck Crashes"", you will see driving fails, car crashes, trucker life and semi-truck crashes caught on dashcam. All the bad drivers are from America & Canada.  ✪ Submit your Dashcam video for the feature here: https://forms.gle/FnavwQg5WwkNkS6r8 Or sent to Email: megadrivingschoolyt@gmail.com  Got an Issue? Email me: megadrivingschoolyt@gmail.com  #semitrucks #cars #trucking",[],26,04092026
289,3KxkOHOCikQ,"BEST OF NEW YORK DRIVERS 2023  |  30 Minutes of Road Rage, Accidents, Convenient Cop & More",11112023,UCnetiRHPnIMBCm-yY4m69qA,527809,"🛑 Submit your clips: https://forms.gle/7LKzTdvHwnmZmZ439 ⚫ Contact me at dashcamlessons@gmail.com  ⚫ Links to the original videos:  1. Tim Mattison - https://youtu.be/CWrIpVGApJU --- overtake accident on Grant Street angle1 ( Pleasantville, NY )   2. Marc Zendman - https://youtu.be/_al2Xo8K8kE --- 20230403 0135 CAM1 ( Depew, NY )  3. u/schwifty_48 -  --- Distracted driver probably texting NYC George Washington Bridge  4. Adirondorks - https://youtu.be/7_qzjZgn1Bo --- Pay attention ( Clifton Park, NY )  5. Slava Miliuk - https://youtu.be/7ojBR1vcTyM --- NYC Road Rage. Watch till the end  6. Rob R.  -  ---  ( Buffalo NY )  7. Sean and Amy - https://youtu.be/z-W4OdeRaTA --- Dashcam couple fake accident in Bensonhurst ( Bensonhurst NY )  8. Aaron N. -  ---  ( Herkimer NY )  9. Trojan876 -  ---  ( Bronx, NY )   10. Sergio Garcia - https://youtu.be/-w9vfC2_5f0 --- Uber driver hit and run NYC  11. u/merkwurdige -  --- [VIOFO A129 Pro Duo] Hit & Run. 6.5k in damages ( Staten Island, NY )  12. Anonymous  13. Kevin Hinds - https://youtu.be/prJeo144kSA --- Hit and run 4/29/23 Rochester NY ( Rochester NY )  14. Jadeeh -  ---  ( Queens, NY )  15. Michael F -  ---  ( East Greenbush, NY )  16. Anonymous  17. gunnardawgs - https://youtu.be/Zt0pxxFTgn4 --- Idiot rolls thru red light in front of state trooper ( Pleasant Valley, NY )  18. caitrom -  ---  ( Rochester, NY )  19. Greg B -  ---  ( State Island NY )  20. Anonymous  21. Christopher Boyle - https://youtu.be/cAKGlGooVrM --- 2/5 Parking Lot Hit-and-Run ( Long Island, NY )  22. @Alexbrabazon -  ---  ( Cairo, New York )  23. gunnardawgs - https://youtu.be/8ALo5yRnrcw --- idiot blocks the road ( New York )   24. NYididntCnothin - https://youtu.be/9jPw8BGogEs --- Belt Parkway Hit and Run (  )  25. DEON0809 -  ---  ( Carle Place, NY )  26. Anonymous  27. MM Dashcam Videos - https://youtu.be/NhdiK0icEuw --- Dashcam Video 94: Stops in a Roundabout ( Buffalo NY )  28. Kyle -  ---  ( Long Island NY )  29. ThatblackQ50s -  ---  ( Brooklyn NY )  30. icyant Dashcam Clips - https://youtu.be/PQz2PS1ee0c --- Dashcam 10/08/2022 Straight lanes are tough for NY JFN1480 ( NY )  31. Sound Whisperer - https://youtu.be/81RJraUXU6Q --- reckless driver road rages in new york ( New York )  32. KjTrojan -  ---  ( Bronx, NY )  33. @xkatalyzt -  ---  ( Staten Island, NY )  34. AMG 63S DAVE -  ---  ( Long Island, NY )  35. CatusKing -  ---  ( Melville NY )  36. Niceynice00 - https://youtu.be/mo6qLzagp5o --- Hit and run, police did nothing about it ! ( Little Neck NY )  37. u/op5m -  --- Idiot in a school bus. She’s waving for me to reverse  38. Anthony Swi. -  ---  ( Middleport, NY )   39. Anonymous  40. auxilioGP -  ---  ( I-90 near Albany, NY )   41. u/castle_crossing -  --- Whitelining fail ( Bronx, NY )  42. TRP6_Drav -  ---  ( South Buffalo, NY )  43. ChrissehB -  ---  ( Hyde Park, NY )  44. Chrisseh B -  ---  ( Hyde Park NY )  45. bgi11 - https://youtu.be/My6ugqstU8I --- March1stCARACCIDENT ( Mastic Beach NY )   46. Synyst3r -  ---  ( I690-W Syracuse, NY )  47. Christian -  ---  ( Bronx, NY )  48. u/ajd198204 -  --- This idiot on a 65 mph highway ( Syracuse, NY )  49. Dave Tuczynski -  ---  ( Lake View, NY )  50. YoloMoFo Production - https://youtu.be/zM28iAO21mo --- This Amazon Driver DESTROYED My Tundra Truck ( New York )   51. Dave Tuczynski -  ---  ( Buffalo NY )  52. Walking Shorts - https://youtu.be/EE5VpI0qqfg --- Caught a Car Accident on #Dashcam (FULL) ( Brooklyn NY )  53. Joe -  ---   Didn’t think he was going to turn, ABS locked up hard.     close call ( East Greenbush, NY )   54. u/ItsAlecito -  --- Hit & run today. Family with a child was in the jeep. ( Jamaica, NY )  55. Altz Shelee - https://youtu.be/zAfG6KvIgr0 --- 6/3/23 Hit and run ( NYC )  56. u/Therealfego -  --- Left on red arrow in front of cop ( New York )  57. Anonymous  58. 4lexmendez -  ---  ( Bronx NY )  59. superbluhedgehog -  ---  ( New Hartford, NY )  60. u/Segur71 -  --- Subaru BRZ had no chance ( NYC )  61. Leon Reed - https://youtu.be/QV9vd3sgXAc --- Accident Clip ( Jamestown NY )  62. Wenstrades -  ---  ( New York )    ⚫ My socials: Instagram: https://www.instagram.com/dashcamlessons/ TikTok: https://www.tiktok.com/@dashcamlessons Facebook: https://www.facebook.com/dashcamlessons  ⚫ Intro song: My Country - Ben Bostick",[],25,04092026
290,BVF-6M4Thms,Car accidents and crashes! Dashcam compilation for 08/26/26 August 2026,25082026,UC7AhDLMshe403010lb_i5iw,28289,"Реклама. ООО ""Фуджида РУС"", ИНН 1660331201. erid: 2Vtzqux2vQa  Приобрести устройство Fujida Karma Pro S Duo: Официальный сайт: https:https://fujida.su/catalog/gibridy/fujida-karma-pro-s-duo-wifi/?utm_source=ava&utm_medium=cpc ▬▬▬▬▬▬▬▬▬▬▬▬▬▬▬▬▬▬▬▬▬▬▬▬▬▬▬▬ Яндекс.Дзен: https://zen.yandex.ru/id/61f775fbc0f49730b60366c4 Пикабу: https://pikabu.ru/@Avariyka Телеграм: https://t.me/DTPavarijka МАХ: https://max.ru/club_avto_dtp RUTUBE: https://rutube.ru/channel/25502668/ Ютуб канал: https://www.youtube.com/c/Аварийка2 Я Вконтакте: https://vk.com/id329731171 Группа ВК: https://vk.com/club_avto_dtp ▬▬▬▬▬▬▬▬▬▬▬▬▬▬▬▬▬▬▬▬▬▬▬▬▬▬▬▬ На поддержку и развитие канала: ►Сбербанк - 4279380637265234 ►Тинькофф - 2200700125478379 ▬▬▬▬▬▬▬▬▬▬▬▬▬▬▬▬▬▬▬▬▬▬▬▬▬▬▬▬ Если в подборке использовано ваше видео и вы против его размещения напишите нам в ВК или на электронную почту указанную ниже. Спасибо за понимание. Свои #видео, а так же рекламные предложения отправляйте на почту: mrus29@yandex.ru  #авто #автообзор #видеообзор #транспорт #автомобиль #машина #техника #мото #мотоцикл #скутер #мопед #квадроцикл #автомашина #автотехника #ГИБДД #грузовик #спорткар, #дтп, #дтп 2026, #авария, #аварии, #авария 2026, #аварии 2026, #видеорегистратор, #подборка аварии, #подборка дтп, #аварий 2026, #аварии на дорогах, #аварийка, #аварии на дорогах с видеорегистратора, #2026, #дтп Россия, #аварии Россия, #авария Россия, #дтп Россия 2026, #аварии Россия 2026, #аварии август, #аварии август 2026,  #дтп август 2026, #чп, чрезвычайное происшествия, #чп 2026, #crash, #crash  Russia, #crash 2026, #crash compilation #январь 2026 #best car crashes of 2026 #crash #аварии #2026 #автомашина #подборка #аварий #2026 crash test #rally crash 2026 #dashcam 2026 #best car crashes of 2026 #kaza 2026 #car crash racing russia #top ten car crash #cars #car wreck compilation 2026 #car crashes dashcam",[],24,04092026
291,TUbsncWnuME,BEST OF ARIZONA DRIVERS  |  20 Minutes of Dashcam Videos  | PART 2,19012025,UCnetiRHPnIMBCm-yY4m69qA,308047,🛑 Submit your clips: https://forms.gle/gyoznmQ9vXe8GCcXA  ⚫Looking for a dashcam for your car? We recommend VIOFO: A229 PRO 4K ▶ https://amzn.to/3W2Lnzi  (5% off promo code: dash4K229Pro) VS1 2K ▶https://amzn.to/3W85Xyo  (5% off promo code: dashVS1cam)  ⚫ Contact me at dashcamlessons@gmail.com  ⚫ Links to the original videos:  1. Jack Spence - https://youtu.be/mTZTYwbGohU --- Three car wreck   2. Betty  3. Anonymous  4. jahellen  5. Roo  6. I haz Dashcam - https://youtu.be/Vwg3nJ4gr90 --- Accident   7. Anonymous  8. IggsTTV  9. AliciaE0622  10. Ryan Unger - https://youtu.be/SranyFRy0Mo --- Wrong way driver  11. Erik  12. u/vincentjac  13. RoadRage69  14. Will  15. Anonymous  16. Roxasfan  17. Blake Major - https://youtu.be/U_qR5CYJfH0 --- Bad Driver in Red Honda  18. Red_Leader - https://youtu.be/D9j_Yyixg_c --- Dump truck flips over  19. AliciaE0622  20. Hector cam clips  21. I haz Dashcam - https://youtu.be/DlTyIA-yZfY --- Accident Indian School  22. Little Red Duck - https://youtu.be/94LOntndj9k --- Homicidal Road Rager/Brake Check  23. Mahollowman - https://youtu.be/Uo77m5YF2_g --- 7th Street Reverse  24. Anonymous  25. Anonymous  26. u/Jerod_s  27. MrRraaccee - https://youtu.be/uRxToUUWpcM --- Accident   28. Winona Harmon  29. Ian L.  30. Andy  31. Anonymous  32. HobbsIzaSquatAz  33. Anonymous  34. LBass  35. MiMi Do - https://youtu.be/VcCUl-oaWqA --- Tesla Dashcam Footage   36. Anonymous  37. Anonymous  38. Justice -  --- Driver Crashes Into Barrier and Keeps Going  39. Tylorness88  40. Jon Joiner  41. Llama Rafi  42. Kramecidar   43. JohnA Z  44. Mark V.  45. David  46. JC85  47. u/RogueDroner  48. @piedpiperofarizona5224  49. Arizona Eagle   50. Josh S  51. MoonMoon  52. Jaked502  53. Anonymous  54. Anonymous  55. Anonymous  56. Jasmine  ⚫ My socials: Instagram: https://www.instagram.com/dashcamlessons/ TikTok: https://www.tiktok.com/@dashcamlessons Facebook: https://www.facebook.com/dashcamlessons  ⚫ Intro song: My Country - Ben Bostick,[],23,04092026
292,KrUwwlXCyRA,WORST DRIVERS OF SOUTH CAROLINA | WHAM BAAM DASHCAM,21012026,UCJZpPG8wegZJ3rsnc6-Bpnw,163313,"We feature real dashcam videos submitted by our viewers! In this video, we’ve collected some of the craziest crash and bad driver clips ever sent in — welcome to Wham Baam Dashcam’s WORST Drivers of South Carolina, Volume 1.  🎥 Caught a crash, close call, or terrible driver on your dashcam? Submit your clip and it could be featured in a future episode! Submit your dashcam video here ▶ https://linktr.ee/whambaam  ––––––––––––––  🚨 Dashcams we trust after reviewing thousands of real crash clips:  Front + Rear – VIOFO A229 Pro 4K   🎟 5% off: WBD229PR   https://amzn.to/3LQ3FkE    Front only – VIOFO A119M Pro   🎟 5% off: WHAMB119MP   https://amzn.to/3N35zii    ––––––––––––––  💬 Join Patreon and our Discord   https://patreon.com/whambaam  🛒 Buy our merch   https://whambaam.com  🎙 Voiceover recorded and edited by   Ben & Melissa Anderson (@pnweventures)  ⚖️ ALL VIDEOS ARE SUBMITTED TO OR FOR WHAM BAAM CHANNELS AND USED WITH ORIGINAL COPYRIGHT PERMISSION.  #whambaam #dashcam #maryland #baddrivers #road rage #carcrash",[],22,04092026
293,Eduy0HDJL98,BEST OF CAR CRASHES COMPILATION | USA & Canada - 67,07062026,UCKIrZr7WuPFgFy7OfkAuHOw,45519,"In this ""Best of Car Crash Compilation"", you will see driving fails, car crashes, semi-truck crashes caught on dashcam. All the bad drivers are from America & Canada.  ✪ Submit your Dashcam video for the feature here: https://megadrivingschool.com/submit Or sent to Email: megadrivingschoolyt@gmail.com  Got an Issue? Email me: megadrivingschoolyt@gmail.com  #carcrash #cars #drivingfails  ------------------------------------------------------------------------- Educational Disclaimer: These car crashes in usa and Canada are curated strictly for traffic safety analysis, accident awareness, and educational purposes. Drive safe!",[],22,04092026
294,QTgRLtYTcSM,"Best of WINTER FAILS | Icy roads, Car Sliding Crash, Road Rage, Snow Accidents Compilation 2021 USA",17032021,UCnetiRHPnIMBCm-yY4m69qA,1840929,"🛑 All videos are used with the copyright holder's permissions! (CHECK THE COMMENT SECTION OF EVERY LINK BELOW) ✔️  ⚫ Submit your Dashcam video: dashcamlessons@gmail.com  ⚫ Links to the original videos:  1. David Cure-Hryciuk - https://youtu.be/AeHxnjnbpOo --- Driving In And Around Edmonton Feb 6 '21 (  )   2. Stephen Denkers - https://youtu.be/VOHm2G7Bzsw --- Crash ( Lake County, Utah )   3. jimmy -  ---  (  )   4. LamboFam - https://youtu.be/TmiE4m77muc --- Picking Up The Rolls Royce Limo Almost KILLED us! LamboFam (  )   5. Steven Qiu - https://youtu.be/OOmUuZAObBQ --- Car crash: SUV spin out of control on I-84 under snowy conditions ( on I-84 )  6. Robert Ramirez - https://youtu.be/IeCx1L5Awy4 --- Unlucky driver almost causes bad accident. ( Cedar Rapids, Iowa )  7. Darin Drisner - https://youtu.be/K1fsmaJcxnM  --- Dash cam winter tires defensive driving  8. Anthony S. - https://youtu.be/5g1W13UNo2M --- Car Accident (  )  9. Sarge395 - https://youtu.be/Qz_H26s6QZ8 --- Car spins in slick conditions on 2/11/21. Ends up in center of roundabout. ( Green Bay, WI )  10. David Delacruz - https://youtu.be/wP497fP9ajc --- Snow storm spin-out. ( Wrightwood, CA )   11. Isaac -  ---  (  )   12. Jessica pennell - https://youtu.be/OnQjuRTCfmA --- Minor Car Accident Dashcam Video 02-16-2021 Anna TX ( Anna TX )   13. Jason Cunanan - https://youtu.be/nFBOin9ZtSA --- Accident Dec 22 2020 ( Edmonton, Alberta )  14. David Potter - https://youtu.be/XKFlxKvTnmQ --- Almost lost control - dash cam ( Indiana )  15. Ben M - https://youtu.be/X-5w9vCe7so --- Ram Accident 2021 EF2F493B DD51 4D68 AE3E CCA8AFBC382B ( HWY 287 in WY )  16. Miguel's Youtube Channel - https://youtu.be/8MVbCp9W18k --- Northern Canadian Problems #17 -- Road Rage :-) ( Fort McMurray, Alberta )  17. sycnation - https://youtu.be/fnGasPCbbAU ---  Our accident (sound is off by a few seconds)  18. Frank Willie - https://youtu.be/0V7J5rqguuY --- Fender Bender with Niro, 12/26/20 ( Maplewood, MN )   19. Serg K - https://youtu.be/9WijlADy3yY --- Accident in Ottawa, ON, 07-Feb-2020 ( Ottawa, ON )   20. Allen Beauvais - https://youtu.be/zvQfhw0uSgg --- AMEXPRESS 1047 F 20210126 Another truck his car ( Janesville, WI )  21. Hezi - https://youtu.be/Qx-dVXEmARs --- Jaguar SUV losing control on I-80 NJ (  )  22. RRRJ Family - https://youtu.be/etauhHGNuFM --- Thank God for your protection  | BC | Travel for work | Winter in Canada | Buhay Canad ( Coquihalla BC )   23. Hamid Kamoona - https://youtu.be/PkdG_8k9vKw --- car accident Edmonton Feb 5 2021 ( Edmonton, Alberta )   24. Julia -  --- Broomfield, CO (  )  25. Ramzi Khazen - https://youtu.be/uv-R_ggu61Q --- Almost crashing on black ice ( Sterling, MA )  26. DMan -  ---  (  )   27. Mr_GiXxEr - https://youtu.be/haN5siAlfas --- Vehicle Accident Interstate 80 East, Mile 195, 1-31-2021  28. Jr & I Davis III - https://youtu.be/SD18WAaiPnU --- Cut off by Saco rescue ( Saco, Maine )  29. scott bartels - https://youtu.be/QHcE3LmdNZU --- stupid driver ( Eureka Missouri )  30. Steven Meyer - https://youtu.be/Wl74eVZtCUs --- Dashcam in NJ snow of car crash ( on 17, Saddlebrook NJ )  31. TheXJMOPARMAN - https://youtu.be/m8VyS9qYCEs --- Bad driver! ( Lincoln, NE )   32. MarahDaCar - https://youtu.be/7Da-e8ZoxvA --- I Rear Ended A Truck | Car Accident ( Gatineau, Quebec )         MarahDaCar - https://youtu.be/IzmwVjAE-lU --- I Crashed In A Snowbank! (  )   33. Michael Harrison - https://youtu.be/4CvvkSAX1Bs --- Pick-up Truck on Ice ( Tomball, TX )  34. Chungate - https://youtu.be/u8uQcQ7qfNs --- Using Truck to Free Stuck Car (  )   35. todaresq - https://youtu.be/MufHCJEqTGs --- Car crash in snow, and a way I used to save from spinning out. ( I-80 in PA )   36. Scott M - https://youtu.be/yWlLxaA6sBk --- almost t boned again in the same intersection ( Lansing, MI )  37. Hulqc - https://youtu.be/BhCFsMTL9cs --- 2020-12-30 car skid, almost crash ( Quebec city )      Hulqc - https://youtu.be/u_xEpcWVn6Y --- 2021-02-11 car crashes in the snow FULL video, does not move for 25 min (  )       Hulqc - https://youtu.be/j_2D2pdMtTg --- 2021-01-02 snow car crash ( Quebec city )  39. Christopher Colston - https://youtu.be/K4dEqyIQd3o --- February 12, 2021 ( Sherman, TX )   40. Eric Moffitt - https://youtu.be/PneSnu9Py-g --- Hit and Run 1-20-21 ( Erie, PA )  41. New Jersey State Capital Dash Cam - https://youtu.be/T_VrEzA5bdM --- How NOT to drive in snow - Close call caught on camera! ( Trenton, NJ )  North America Canada United States of America",[],21,04092026
295,5c6IIycA02A,Best of NEW YORK Drivers |  20 Minutes of Dashcam Videos  | PART 3,10052025,UCnetiRHPnIMBCm-yY4m69qA,181206,🛑 Submit your clips: https://forms.gle/gyoznmQ9vXe8GCcXA  ⚫Looking for a dashcam for your car? We recommend VIOFO: A229 PRO 4K ▶ https://amzn.to/3W2Lnzi  (5% off promo code: dash4K229Pro) VS1 2K ▶https://amzn.to/3W85Xyo  (5% off promo code: dashVS1cam)  ⚫ Contact me at dashcamlessons@gmail.com  ⚫ Links to the original videos:  1. u/BlakLanner  2. Z-Man  3. BKBabyDriver   4. MK7brokeswagen  5. PMB  6. Z-Man  7. Anonymous  8. Gualberto Figueroa - https://youtu.be/6RflUrw48LE ---  M_Accident  9. bajeko vlog - https://youtu.be/GqC4OiAEOfA --- NYC Car hit  10. u/Nearby-Record-8788  11. Kermit  12. NewYorker15 - https://youtu.be/301TmP-DVmk --- Belt Parkway Car Crash  13. slyda   14. u/BarackosaurusRex  15. Kevin V  16. Bad Drivers of NYC - https://youtu.be/Mu7Vi0dB44s --- New York City Bad Driver   17. Americana  18. Anonymous  19. norm8332  20. u/mtruppo  21. pressmin - https://youtu.be/yNGVnFLyG08 --- Accident  22. NewYorkDashCam - https://youtu.be/fCvIS6ReKII --- Central Ave  23. From a Monsey Dash Cam. - https://youtu.be/4r6nFj2py0k ---  Head to head  24. Nathaniel.S  25. Adirondack Dashcam  - https://youtu.be/qmh997x-vSQ --- Rear ended again  26. u/Wonderful_Roof1739  27. Evgeny Ilyenko - https://youtu.be/V2r0bE_J4Nc --- BQE Curbside Karma Dashcam  28. Victor N  29. Cardona NY - https://youtu.be/Yr90aIFkJy4  30. AceAbe  31. Garett Black - https://youtu.be/giQh6hxeaFk  32. NepaliAmir - https://youtu.be/RMcystyOicM --- Mercedes  33. 2LAZY 2EDIT - https://youtu.be/k14Fd3Vhgu4 --- $60 offered for the damage  34. Ben  35. Joe  36. Adirondack Dashcam  - https://youtu.be/kAQone_B_sQ --- Guy almost got T-boned   37. Victor N  38. Hot Mustard  39. u/Karleemo  40. Leon Reed - https://youtu.be/ktp2aQnRGb0 --- Aldi 5-9-2024 Accident  41. just-car-driving - https://youtu.be/cNd2IkC9bBk --- Close Call:  42. carkotta - https://youtu.be/5IWsN94DKNg --- mazda pullout  43. Kyle  44. John Chan - https://youtu.be/M0kYdrD4ZBs --- 01-22-2024 White Sedan   45. @Mikeysocks  46. u/RottingEgo  47. Z s  48. RocPic.Com - https://youtu.be/ZPeDWriCbrQ --- Three Car Accidents  49. u/tehLonedude  50. BKBabyDriver   51. DashCam_914  52. LILIUM  53. Nathaniel S.  54. techiecheng  55. Ryan  56. The Long Island Railfan  57. Anonymous  58. Wenstrades  ⚫ My socials: Instagram: https://www.instagram.com/dashcamlessons/ TikTok: https://www.tiktok.com/@dashcamlessons Facebook: https://www.facebook.com/dashcamlessons  ⚫ Intro song: My Country - Ben Bostick,[],21,04092026
296,NqNRATs-yHQ,BEST OF ARIZONA DRIVERS  |  20 Minutes of Dashcam Videos  | PART 3,10012026,UCnetiRHPnIMBCm-yY4m69qA,100687,🛑 Submit your clips: http://dashcamlessons.com/  ⚫Looking for a dashcam for your car? We recommend VIOFO: A229 Pro: https://amzn.to/3W2Lnzi (5% off discount code: DLESSONSMP) A119M Pro: https://amzn.to/4scZvE9 (5% off discount code: DLESSONS229)  ⚫ Contact me at dashcamlessons@gmail.com  ⚫ Links to the original videos:  1. Anonymous  2. Anonymous  3. LeChunk  4. BattlefieldRadio  5. Steven F  6. jackspence7779  7. A+  8. Devon K  9. White Dwarf  10. Tommy Phuc Nguyen - https://youtu.be/2kJDQCg1q94   11. Kyle  12. Cicely  13. Anonymous  14. u/ItsMeMingLee  15. SpongeWorthy  16. I haz Dashcam - https://youtu.be/VfUi_zzDmpk  17. u/MindGoblin35  18. Not J - https://youtu.be/bg_3kCHHfEM  19. Chan  20. Redstrife1 - https://youtu.be/SVichre6h0o  21. XavierStCloud  22. Swanky  23. a62dave - https://youtu.be/-v8Hr1efxr4  24. Mark V  25. Capt. Killingfield - https://youtu.be/XhFsik9Jj5U   26. Im Falks - https://youtu.be/6AzlravMOp4   27. Anonymous  28. Terri  29. EV-zona - https://youtu.be/27ZKL8Max2c --- Accident  30. Anonymous  31. Erik  32. SouthPHX  33. I haz Dashcam  - https://youtu.be/Wd1Kkgc0cjw  34. Nick  35. Caden  36. Anonymous  37.   38. dotcombo  39. Saru  40. @cleal2319  41. Wuh - https://youtu.be/73sIz5oq_6M  42. DesertLady  43. HobbsIzaSquat  44. Caden  45. Hammy  46. Anonymous  47. u/amazinghl  48. u/RealCranberry7158  49. Anonymous  50. ThirdAgeFrag  51. Anonymous  52. Bad Drivers Arizona - https://youtu.be/aGoChP61c1Q  53. Anonymous  54. A Sommer - https://youtu.be/AW1YHlgYWBE  55. Vea  56. u/rokkin1234  57. Capt. Killingfield - https://youtu.be/XhFsik9Jj5U  58. u/medjay_solve  59. u/dolphinbutsex  60. @bluehazelphotography  61. u/prestonmelky21  62. Anonymous  ⚫ My socials: Instagram: https://www.instagram.com/dashcamlessons/ TikTok: https://www.tiktok.com/@dashcamlessons Facebook: https://www.facebook.com/dashcamlessons  ⚫ Intro song: My Country - Ben Bostick,[],21,04092026
297,LXvO5s4b8B0,"BEST OF INSTANT KARMA | Road Rage Fails, Bad Drivers, Bully Gets Karma, Instant Justice, Pulled Over",17012023,UCnetiRHPnIMBCm-yY4m69qA,3400380,"🛑 Submit your clips: https://forms.gle/7LKzTdvHwnmZmZ439 ⚫ Contact me at dashcamlessons@gmail.com  ⚫ Links to the original videos:  1. David G - https://youtu.be/zQDeWw5VfFc --- Impatient SUV ( Cleveland, Ohio )  2. u/hammilton96 -  ---  It's a one way street for a reason  3. u/keicam_lerut -  --- Des Plaines IL  Running from the turning lane because you’re in a hurry? Sure. Enjoy the new tire and rim on that Escalde (sound on). Something actually hit my car but didn’t notice anything. (  )   4. xxxxxBJxxxxx - https://youtu.be/WDdtaQkxnJ4 --- Road Rage Karma ( San Diego )  5. Billy -  --- Driver gets her vehicle stuck on the median in winter weather (  )  6. Anonymous4 -  ---  ( Madisonville, KY )  7. Highball ProductionsAustin O. -  ---  ( Macon County Georgia )  8. u/SaltySyrup807 -  --- Car runs red light, narrowly misses Porsche and hits curb [Toronto] ( Toronto, Ontario )  9. Sgt_Retired Charlie - https://youtu.be/oMWnx0BHrcg --- Moron in a hurry gets his bluff called.   10. Juan Carrola - https://youtu.be/d9nJdaSEfjg --- Thieve gets instant karma ( Hobbs New Mexico )  11. Talal Abdul - https://youtu.be/MbQFaq0PcLc --- Thief caught red handed ( Ottawa Canada )  12. u/Practical_Paper_1096 -  --- Just caught this good guy cleaning my car for me☺️ ( SLC, UT )  13. Kimmy Merlose - https://youtu.be/CKl3dtCjTMc --- Karma in Deer Park, Illinois   14. Autism Travel - https://youtu.be/jHDwB0eJkE4 --- Dashcam Travesty  15. u/Shike -  --- Failing the a-hole test with mild karma (  )  16. Zac F -  ---  ( East Brunswick, NJ )  17. u/Madawa77 -  --- Guy Mustang'd his Corvette (  )  18. u/Jfried5674 -  --- Someone forgot their tie downs… (  )  19. OldManMigz -  ---  ( Queens, NY )  20. u/Red_hat_oops -  --- When you reach a traffic jam just past the exit but don't want to wait  21. Michal -  ---  ( Victoria BC, Canada )  22. Gennadiy Shevchuk - https://youtu.be/LeMoa_bGBa4 --- FolsomBlvd&GreenbackLn ( Folsom, CA )  23. Thomas P -  ---  ( Island Lake )  24. whiskey5jda - https://youtu.be/1YOg2yaIoUo --- Drunk Driver gets instant Karma in Denton ( Denton, TX )  25. u/BannedMyName -  --- First clip you can see light is out and there's a knocked over..... (  )  26. LO Rivera -  ---  ( Albuquerque, NM )  27. Justin M - https://youtu.be/PmgZjD4mHBo --- Breakdown Lane Instant Karma x2 ( MA-24 SB )  ⚫ My socials: Instagram: https://www.instagram.com/dashcamlessons/ TikTok: https://www.tiktok.com/@dashcamlessons Facebook: https://www.facebook.com/dashcamlessons  ⚫ Intro song: My Country - Ben Bostick",[],20,04092026
298,N6UbNDPIIS4,"Best of Accidents 2024 - Serious accident, total loss, and blatant false statement | Dashcam Germany",25122024,UCzSaxPbPU1WDAmbMn8irC1g,3185765,"🎬 Video Einsendungen an: clips@dashcamdeutschland.com 📸 Du möchtest eine Dashcam kaufen, weißt aber nicht welche? Unsere Kaufempfehlungen stehen weiter unten!  Falls Euch diese Folge gefallen hat, lasst uns doch gerne ein Like oder Kommentar da. Wenn Ihr nichts mehr verpassen wollt, gerne Abonnieren & Glocke aktivieren!  ❤️ Wenn Du uns unterstützen möchtest: https://youtube.com/channel/UCzSaxPbPU1WDAmbMn8irC1g/join  📥 Ihr wollt Eure Dashcam Aufnahme(n) auf unserem Kanal sehen? Schickt uns eine E-Mail an: clips@dashcamdeutschland.com - mit der Videodatei, und unter welchem Namen wir Eure Clips veröffentlichen dürfen.  💳 Unsere Dashcam Kaufempfehlungen: ✘ https://linktr.ee/dashcamdeutschland  ⏯️ Playlist mit allen Folgen: https://youtube.com/playlist?list=PLv0RO5BoRf4SI4Nyw2qsIqA2QK9Lo_1RA&si=pwUy8KiDT6EXJp4E  🌐 Social Media Kanäle: Facebook: https://www.facebook.com/dashcamdeutschland Instagram: https://www.instagram.com/dashcam_deutschland TikTok: https://www.tiktok.com/@dashcamdeutschland  🍿 Interessante Episoden: Best Of Unfälle 2024 - Schwerer Unfall, Totalschaden und dreiste Falschaussage: https://youtu.be/N6UbNDPIIS4 Best Of Nötigung 2024 - Road-Rage, Ausbremsen und Drängeln auf der Autobahn: https://youtu.be/15QL4DmfmEg ------------------------------------- Dieser Kanal dient nur zur Unterhaltung und Aufklärung. Bleibt sachlich und freundlich in den Kommentaren!  Die mit „✘“ markierten Links sind Affiliate-Links bzw. Werbelinks. Im Falle einer Kaufentscheidung kann eine Provision an uns ausgeschüttet werden. Bei einem Kauf über diese Links fallen für Dich natürlich keine Mehrkosten an. ------------------------------------- © Dashcam Deutschland 2025: Please do NOT reupload this video without our permission! ------------------------------------- #Dashcam #Germany #DashcamDeutschland",[],20,04092026
299,RIimRHnltFU,Ultimate car crash compilation | Idiots in cars.,03072023,UC0HLIKKTN4RzwInxDPv5MmA,3152992,"This video features driving fails, Road fails, hit & run, Rear ends, instant karma, bad drivers, and car fails caught on dashcam from the USA, Canada, and all over the world. Take this video as a learning tool and learn how to drive safely.  Subscribe to Dashcam Central for more compilation videos.  #Drivingfails #idiotincars",[],18,04092026
300,6Ztu2e8tHL0,North American Car Crash Compilation - 113 | Driving Fails | Dash Cam USA,27022022,UCKIrZr7WuPFgFy7OfkAuHOw,167511,"In this “North American Car Crash Compilation,” you will see driving fails, car crashes, and semi-truck crashes caught on dashcam in the USA. All the bad drivers are from America and Canada.  ✪ Submit your Dashcam video for the feature here: https://forms.gle/FnavwQg5WwkNkS6r8 Or sent to Email: megadrivingschoolyt@gmail.com  Got an Issue? Email me: megadrivingschoolyt@gmail.com   #dashcam #car #automobile",[],17,04092026
301,qyMuq9qmvtY,North American Car Crash Compilation - 105 | Driving Fails | Dash Cam USA,26012022,UCKIrZr7WuPFgFy7OfkAuHOw,138675,"In this “North American Car Crash Compilation,” you will see driving fails, car crashes, and semi-truck crashes caught on dashcam in the USA. All the bad drivers are from America and Canada.  ✪ Submit your Dashcam video for the feature here: https://forms.gle/FnavwQg5WwkNkS6r8 Or sent to Email: megadrivingschoolyt@gmail.com  Got an Issue? Email me: megadrivingschoolyt@gmail.com  #dashcam #car #automobile",[],17,04092026
302,Kh_Py7WRiOw,"TOTAL IDIOTS CRASH COMPILATION 2026 | Road Rage, Brake checks",17052026,UCPod44VgEE39zjZe2ynhHKQ,2727,Submit your Dashcam Video here : https://forms.gle/rWUZLPFFwjpaDRdC9 Contact me at Businessmrwinningfun@gmail.com  We own the copyrights of the clips shown on this channel. We own all rights to use it.  Clips featured in the Video are intended for educational and journalistic purposes. The commentary on each clip clearly portrays my intent of teaching my viewers to be better drivers as well as express my take on what happens in the clip. Please always follow the traffic rules so the road will be safer for all of us.  #MrWinningFun,[],16,04092026
303,cWKJ8VJYmDA,Dashcam Crash Compilation for 07/31/2026 July 2026,31072026,UC6rAAGWWDTSKdQIof5DslpQ,193358,#ДТП снятые на видеорегистратор Июль 2026. Видео #3242.  Поддержать канал!  Сбербанк: 2202206832162106 Tinkoff: 5536913957305887 Райффайзен: 2200300135204756  Прислать видео для выпуска можно на  Почту: 1russiancrash@gmail.com Самый удобный способ: https://forms.gle/hovYQkEnZEFEoMzz8  Группа VK: https://vk.com/russiancrash Канал в Telegram: https://t.me/russiancrash Канал RuTube: https://rutube.ru/channel/23692224/,[],15,04092026
304,cYJNlvs3-Hs,"CRAZY Dashcam Moments Caught on Camera | Road Rage, Crashes & Instant Karma",26032026,UCNfXR8zRcXRAy1f-XW3JUxg,753,"INSANE Road Rage & Crash Compilation Caught on Dashcam | Instant Karma & Close Calls (USA)   Watch this intense dashcam compilation featuring real-life crashes, road rage incidents, and unbelievable close calls caught on camera across the USA.  From high-speed collisions and reckless drivers to shocking chain-reaction crashes, this video shows how quickly things can go wrong on the road. You’ll see dangerous brake-checking, aggressive driving, and drivers making life-changing mistakes in seconds.  These dashcam clips also highlight the importance of staying calm, driving defensively, and always being prepared. Many of these drivers avoided serious injury thanks to quick reactions and safety features.  ⚠️ This video is for educational and awareness purposes. Drive safe and always follow traffic laws.  📌 Featured in this video:  Road rage gone wrong  Multi-car crash incidents  Hit and run attempts  Instant karma moments  Close calls and near misses  Tesla dashcam footage   💡 Reminder: A dashcam can protect you legally and financially in case of an accident.  👍 Like, Comment, and Subscribe for more real dashcam footage and driving safety content.   dashcam compilation, car crash compilation, road rage USA, dash cam accidents, tesla dashcam, instant karma driving, bad drivers USA, car accident caught on camera, highway crash footage, real accident videos, driving fails, dangerous driving, road rage incidents, crash videos USA, dashcam footage 2026  #dashcam #carcrash #roadrage #instantkarma #baddrivers #tesladashcam #caraccident #drivingfails #caughtoncamera #highwaycrash #dashcamvideos #accidentfootage #usadriving #nearmiss #viralvideo   ---  ⚡ Bonus: Hook Line (First 3 Seconds)  “These drivers made ONE mistake… and it changed everything.”   ---  If you want next level growth 📈 I can also give: ✅ Thumbnail text + design prompt ✅ Viral intro voiceover script ✅ Best posting time for USA audience",[],15,04092026
305,jot8ErCOVF4,Car Crash Compilation 2020 #7,15022020,UCgxn3NI5MAIBkn5LkIEC8fw,6750,Enjoy this video and Subscribe to my channel pls.,[],15,04092026
306,V4fNdfsXqZc,BLUE PICKUP BAD LEFT TURN CAUSES CRASH - 1037 | Driving Fails,28082026,UCKIrZr7WuPFgFy7OfkAuHOw,27181,"Welcome to the wildest dashcam compilation yet. In this video, we’re breaking down the best car crashes, brutal road rage, and mind-boggling bad drivers from across the USA and Canada.  Treat this as a quick driving school lesson on what NOT to do out there on the roads. In this video, we analyze these dangerous situations to help you learn how to drive more defensively, identify potential hazards before they happen, and understand the critical mistakes that lead to these accidents. Stay safe and watch closely - there is a lesson in every clip.  ✪ Submit your Dashcam video for the feature here: https://megadrivingschool.com/submit Or sent to Email: megadrivingschoolyt@gmail.com  Got an Issue? Email me: megadrivingschoolyt@gmail.com  What you'll see in this caught on dashcam video: 1. 00:00 Sleeping Driver Causes Car Accident 2. 00:23 Dashcam Proves Driver Lied to Police 3. 00:41 Driving Fail Caught on Camera 4. 00:59 Blue Pickup Truck Left Turn Ends in Crash 5. 01:25 Dashcam Caught on Camera 6. 01:53 Defensive Driver Deals With Constant Brake Checks 7. 02:21 Distracted Driver Nearly Crashes Into Signpost 8. 02:41 Dash Cam Fails 9. 03:06 Red Light Runner Gets Instant Police Karma 10. 03:29 Truck Driver Hits Median and Crashes Into Tree 11. 03:55 Hit and Run Crash Caught on Dashcam 12. 04:10 Dashcam Lessons Footage 13. 04:31 Commercial Driver Gets Construction Zone Speeding Ticket 14. 05:05 Driving Fail Caught on Camera 15. 05:27 Driver Gets Hit on Highway 101 North 16. 05:49 Dashcam Caught on Camera 17. 06:16 Driver Cuts Across Two Lanes Nearly Causes Crash 18. 06:36 Dash Cam Fails 19. 06:53 Dashcam Lessons Footage 20. 07:34 Driver Crosses Every Lane for U Turn 21. 07:53 Dashcam Footage Saved as Crash Evidence 22. 08:09 Driving Fail Caught on Camera 23. 09:39 Wrong Way Driver on Route 38 24. 09:52 First Highway Drive Turns Into Close Call 25. 10:15 Dashcam Footage Helps Police and Truck Driver 26. 10:31 Turn Signal Doesn't Make Lane Change Safe 27. 10:48 Road Rage Driver Nearly Causes Head On Crash 28. 11:02 Dashcam Caught on Camera 29. 11:34 End   #dashcam #car #automobile  ------------------------------------------------------------------------- Educational Disclaimer: These car crashes in usa and Canada are curated strictly for traffic safety analysis, accident awareness, and educational purposes. Drive safe!","[{'title': '1..Sleeping Driver Causes Car Accident', 'timestamp': '0:00:00'}, {'title': '2..Dashcam Proves Driver Lied to Police', 'timestamp': '0:00:23'}, {'title': '3..Driving Fail Caught on Camera', 'timestamp': '0:00:41'}, {'title': '4..Blue Pickup Truck Left Turn Ends in Crash', 'timestamp': '0:00:59'}, {'title': '5..Dashcam Caught on Camera', 'timestamp': '0:01:25'}, {'title': '6..Defensive Driver Deals With Constant Brake Checks', 'timestamp': '0:01:53'}, {'title': '7..Distracted Driver Nearly Crashes Into Signpost', 'timestamp': '0:02:21'}, {'title': '8..Dash Cam Fails', 'timestamp': '0:02:41'}, {'title': '9..Red Light Runner Gets Instant Police Karma', 'timestamp': '0:03:06'}, {'title': '10..Truck Driver Hits Median and Crashes Into Tree', 'timestamp': '0:03:29'}, {'title': '11..Hit and Run Crash Caught on Dashcam', 'timestamp': '0:03:55'}, {'title': '12..Dashcam Lessons Footage', 'timestamp': '0:04:10'}, {'title': '13..Commercial Driver Gets Construction Zone Speeding Ticket', 'timestamp': '0:04:31'}, {'title': '14..Driving Fail Caught on Camera', 'timestamp': '0:05:05'}, {'title': '15..Driver Gets Hit on Highway 101 North', 'timestamp': '0:05:27'}, {'title': '16..Dashcam Caught on Camera', 'timestamp': '0:05:49'}, {'title': '17..Driver Cuts Across Two Lanes Nearly Causes Crash', 'timestamp': '0:06:16'}, {'title': '18..Dash Cam Fails', 'timestamp': '0:06:36'}, {'title': '19..Dashcam Lessons Footage', 'timestamp': '0:06:53'}, {'title': '20..Driver Crosses Every Lane for U Turn', 'timestamp': '0:07:34'}, {'title': '21..Dashcam Footage Saved as Crash Evidence', 'timestamp': '0:07:53'}, {'title': '22..Driving Fail Caught on Camera', 'timestamp': '0:08:09'}, {'title': '23..Wrong Way Driver on Route 38', 'timestamp': '0:09:39'}, {'title': '24..First Highway Drive Turns Into Close Call', 'timestamp': '0:09:52'}, {'title': '25..Dashcam Footage Helps Police and Truck Driver', 'timestamp': '0:10:15'}, {'title': ""26..Turn Signal Doesn't Make Lane Change Safe"", 'timestamp': '0:10:31'}, {'title': '27..Road Rage Driver Nearly Causes Head On Crash', 'timestamp': '0:10:48'}, {'title': '28..Dashcam Caught on Camera', 'timestamp': '0:11:02'}, {'title': '29..End', 'timestamp': '0:11:34'}]",15,04092026
307,R0DglpomU6c,Most Extreme Motorcycle Crashes & Moments | CrashBanditoNL,23112025,UCPS3hxx_mOvuHQI29Td-2qg,1231231,"Video is Solely for educational Purposes Only!   Get ready to be amazed, entertained, and educated! CrashBanditoNL brings you an action-packed motorcycle compilation showcasing the best (and sometimes worst) of two-wheeled thrills. From pro riders to everyday enthusiasts, there’s something for everyone. Don’t forget to like, comment, and subscribe for more awesome motorcycle content!  Do you want to be featured in a next video? Please send me yours to: crashbanditos7@gmail.com  00:00 - Intro 00:17 – Low side in Germany 00:49 – Close Call with Audi 01:14 – HOV Lane incident; who was at blame? 02:36 – He gave too much throttle (ake he did a wh*****) 03:01 – Falls of his bike in the mountains 03:40 – Queens traffic close call 04:22 – Wendy employees do not want to serve bikers 06:37 – Too much rain makes you slide 07:13 – Cut off in Gardia 08:02 – Ride as if you are invisible 08:33 – Ride as if you are invisible: Asia 09:03 – Another crash in Germany 09:36 – Never do this to cops! 12:31 – Rear Ended 13:06 – Karen vs Dirt Biker 15:07 – Prius cuts Biker off 15:28 – Karen gets arrested 17:39 – Outro   https://www.youtube.com/watch?v=Z4Lwmy5gQow&pp=ygUKdG9tIGZhZWhydNIHCQkDCgGHKiGM7w%3D%3D https://www.instagram.com/reel/DP67F5ziZQ3/?igsh=NjJrMDRyaWFrcDM2 youtube.com/watch?v=kooC3DTFne8&feature=youtu.be https://www.youtube.com/shorts/H64xtg9JptY https://www.instagram.com/reel/DQpifr8DU5N/?igsh=MWRoemU3bGw3bTd6Zg== https://www.youtube.com/watch?v=TlmEBaht0o4 https://www.instagram.com/reel/DKpnusIOKp2/?igsh=MXZpaWtzNzI4bHRwbg== https://www.instagram.com/reel/DHUF8XAKVWY/?igsh=ZG40cDBpYmxodHFi https://www.youtube.com/watch?v=nnNK1oGBnA4 Slihoh https://www.instagram.com/reel/DRE1b4uCL93/?igsh=MWw4aWxveGh6Z3JwaQ== https://youtu.be/2kxLefu0FWM?si=NU5cA6azWAR39RH7 https://www.youtube.com/watch?v=uldSJ8qfipU https://www.youtube.com/watch?v=aMM37_d7W2o http://youtube.com/watch?v=0Bnmk3EhfPg https://www.instagram.com/p/DQ-nyUsAFdH/    Compliant with all the Guidelines   I do not show Accidents where exposed injury is visible!  No Accidents that cause a real upset due to only moderate impact being visible!  https://www.youtube.com/channel/UCPS3hxx_mOvuHQI29Td-2qg/join  Disclaimer: Video is Solely for educational and Entertainment Purposes Only!  Compliant with all the Guidelines per - support.google.com/youtube/answer/6162278?hl=en  I do not show Accidents where exposed injury is visible!  No Accidents that cause a real upset due to only moderate impact being visible!  I always intend to use fair use in my content.  . . . Copyright Disclaimer Under Section 107 of the Copyright Act 1976, allowance is made for ""fair use"" for purposes such as criticism, commenting, Entertainment, news reporting, teaching, scholarship, sports, and research. Fair use is a use permitted by copyright statutes that might otherwise be infringing. Non-profit, educational, or personal use tips the balance in favor of fair use.  Reference: https://bit.ly/3l8GUbc  Section 107 of the Copyright Act 1976: 1)This video has no negative impact.  2)This video is also for entertainment purposes.  3)It is transformative in nature.","[{'title': 'Intro', 'timestamp': '0:00:00'}, {'title': 'Low side in Germany', 'timestamp': '0:00:17'}, {'title': 'Close Call with Audi', 'timestamp': '0:00:49'}, {'title': 'HOV Lane incident; who was at blame?', 'timestamp': '0:01:14'}, {'title': 'He gave too much throttle (ake he did a wh*****)', 'timestamp': '0:02:36'}, {'title': 'Falls of his bike in the mountains', 'timestamp': '0:03:01'}, {'title': 'Queens traffic close call', 'timestamp': '0:03:40'}, {'title': 'Wendy employees do not want to serve bikers', 'timestamp': '0:04:22'}, {'title': 'Too much rain makes you slide', 'timestamp': '0:06:37'}, {'title': 'Cut off in Gardia', 'timestamp': '0:07:13'}, {'title': 'Ride as if you are invisible', 'timestamp': '0:08:02'}, {'title': 'Ride as if you are invisible: Asia', 'timestamp': '0:08:33'}, {'title': 'Another crash in Germany', 'timestamp': '0:09:03'}, {'title': 'Never do this to cops!', 'timestamp': '0:09:36'}, {'title': 'Rear Ended', 'timestamp': '0:12:31'}, {'title': 'Karen vs Dirt Biker', 'timestamp': '0:13:06'}, {'title': 'Prius cuts Biker off', 'timestamp': '0:15:07'}, {'title': 'Karen gets arrested', 'timestamp': '0:15:28'}, {'title': 'Outro', 'timestamp': '0:17:39'}]",13,04092026
308,UQbsMwGOHEo,North American Car Crash Compilation - 905| Driving Fails | Dash Cam USA,01032026,UCKIrZr7WuPFgFy7OfkAuHOw,26720,"The wildest dashcam caught compilation is here. We’re breaking down the best of car crashes, brutal road rage, and mind-boggling bad drivers across the USA and Canada.  Treat this as a quick driving school lesson on what NOT to do out there on the roads. In this video, we analyze these dangerous situations to help you learn how to drive more defensively, identify potential hazards before they happen, and understand the critical mistakes that lead to these accidents. Stay safe and watch closely - there is a lesson in every clip.  ✪ Submit your Dashcam video for the feature here: https://megadrivingschool.com/submit Or sent to Email: megadrivingschoolyt@gmail.com  Got an Issue? Email me: megadrivingschoolyt@gmail.com  Chapters: 00:00 Nearly Got Squeezed Out, Counted Myself Lucky 00:18 Car accident caught on dashcam 00:41 Wide Right Turn Straight Into My Lane 00:56 Crash at Johnsontown Rd & Greenbelt Hwy 01:21 Road Rager Claims I Hit Her… Until She Sees My Dashcam 02:05 No License, No Insurance, Still Dodging Responsibility 02:45 18-Wheeler Nearly Wipes Everyone Out 02:58 Car crash caught on dashcam 03:37 90 MPH on Street Tires Over Rough Roads? 04:01 Car accident caught on dashcam 04:23 Friday the 13th School Bus Incident 04:35 Car crash caught on dashcam 04:46 Loose Tire Rolling on I-44 in Rolla MO 05:07 Who’s at Fault in This One? 05:24 Red Car Slowing for a Reason, Trailer Reacts Fast 05:41 Spinout on I-96 in Michigan 05:53 Subaru Pulls Over Right in Front of Undercover 06:16 Cuts the Median to Save 30 Seconds… For What? 06:33 Cut Off and Brake Checked in Pueblo CO 06:50 Car accident caught on dashcam 07:14 Bad Drivers of Smyrna and Woodstock GA 07:41 Car crash caught on dashcam 07:48 Civic Follows Bus Too Close, Crash Missed on Camera 08:14 Mustang Lays Down Smoke in Mishawaka IN 08:34 Ford Escape at Fault in Reading PA Crash 08:54 Trailer Dragging Down the Road 09:07 Police Pursuit on Arch Street Ends With Tactical Stop 11:12 End   #dashcam #car #automobile","[{'title': 'Nearly Got Squeezed Out, Counted Myself Lucky', 'timestamp': '0:00:00'}, {'title': 'Car accident caught on dashcam', 'timestamp': '0:00:18'}, {'title': 'Wide Right Turn Straight Into My Lane', 'timestamp': '0:00:41'}, {'title': 'Crash at Johnsontown Rd & Greenbelt Hwy', 'timestamp': '0:00:56'}, {'title': 'Road Rager Claims I Hit Her… Until She Sees My Dashcam', 'timestamp': '0:01:21'}, {'title': 'No License, No Insurance, Still Dodging Responsibility', 'timestamp': '0:02:05'}, {'title': '18-Wheeler Nearly Wipes Everyone Out', 'timestamp': '0:02:45'}, {'title': 'Car crash caught on dashcam', 'timestamp': '0:02:58'}, {'title': '90 MPH on Street Tires Over Rough Roads?', 'timestamp': '0:03:37'}, {'title': 'Car accident caught on dashcam', 'timestamp': '0:04:01'}, {'title': 'Friday the 13th School Bus Incident', 'timestamp': '0:04:23'}, {'title': 'Car crash caught on dashcam', 'timestamp': '0:04:35'}, {'title': 'Loose Tire Rolling on I-44 in Rolla MO', 'timestamp': '0:04:46'}, {'title': 'Who’s at Fault in This One?', 'timestamp': '0:05:07'}, {'title': 'Red Car Slowing for a Reason, Trailer Reacts Fast', 'timestamp': '0:05:24'}, {'title': 'Spinout on I-96 in Michigan', 'timestamp': '0:05:41'}, {'title': 'Subaru Pulls Over Right in Front of Undercover', 'timestamp': '0:05:53'}, {'title': 'Cuts the Median to Save 30 Seconds… For What?', 'timestamp': '0:06:16'}, {'title': 'Cut Off and Brake Checked in Pueblo CO', 'timestamp': '0:06:33'}, {'title': 'Car accident caught on dashcam', 'timestamp': '0:06:50'}, {'title': 'Bad Drivers of Smyrna and Woodstock GA', 'timestamp': '0:07:14'}, {'title': 'Car crash caught on dashcam', 'timestamp': '0:07:41'}, {'title': 'Civic Follows Bus Too Close, Crash Missed on Camera', 'timestamp': '0:07:48'}, {'title': 'Mustang Lays Down Smoke in Mishawaka IN', 'timestamp': '0:08:14'}, {'title': 'Ford Escape at Fault in Reading PA Crash', 'timestamp': '0:08:34'}, {'title': 'Trailer Dragging Down the Road', 'timestamp': '0:08:54'}, {'title': 'Police Pursuit on Arch Street Ends With Tactical Stop', 'timestamp': '0:09:07'}, {'title': 'End', 'timestamp': '0:11:12'}]",13,04092026
309,tEpYpSom3O0,BRUTAL MOTORCYCLE CRASHES | CRAZY & EPIC Motorcycle Beginner Mistakes 2025 #12.,07012025,UCx-hQqGM-upoYSyy2n0t0xg,2508096,"BRUTAL MOTORCYCLE CRASHES | CRAZY & EPIC Motorcycle Beginner Mistakes 2025 #12. Motorcycle crashes are a serious concern and highlight the importance of safety on the road. Many motorcycle crashes occur due to speeding, lack of protective gear, or distracted driving. Riders should always wear helmets, as they can significantly reduce the risk of injury in motorcycle crashes. Awareness campaigns about motorcycle crashes encourage responsible riding and help educate others about sharing the road. By prioritizing safety, we can work to prevent future motorcycle crashes.  🦈Hello, we are SWAG Lab - Motorcycle Crash. Our videos compile footage of motorcycle crash with the aim of educating riders on road safety. You'll be impressed by the most insane motorcycle crash, captured from various angles and accompanied by detailed information. Please note that we do not endorse motorcycle crash and always encourage safety. If you're ready, let's go to the first motorcycle crash video!  If you have a good video, let me make your video famous click here to upload your video: https://www.swagmedia.co/submit-videos SUBSCRIBE NOW ➡ https://www.youtube.com/@swaglabchannel FACEBOOK ➡ https://www.facebook.com/swaglabchannel  🦈Don't forget to subscribe to SWAG Lab and watch the latest videos uploaded every day!  If you are the rightful owner, please contact us via email: copyright@swagmedia.co  #motorcyclecrashes #motorcyclecrash #motorcycleroadrage #bikersroadrage #SWAGLab",[],13,04092026
310,vYguWsjeCWE,POLICE CAR HITS CYCLIST AT STOP SIGN - 1039 | Driving Fails,01092026,UCKIrZr7WuPFgFy7OfkAuHOw,40186,"Welcome to the wildest dashcam compilation yet. In this video, we’re breaking down the best car crashes, brutal road rage, and mind-boggling bad drivers from across the USA and Canada.  Treat this as a quick driving school lesson on what NOT to do out there on the roads. In this video, we analyze these dangerous situations to help you learn how to drive more defensively, identify potential hazards before they happen, and understand the critical mistakes that lead to these accidents. Stay safe and watch closely - there is a lesson in every clip.  ✪ Submit your Dashcam video for the feature here: https://megadrivingschool.com/submit Or sent to Email: megadrivingschoolyt@gmail.com  Got an Issue? Email me: megadrivingschoolyt@gmail.com  What you'll see in this caught on dashcam video: 1. 00:00 No Three Second Following Distance 2. 00:20 Driving Fail Caught on Camera 3. 00:36 Police Cruiser Hits Bicyclist on Dashcam 4. 00:57 Dashcam Caught on Camera 5. 01:27 Infiniti Driver Starts Road Rage and Throws Object 6. 01:54 Dash Cam Fails 7. 02:22 Driver Brake Checks Car on Dashcam 8. 02:51 Dashcam Lessons Footage 9. 03:41 Reckless Driver Forces Into Traffic During Merge 10. 04:03 Driving Fail Caught on Camera 11. 04:23 Dashcam Caught on Camera 12. 04:39 Dashcam Proves Driver Lied About Brake Check 13. 05:06 Close Call in Upstate New York on Dashcam 14. 05:20 Dash Cam Fails 15. 05:47 Red Light Runner Blames Innocent Driver 16. 06:09 Dashcam Lessons Footage 17. 06:28 Geese Take Over the Road Again 18. 06:56 Driving Fail Caught on Camera 19. 07:18 Dashcam Caught on Camera 20. 07:27 Car Crash in Morgan Hill California 21. 07:49 Dash Cam Fails 22. 08:07 Impatient Driver Ignores Traffic Laws 23. 08:21 Dashcam Lessons Footage 24. 08:39 Car Swerves Into Semi Truck on Dashcam 25. 08:54 Wrong Way Driver Appears Suddenly at Night 26. 09:12 Stupid Ohio Drivers Caught on Dashcam 27. 09:27 Driver Tries to Justify Dangerous Driving 28. 09:56 Massive Crash Throws Car Engine Into Street 29. 10:22 End  #dashcam #car #automobile  ------------------------------------------------------------------------- Educational Disclaimer: These car crashes in usa and Canada are curated strictly for traffic safety analysis, accident awareness, and educational purposes. Drive safe!","[{'title': '1..No Three Second Following Distance', 'timestamp': '0:00:00'}, {'title': '2..Driving Fail Caught on Camera', 'timestamp': '0:00:20'}, {'title': '3..Police Cruiser Hits Bicyclist on Dashcam', 'timestamp': '0:00:36'}, {'title': '4..Dashcam Caught on Camera', 'timestamp': '0:00:57'}, {'title': '5..Infiniti Driver Starts Road Rage and Throws Object', 'timestamp': '0:01:27'}, {'title': '6..Dash Cam Fails', 'timestamp': '0:01:54'}, {'title': '7..Driver Brake Checks Car on Dashcam', 'timestamp': '0:02:22'}, {'title': '8..Dashcam Lessons Footage', 'timestamp': '0:02:51'}, {'title': '9..Reckless Driver Forces Into Traffic During Merge', 'timestamp': '0:03:41'}, {'title': '10..Driving Fail Caught on Camera', 'timestamp': '0:04:03'}, {'title': '11..Dashcam Caught on Camera', 'timestamp': '0:04:23'}, {'title': '12..Dashcam Proves Driver Lied About Brake Check', 'timestamp': '0:04:39'}, {'title': '13..Close Call in Upstate New York on Dashcam', 'timestamp': '0:05:06'}, {'title': '14..Dash Cam Fails', 'timestamp': '0:05:20'}, {'title': '15..Red Light Runner Blames Innocent Driver', 'timestamp': '0:05:47'}, {'title': '16..Dashcam Lessons Footage', 'timestamp': '0:06:09'}, {'title': '17..Geese Take Over the Road Again', 'timestamp': '0:06:28'}, {'title': '18..Driving Fail Caught on Camera', 'timestamp': '0:06:56'}, {'title': '19..Dashcam Caught on Camera', 'timestamp': '0:07:18'}, {'title': '20..Car Crash in Morgan Hill California', 'timestamp': '0:07:27'}, {'title': '21..Dash Cam Fails', 'timestamp': '0:07:49'}, {'title': '22..Impatient Driver Ignores Traffic Laws', 'timestamp': '0:08:07'}, {'title': '23..Dashcam Lessons Footage', 'timestamp': '0:08:21'}, {'title': '24..Car Swerves Into Semi Truck on Dashcam', 'timestamp': '0:08:39'}, {'title': '25..Wrong Way Driver Appears Suddenly at Night', 'timestamp': '0:08:54'}, {'title': '26..Stupid Ohio Drivers Caught on Dashcam', 'timestamp': '0:09:12'}, {'title': '27..Driver Tries to Justify Dangerous Driving', 'timestamp': '0:09:27'}, {'title': '28..Massive Crash Throws Car Engine Into Street', 'timestamp': '0:09:56'}, {'title': '29..End', 'timestamp': '0:10:22'}]",13,04092026
311,r_-hvcw4Bx8,Australian Car Crash / Dash Cam Compilation 31,06032022,UCvfqpaehdaqtkXPNhvJRyGA,1296878,Our Dash Cam Store (Use code DCOA5 for 5% off storewide): http://www.dashcamownersaus.com.au/  Send us a video: https://dashcamownersaus.com.au/contact-us/  Our second channel: https://www.youtube.com/channel/UCKe34IEj6kvAh652xVLIYRQ  Description: As usual no fatalities or serious injuries.,[],13,04092026
312,hm_9I3VZlFI,"DRIVER RUNS RED LIGHT, HITS TESLA, THEN FLEES - 941 | Driving Fails",22042026,UCKIrZr7WuPFgFy7OfkAuHOw,41452,"Welcome to the wildest dashcam compilation yet. In this video, we’re breaking down the best car crashes, brutal road rage, and mind-boggling bad drivers from across the USA and Canada.  Treat this as a quick driving school lesson on what NOT to do out there on the roads. In this video, we analyze these dangerous situations to help you learn how to drive more defensively, identify potential hazards before they happen, and understand the critical mistakes that lead to these accidents. Stay safe and watch closely - there is a lesson in every clip.  ✪ Submit your Dashcam video for the feature here: https://megadrivingschool.com/submit Or sent to Email: megadrivingschoolyt@gmail.com  Got an Issue? Email me: megadrivingschoolyt@gmail.com  What you'll see in this caught on dashcam video: 1. 00:00 Driver Stops in Traffic Lane to Make Exit, Causing Chaos 2. 00:16 Driver Runs Red Light, Hits Tesla, Then Flees 3. 00:38 Driver Fails to Yield at Uncontrolled Intersection 4. 00:55 Uninsured Driver Turns in Front of Oncoming Car 5. 01:24 Tired Driver Nearly Causes a Crash 6. 01:53 Driving Fail Caught on Camera 7. 02:26 Elderly Driver Swerves After Hitting Median 8. 03:06 Slow Down in the Rain—A Dashcam Reminder 9. 03:27 Tailgating Driver Cuts Off Another Car 10. 03:43 Truck Driver Denies Crash Until Dashcam Proves It 11. 04:08 Dashcam Caught on Camera 12. 04:52 Drivers Cut Through Gas Station to Avoid Traffic Light 13. 05:20 Dashcam Footage 14. 06:04 Safe Entry Ramp Driving Tips 15. 06:21 Kia Driver Causes Crash With Motorcyclist 16. 06:38 Driving Fail Caught on Camera 17. 06:49 BMW Driver Crashes After High-Speed Chase 18. 07:20 Red-Light Runner Causes Multi-Car Crash 19. 07:50 Driver Cuts Across Traffic, Causing Near Miss 20. 08:00 Driver Rear-Ends Car After Pulling Over 21. 08:22 Driver Nearly Crashes Into Family Vehicle 22. 08:35 Speeding Jeep Weaves Through Traffic 23. 09:01 Dodge Charger Driver Endangers Everyone on the Road 24. 09:17 Dashcam Caught on Camera 25. 09:34 Driver Loses Control on US-41 26. 09:52 Driver Runs Red Light Without Stopping 27. 10:06 High-Speed Close Call Caught on Dashcam 28. 10:20 Truck Driver Brake Checks, Then Chases Another Car 29. 10:37 Kids Run Red Lights, Creating Dangerous Situation 30. 10:55 End   #dashcam #car #automobile  ------------------------------------------------------------------------- Educational Disclaimer: These car crashes in usa and Canada are curated strictly for traffic safety analysis, accident awareness, and educational purposes. Drive safe!   #dashcam #car #automobile","[{'title': '1..Driver Stops in Traffic Lane to Make Exit, Causing Chaos', 'timestamp': '0:00:00'}, {'title': '2..Driver Runs Red Light, Hits Tesla, Then Flees', 'timestamp': '0:00:16'}, {'title': '3..Driver Fails to Yield at Uncontrolled Intersection', 'timestamp': '0:00:38'}, {'title': '4..Uninsured Driver Turns in Front of Oncoming Car', 'timestamp': '0:00:55'}, {'title': '5..Tired Driver Nearly Causes a Crash', 'timestamp': '0:01:24'}, {'title': '6..Driving Fail Caught on Camera', 'timestamp': '0:01:53'}, {'title': '7..Elderly Driver Swerves After Hitting Median', 'timestamp': '0:02:26'}, {'title': '8..Slow Down in the Rain—A Dashcam Reminder', 'timestamp': '0:03:06'}, {'title': '9..Tailgating Driver Cuts Off Another Car', 'timestamp': '0:03:27'}, {'title': '10..Truck Driver Denies Crash Until Dashcam Proves It', 'timestamp': '0:03:43'}, {'title': '11..Dashcam Caught on Camera', 'timestamp': '0:04:08'}, {'title': '12..Drivers Cut Through Gas Station to Avoid Traffic Light', 'timestamp': '0:04:52'}, {'title': '13..Dashcam Footage', 'timestamp': '0:05:20'}, {'title': '14..Safe Entry Ramp Driving Tips', 'timestamp': '0:06:04'}, {'title': '15..Kia Driver Causes Crash With Motorcyclist', 'timestamp': '0:06:21'}, {'title': '16..Driving Fail Caught on Camera', 'timestamp': '0:06:38'}, {'title': '17..BMW Driver Crashes After High-Speed Chase', 'timestamp': '0:06:49'}, {'title': '18..Red-Light Runner Causes Multi-Car Crash', 'timestamp': '0:07:20'}, {'title': '19..Driver Cuts Across Traffic, Causing Near Miss', 'timestamp': '0:07:50'}, {'title': '20..Driver Rear-Ends Car After Pulling Over', 'timestamp': '0:08:00'}, {'title': '21..Driver Nearly Crashes Into Family Vehicle', 'timestamp': '0:08:22'}, {'title': '22..Speeding Jeep Weaves Through Traffic', 'timestamp': '0:08:35'}, {'title': '23..Dodge Charger Driver Endangers Everyone on the Road', 'timestamp': '0:09:01'}, {'title': '24..Dashcam Caught on Camera', 'timestamp': '0:09:17'}, {'title': '25..Driver Loses Control on US-41', 'timestamp': '0:09:34'}, {'title': '26..Driver Runs Red Light Without Stopping', 'timestamp': '0:09:52'}, {'title': '27..High-Speed Close Call Caught on Dashcam', 'timestamp': '0:10:06'}, {'title': '28..Truck Driver Brake Checks, Then Chases Another Car', 'timestamp': '0:10:20'}, {'title': '29..Kids Run Red Lights, Creating Dangerous Situation', 'timestamp': '0:10:37'}, {'title': '30..End', 'timestamp': '0:10:55'}]",13,04092026
313,hBD5IFieEiQ,North American Car Crash Compilation - 890 | Driving Fails | Dash Cam USA,13022026,UCKIrZr7WuPFgFy7OfkAuHOw,35644,"Welcome to the wildest dashcam compilation yet. In this video, we’re breaking down the best car crashes, brutal road rage, and mind-boggling bad drivers from across the USA and Canada.  Treat this as a quick driving school lesson on what NOT to do out there on the roads. In this video, we analyze these dangerous situations to help you learn how to drive more defensively, identify potential hazards before they happen, and understand the critical mistakes that lead to these accidents. Stay safe and watch closely - there is a lesson in every clip.  ✪ Submit your Dashcam video for the feature here: https://megadrivingschool.com/submit Or sent to Email: megadrivingschoolyt@gmail.com  Got an Issue? Email me: megadrivingschoolyt@gmail.com  What you'll see in this caught on dashcam video: 00:00 Jump Into Oncoming Traffic Instead of Waiting? 00:25 Car accident caught on dashcam? 00:55 What Justifies Driving Like This? 01:53 Car crash caught on dashcam? 02:09 Nearly Lose Control and Then Get Hit by Flying Snow? 02:34 Did I Just Get Creased by a Snowplow Truck? 02:59 What Would You Do in This Sudden Close Call? 03:13 Who Had the Right of Way in This Intersection Crash? 03:32 Does This Driver Think He Owns the Road? 03:44 Speeding Truck Runs a Red and Wipes Out Two Cars? 04:05 Why Do Bad Drivers Never Miss Their Exit? 04:28 Fresh Snow at 15 km/h and Still a Crash? 04:50 Car accident caught on dashcam? 05:11 Car crash caught on dashcam? 05:42 Speeding Tesla Gets Instant Karma? 06:13 No Brakes Until the Last Second… Distracted or Just Reckless? 06:35 Just Another Day of Chaos in St. Louis? 06:52 Blind Spot Merge and Then a Hit-and-Run? 07:15 Reckless Driver Runs Me Off the Road? 07:38 107 MPH Police Pursuit Ends in a Foot Chase? 08:27 Car accident caught on dashcam? 08:37 Move Over for an Ambulance and Get Attacked by Road Ragers? 09:20 Did This Driver Even Look Before Pulling Out? 09:37 Slippery Exit Close Call… Should That Truck Have Pulled Out? 09:50 Is This the Definition of Reckless Driving? 10:05 Distracted Driving or Just Speeding Into Disaster? 10:20 Hit-and-Run and They Don’t Even Stop? 10:35 Car crash caught on dashcam? 10:46 What Was This Driver Trying to Accomplish? 11:06 End   #dashcam #car #automobile  ------------------------------------------------------------------------- Educational Disclaimer: These car crashes in usa and Canada are curated strictly for traffic safety analysis, accident awareness, and educational purposes. Drive safe!","[{'title': 'Jump Into Oncoming Traffic Instead of Waiting?', 'timestamp': '0:00:00'}, {'title': 'Car accident caught on dashcam?', 'timestamp': '0:00:25'}, {'title': 'What Justifies Driving Like This?', 'timestamp': '0:00:55'}, {'title': 'Car crash caught on dashcam?', 'timestamp': '0:01:53'}, {'title': 'Nearly Lose Control and Then Get Hit by Flying Snow?', 'timestamp': '0:02:09'}, {'title': 'Did I Just Get Creased by a Snowplow Truck?', 'timestamp': '0:02:34'}, {'title': 'What Would You Do in This Sudden Close Call?', 'timestamp': '0:02:59'}, {'title': 'Who Had the Right of Way in This Intersection Crash?', 'timestamp': '0:03:13'}, {'title': 'Does This Driver Think He Owns the Road?', 'timestamp': '0:03:32'}, {'title': 'Speeding Truck Runs a Red and Wipes Out Two Cars?', 'timestamp': '0:03:44'}, {'title': 'Why Do Bad Drivers Never Miss Their Exit?', 'timestamp': '0:04:05'}, {'title': 'Fresh Snow at 15 km/h and Still a Crash?', 'timestamp': '0:04:28'}, {'title': 'Car accident caught on dashcam?', 'timestamp': '0:04:50'}, {'title': 'Car crash caught on dashcam?', 'timestamp': '0:05:11'}, {'title': 'Speeding Tesla Gets Instant Karma?', 'timestamp': '0:05:42'}, {'title': 'No Brakes Until the Last Second… Distracted or Just Reckless?', 'timestamp': '0:06:13'}, {'title': 'Just Another Day of Chaos in St. Louis?', 'timestamp': '0:06:35'}, {'title': 'Blind Spot Merge and Then a Hit-and-Run?', 'timestamp': '0:06:52'}, {'title': 'Reckless Driver Runs Me Off the Road?', 'timestamp': '0:07:15'}, {'title': '107 MPH Police Pursuit Ends in a Foot Chase?', 'timestamp': '0:07:38'}, {'title': 'Car accident caught on dashcam?', 'timestamp': '0:08:27'}, {'title': 'Move Over for an Ambulance and Get Attacked by Road Ragers?', 'timestamp': '0:08:37'}, {'title': 'Did This Driver Even Look Before Pulling Out?', 'timestamp': '0:09:20'}, {'title': 'Slippery Exit Close Call… Should That Truck Have Pulled Out?', 'timestamp': '0:09:37'}, {'title': 'Is This the Definition of Reckless Driving?', 'timestamp': '0:09:50'}, {'title': 'Distracted Driving or Just Speeding Into Disaster?', 'timestamp': '0:10:05'}, {'title': 'Hit-and-Run and They Don’t Even Stop?', 'timestamp': '0:10:20'}, {'title': 'Car crash caught on dashcam?', 'timestamp': '0:10:35'}, {'title': 'What Was This Driver Trying to Accomplish?', 'timestamp': '0:10:46'}, {'title': 'End', 'timestamp': '0:11:06'}]",12,04092026
314,04ERZbn43PU,Dash Cam Compilation Australia - Car Crash Marathon,25062026,UCQVw-a0rFwLESDetseNTX3w,18976,Submit your dashcam clips here: https://aussieroadwatch.wetransfer.com or here: https://forms.gle/YXX6sZ1QfHBxx3hd9 Join the Facebook Group to also submit your clips: https://www.facebook.com/groups/dashcamhubaustralia  Please consider subscribing if you enjoy the content 👍,[],12,04092026
315,qTKjZ9IzWB8,YIELD SIGN IGNORED TRIGGERS 2-CAR CRASH - 1038 | Driving Fails,31082026,UCKIrZr7WuPFgFy7OfkAuHOw,28615,"Welcome to the wildest dashcam compilation yet. In this video, we’re breaking down the best car crashes, brutal road rage, and mind-boggling bad drivers from across the USA and Canada.  Treat this as a quick driving school lesson on what NOT to do out there on the roads. In this video, we analyze these dangerous situations to help you learn how to drive more defensively, identify potential hazards before they happen, and understand the critical mistakes that lead to these accidents. Stay safe and watch closely - there is a lesson in every clip.  ✪ Submit your Dashcam video for the feature here: https://megadrivingschool.com/submit Or sent to Email: megadrivingschoolyt@gmail.com  Got an Issue? Email me: megadrivingschoolyt@gmail.com  What you'll see in this caught on dashcam video: 1. 00:00 Blind Spot Lane Change Causes Car to Fishtail and Crash 2. 00:25 Dashcam Footage Helps Crash Victims With Insurance 3. 00:40 Ford Driver Cuts Off Car Then Blocks Passing 4. 01:12 Las Vegas Red Light Runner Caught on Dashcam 5. 01:35 Driver Nearly Rear Ends Car After Sudden Stop 6. 01:57 Driving Fail Caught on Camera 7. 02:13 Dashcam Caught on Camera 8. 02:38 Distracted GMC Driver Rear Ends Chevy 9. 02:58 Truck and Trailer Nearly Cause Serious Van Crash 10. 03:21 Driver Cuts Off Truck and Risks Crash 11. 03:52 Distracted Driver Turns Directly in Front of Deputy 12. 04:09 Dash Cam Fails 13. 04:24 Flooded Roads and Open Manholes Damage Cars 14. 04:42 Edison Car Accident Caught on Dashcam 15. 04:58 Wrong Way Driver Caught on Dashcam 16. 05:24 Fort Wayne Car Crash Caught on Dashcam 17. 05:48 Driver Ignores Traffic at School Crosswalk 18. 06:18 Drivers Run Yield Sign and Cause Crash 19. 06:36 Dashcam Lessons Footage 20. 06:46 Driving Fail Caught on Camera 21. 07:20 August 19 Car Accident Caught on Dashcam 22. 07:36 Dodge Driver Comes Flying Into Traffic 23. 07:53 Jeep Driver Causes Chaos Near Joplin 24. 08:16 Smart Car With a Dumb Driver 25. 08:32 Driver Admits Road Rage Got Out of Control 26. 09:06 Dashcam Caught on Camera 27. 09:18 Lincoln Driver Nearly Crashes Into Car 28. 09:25 Dash Cam Fails 29. 09:41 Pittsburgh Car Crash Caught on Dashcam 30. 10:02 End  #dashcam #car #automobile  ------------------------------------------------------------------------- Educational Disclaimer: These car crashes in usa and Canada are curated strictly for traffic safety analysis, accident awareness, and educational purposes. Drive safe!","[{'title': '1..Blind Spot Lane Change Causes Car to Fishtail and Crash', 'timestamp': '0:00:00'}, {'title': '2..Dashcam Footage Helps Crash Victims With Insurance', 'timestamp': '0:00:25'}, {'title': '3..Ford Driver Cuts Off Car Then Blocks Passing', 'timestamp': '0:00:40'}, {'title': '4..Las Vegas Red Light Runner Caught on Dashcam', 'timestamp': '0:01:12'}, {'title': '5..Driver Nearly Rear Ends Car After Sudden Stop', 'timestamp': '0:01:35'}, {'title': '6..Driving Fail Caught on Camera', 'timestamp': '0:01:57'}, {'title': '7..Dashcam Caught on Camera', 'timestamp': '0:02:13'}, {'title': '8..Distracted GMC Driver Rear Ends Chevy', 'timestamp': '0:02:38'}, {'title': '9..Truck and Trailer Nearly Cause Serious Van Crash', 'timestamp': '0:02:58'}, {'title': '10..Driver Cuts Off Truck and Risks Crash', 'timestamp': '0:03:21'}, {'title': '11..Distracted Driver Turns Directly in Front of Deputy', 'timestamp': '0:03:52'}, {'title': '12..Dash Cam Fails', 'timestamp': '0:04:09'}, {'title': '13..Flooded Roads and Open Manholes Damage Cars', 'timestamp': '0:04:24'}, {'title': '14..Edison Car Accident Caught on Dashcam', 'timestamp': '0:04:42'}, {'title': '15..Wrong Way Driver Caught on Dashcam', 'timestamp': '0:04:58'}, {'title': '16..Fort Wayne Car Crash Caught on Dashcam', 'timestamp': '0:05:24'}, {'title': '17..Driver Ignores Traffic at School Crosswalk', 'timestamp': '0:05:48'}, {'title': '18..Drivers Run Yield Sign and Cause Crash', 'timestamp': '0:06:18'}, {'title': '19..Dashcam Lessons Footage', 'timestamp': '0:06:36'}, {'title': '20..Driving Fail Caught on Camera', 'timestamp': '0:06:46'}, {'title': '21..August 19 Car Accident Caught on Dashcam', 'timestamp': '0:07:20'}, {'title': '22..Dodge Driver Comes Flying Into Traffic', 'timestamp': '0:07:36'}, {'title': '23..Jeep Driver Causes Chaos Near Joplin', 'timestamp': '0:07:53'}, {'title': '24..Smart Car With a Dumb Driver', 'timestamp': '0:08:16'}, {'title': '25..Driver Admits Road Rage Got Out of Control', 'timestamp': '0:08:32'}, {'title': '26..Dashcam Caught on Camera', 'timestamp': '0:09:06'}, {'title': '27..Lincoln Driver Nearly Crashes Into Car', 'timestamp': '0:09:18'}, {'title': '28..Dash Cam Fails', 'timestamp': '0:09:25'}, {'title': '29..Pittsburgh Car Crash Caught on Dashcam', 'timestamp': '0:09:41'}, {'title': '30..End', 'timestamp': '0:10:02'}]",12,04092026
316,KBtYnMqsYp4,Idiots In Cars 430,28082026,UCOS7jdle9zw_HnKW4ytZnDw,132639,"Dashcams don’t just record accidents, they show how close we come to them every day. It’s a wakeup call to stay focused, drive defensively, be more cautious, and never assume the other person’s paying attention. It is a reminder how fast things can change and why staying alert really matters. You don’t need a crash to learn from the videos, just seeing how quickly things go wrong is enough to make you drive with a little more caution and a lot more awareness.   📋All the clips featured in our channel are used with copyright owners' permission, if you have any inquiry regarding your clip, please contact us at: dashcamnationofficial@gmail.com   📥Submit your video: https://forms.gle/NnPQSGG5PWUT8EBbA   Special thanks to: Belles MarcBerm Deltaverse FordP7B LetGryphon50 Sam Wangit Krystal kawasaki.kawboy.posts JGR cloudyboy SesameDrives MrBoredJohn   Accident live pe A22 Italia - https://youtu.be/Us3YlmaTNJ4 Part 1 Front Goto 30 Seconds - https://youtu.be/pa3UXL7qlpU Driving school close call - https://youtu.be/CzTyq-bQep8     ‼️Dashcam Nation makes content to help viewers and those who drive be more observant while commuting to work, home, or even on trips. Our focus is to raise awareness and learn from others’ driving mistakes and anticipate them. Remember, when you’re on the road, incidents can happen in the blink of an eye. So, please stay safe and vigilant while driving, and pay attention to road conditions. Our videos will help you know what to keep an eye out for.‼️   #dashcam #dashcamnation",[],12,04092026
317,TmRs8Zx4MMU,North American Car Crash Compilation - 904 | Driving Fails | Dash Cam USA,28022026,UCKIrZr7WuPFgFy7OfkAuHOw,43706,"The wildest dashcam caught compilation is here. We’re breaking down the best of car crashes, brutal road rage, and mind-boggling bad drivers across the USA and Canada.  Treat this as a quick driving school lesson on what NOT to do out there on the roads. In this video, we analyze these dangerous situations to help you learn how to drive more defensively, identify potential hazards before they happen, and understand the critical mistakes that lead to these accidents. Stay safe and watch closely - there is a lesson in every clip.  ✪ Submit your Dashcam video for the feature here: https://megadrivingschool.com/submit Or sent to Email: megadrivingschoolyt@gmail.com  Got an Issue? Email me: megadrivingschoolyt@gmail.com Chapters: 00:00 Crash Aftermath Leads to Brain Surgery Days Later 00:30 Car accident caught on dashcam 00:56 Misses the Green Arrow Then Runs the Red 01:17 Bought a Dashcam to Catch Idiots… Became One 01:32 Pulls Out and Stops in Front of Me 01:44 Gridlock on the 405 and Driver on Phone 02:02 Hyundai Gets Pulled Over for a California Stop 02:20 RAV4 Panic Reverses Into Me Near a Semi 02:54 Car crash caught on dashcam 03:07 FedEx Van Plows Into My Jeep 03:26 Slippery When Wet Close Call 03:44 Sudden Cut-Off Saved by Cable Barriers 04:07 Honda Passport Backs Up Toward Me in Bank Lot 04:29 Fatal I-10 Crash Near Ocean Springs MS 05:09 Unbuckled Kids and Road Rage Chaos 05:26 Jeep Rear-Ends Civic in Turn Lane 05:49 Car accident caught on dashcam 06:04 Aftermath Cleared Within Hours on Northbound Route 06:36 Vehicle Engulfed in Flames, Smoke Visible for Miles 07:00 Red-Light Runner Triggers Three-Car Chain Reaction 07:23 Denver Drivers Strike Again 07:41 Student Driver Pulls Out Without Looking 07:54 Car crash caught on dashcam 08:03 Indecisive Driver Can’t Decide to Turn 08:21 Attempted Insurance Fraud in San Bernardino CA 08:37 Car accident caught on dashcam 08:50 Car crash caught on dashcam 10:14 End   #dashcam #car #automobile","[{'title': 'Crash Aftermath Leads to Brain Surgery Days Later', 'timestamp': '0:00:00'}, {'title': 'Car accident caught on dashcam', 'timestamp': '0:00:30'}, {'title': 'Misses the Green Arrow Then Runs the Red', 'timestamp': '0:00:56'}, {'title': 'Bought a Dashcam to Catch Idiots… Became One', 'timestamp': '0:01:17'}, {'title': 'Pulls Out and Stops in Front of Me', 'timestamp': '0:01:32'}, {'title': 'Gridlock on the 405 and Driver on Phone', 'timestamp': '0:01:44'}, {'title': 'Hyundai Gets Pulled Over for a California Stop', 'timestamp': '0:02:02'}, {'title': 'RAV4 Panic Reverses Into Me Near a Semi', 'timestamp': '0:02:20'}, {'title': 'Car crash caught on dashcam', 'timestamp': '0:02:54'}, {'title': 'FedEx Van Plows Into My Jeep', 'timestamp': '0:03:07'}, {'title': 'Slippery When Wet Close Call', 'timestamp': '0:03:26'}, {'title': 'Sudden Cut-Off Saved by Cable Barriers', 'timestamp': '0:03:44'}, {'title': 'Honda Passport Backs Up Toward Me in Bank Lot', 'timestamp': '0:04:07'}, {'title': 'Fatal I-10 Crash Near Ocean Springs MS', 'timestamp': '0:04:29'}, {'title': 'Unbuckled Kids and Road Rage Chaos', 'timestamp': '0:05:09'}, {'title': 'Jeep Rear-Ends Civic in Turn Lane', 'timestamp': '0:05:26'}, {'title': 'Car accident caught on dashcam', 'timestamp': '0:05:49'}, {'title': 'Aftermath Cleared Within Hours on Northbound Route', 'timestamp': '0:06:04'}, {'title': 'Vehicle Engulfed in Flames, Smoke Visible for Miles', 'timestamp': '0:06:36'}, {'title': 'Red-Light Runner Triggers Three-Car Chain Reaction', 'timestamp': '0:07:00'}, {'title': 'Denver Drivers Strike Again', 'timestamp': '0:07:23'}, {'title': 'Student Driver Pulls Out Without Looking', 'timestamp': '0:07:41'}, {'title': 'Car crash caught on dashcam', 'timestamp': '0:07:54'}, {'title': 'Indecisive Driver Can’t Decide to Turn', 'timestamp': '0:08:03'}, {'title': 'Attempted Insurance Fraud in San Bernardino CA', 'timestamp': '0:08:21'}, {'title': 'Car accident caught on dashcam', 'timestamp': '0:08:37'}, {'title': 'Car crash caught on dashcam', 'timestamp': '0:08:50'}, {'title': 'End', 'timestamp': '0:10:14'}]",12,04092026
318,PDrZZG-wj9Q,Dash Cam Crash Compilation 08/28/2026 August 2026,28082026,UC6rAAGWWDTSKdQIof5DslpQ,214547,#ДТП снятые на видеорегистратор Август 2026. Видео #3258.  Поддержать канал!  Сбербанк: 2202206832162106 Tinkoff: 5536913957305887 Райффайзен: 2200300135204756  Прислать видео для выпуска можно на  Почту: 1russiancrash@gmail.com Самый удобный способ: https://forms.gle/hovYQkEnZEFEoMzz8  Группа VK: https://vk.com/russiancrash Канал в Telegram: https://t.me/russiancrash Канал RuTube: https://rutube.ru/channel/23692224/,[],12,04092026
319,di3TNjG4sxE,"Idiots in Cars, Dashcam Russia, Car Crash Compilation 2026 &113",22032026,UCSzHIkgnXAxVMCcnPGoSDwg,2062,"russian car crash, idiots in cars, car crash, driving fails, idiot drivers, car crashes, russian dash cam, hit and run, dashcam, dashcam car crash videos, car crashes compilation.  ➡️ Click to SUBSCRİBE! https://www.youtube.com/channel/UCSzHIkgnXAxVMCcnPGoSDwg  ✅ Explore the riveting world of traffic incidents in our car crash series, featuring real-life scenarios of speeding, carelessness, and traffic rule violations. Witness the compilation of collision aftermaths, each telling a unique story of vehicular misadventures.  ✅ If you enjoyed the video, show your support by hitting the like button and subscribing to our channel for the latest updates. Share your valuable opinions in the comments section, as your feedback means a lot to us. Let's make road safety a priority.   ✅ Dashcam Russia brings you authentic footage of road incidents with our signature touch, including text commentary and voice-over. Our videos are more than recycled content; they undergo an extensive 3-4 day production process. We pride ourselves on originality, incorporating defensive driving tips, compelling storylines, analyses, and even advice from witnesses or victims. Special editing effects, precise trimming, and strategic zooming enhance the viewing experience.  ✅ Your safety on the road is paramount. Implement the defensive driving tips shared in our videos to boost your overall road safety.  ✅ All videos are used with licensing agreements from copyright owners. If there's a mistake or you want your clip removed, contact us at dashcamrussia@gmail.com.  ✅ These videos, each with distinct contributions, serve as educational tools, enabling viewers to analyze, stay vigilant, and navigate potentially hazardous road scenarios effectively in the future.  #baddrivers, #drivingfails, #carcrash, #carcrashcompilation  You can access the original versions of some of the videos I commented on from the links below. ⬇️⬇️⬇️",[],11,04092026
320,HIruJ85h744,North American Car Crash Compilation - 896 | Driving Fails | Dash Cam USA,22022026,UCKIrZr7WuPFgFy7OfkAuHOw,25212,"The wildest dashcam caught compilation is here. We’re breaking down the best of car crashes, brutal road rage, and mind-boggling bad drivers across the USA and Canada.  Treat this as a quick driving school lesson on what NOT to do out there on the roads. In this video, we analyze these dangerous situations to help you learn how to drive more defensively, identify potential hazards before they happen, and understand the critical mistakes that lead to these accidents. Stay safe and watch closely - there is a lesson in every clip.  ✪ Submit your Dashcam video for the feature here: https://megadrivingschool.com/submit Or sent to Email: megadrivingschoolyt@gmail.com  Got an Issue? Email me: megadrivingschoolyt@gmail.com  Chapters: 00:00 Shoulder Is Not a Passing Lane, So Why Use It? 00:25 Jeep Tries to Beat Traffic and Fails 00:54 Near Misses Closer Than They Looked 01:07 Car accident caught on dashcam 01:23 Highway Pileup Caused by a Deer Frozen in the Lane 01:48 Distracted Driver Not Paying Attention 02:10 Car crash caught on dashcam 02:33 Black Jeep Runs the Light and Refuses to Yield 03:02 Car accident caught on dashcam 03:13 Driver Failed to Yield and Caused a Crash 03:34 Car crash caught on dashcam 03:53 Wrong-Way Turn Into a One-Way Street Hits My Van 04:13 Turn Lane Misused Like a U-Turn, Why Risk It? 04:27 Atlanta Crashes and Wild Near Misses 04:48 Shoulder Passing, Brake Check, and Road Rage in Atlanta 05:23 Car accident caught on dashcam 06:07 Wild Left Turn Into Oncoming Lane, What Was He Thinking? 06:32 Car crash caught on dashcam 07:03 Illegal Left Turn Right in Front of Me 07:24 Car accident caught on dashcam 08:11 Why Cut Over So Early With Plenty of Road Ahead? 08:32 Car crash caught on dashcam 08:55 Swerves at Me at a Red Light for No Reason 09:15 Car accident caught on dashcam 09:32 What Is Even Going On Here? 09:57 Car crash caught on dashcam 10:28 Near Misses Way Closer Than They Looked 10:45 End   #dashcam #car #automobile  ------------------------------------------------------------------------- Educational Disclaimer: These car crashes in usa and Canada are curated strictly for traffic safety analysis, accident awareness, and educational purposes. Drive safe!","[{'title': 'Shoulder Is Not a Passing Lane, So Why Use It?', 'timestamp': '0:00:00'}, {'title': 'Jeep Tries to Beat Traffic and Fails', 'timestamp': '0:00:25'}, {'title': 'Near Misses Closer Than They Looked', 'timestamp': '0:00:54'}, {'title': 'Car accident caught on dashcam', 'timestamp': '0:01:07'}, {'title': 'Highway Pileup Caused by a Deer Frozen in the Lane', 'timestamp': '0:01:23'}, {'title': 'Distracted Driver Not Paying Attention', 'timestamp': '0:01:48'}, {'title': 'Car crash caught on dashcam', 'timestamp': '0:02:10'}, {'title': 'Black Jeep Runs the Light and Refuses to Yield', 'timestamp': '0:02:33'}, {'title': 'Car accident caught on dashcam', 'timestamp': '0:03:02'}, {'title': 'Driver Failed to Yield and Caused a Crash', 'timestamp': '0:03:13'}, {'title': 'Car crash caught on dashcam', 'timestamp': '0:03:34'}, {'title': 'Wrong-Way Turn Into a One-Way Street Hits My Van', 'timestamp': '0:03:53'}, {'title': 'Turn Lane Misused Like a U-Turn, Why Risk It?', 'timestamp': '0:04:13'}, {'title': 'Atlanta Crashes and Wild Near Misses', 'timestamp': '0:04:27'}, {'title': 'Shoulder Passing, Brake Check, and Road Rage in Atlanta', 'timestamp': '0:04:48'}, {'title': 'Car accident caught on dashcam', 'timestamp': '0:05:23'}, {'title': 'Wild Left Turn Into Oncoming Lane, What Was He Thinking?', 'timestamp': '0:06:07'}, {'title': 'Car crash caught on dashcam', 'timestamp': '0:06:32'}, {'title': 'Illegal Left Turn Right in Front of Me', 'timestamp': '0:07:03'}, {'title': 'Car accident caught on dashcam', 'timestamp': '0:07:24'}, {'title': 'Why Cut Over So Early With Plenty of Road Ahead?', 'timestamp': '0:08:11'}, {'title': 'Car crash caught on dashcam', 'timestamp': '0:08:32'}, {'title': 'Swerves at Me at a Red Light for No Reason', 'timestamp': '0:08:55'}, {'title': 'Car accident caught on dashcam', 'timestamp': '0:09:15'}, {'title': 'What Is Even Going On Here?', 'timestamp': '0:09:32'}, {'title': 'Car crash caught on dashcam', 'timestamp': '0:09:57'}, {'title': 'Near Misses Way Closer Than They Looked', 'timestamp': '0:10:28'}, {'title': 'End', 'timestamp': '0:10:45'}]",11,04092026
321,JA6iK9Tp_yA,Dash Cam Owners Australia August 2026 On the Road Compilation,23082026,UCvfqpaehdaqtkXPNhvJRyGA,399737,Our Merch store: https://dashcamownersaus-shop.fourthwall.com/  Our Dash Cam Store (Use code DCOA5 for 5% off storewide): http://www.dashcamownersaus.com.au/  Send us a video: https://dashcamownersaus.com.au/contact-us/  Description: Join us in reviewing Content from the Dash Cam Owners of Australia. Do you think these drivers and Dash Cammers are in the right?,[],11,04092026
322,5tAAFfNws1g,Accidents Based on Real Life Incidents | Compilation | BeamNG.drive #03,26102024,UCl1AdDdBhaAZsuidZNg65cQ,5823717,🚨 Don’t miss these top 5 dashcams! Click below to secure your road safety today! 🛒👇  📷Garmin Dash Cam 57 https://amzn.to/43x1KIj  📷ROVE R2 https://amzn.to/43yBMUR  📷VANTRUE N4 https://amzn.to/43vKBPg  📷THINKWARE F200 PRO https://amzn.to/3DhD785  📷REDTIGER https://amzn.to/3FfrsHs    Crash 01 -  Crash 02 https://www.youtube.com/watch?v=L_CRZ96GO68  Crash 03 https://www.thedrive.com/watch-this/12818/special-delivery-watch-a-lowes-truck-tip-over-after-running-a-traffic-light  Crash 04 https://rusdtp.ru/89147-moment-smertelnogo-dtp-v-kalmykii/  Crash 05 https://www.youtube.com/watch?v=DuZ6ExUS9vE  Crash 06 https://wlos.com/news/local/video-crash-tractor-trailer-shuts-down-i-26-hours-dashcam-polk-county-wreck  Crash 07 https://www.youtube.com/watch?v=kPWBzFFULgY  Crash 08 -  Crash 09 https://1news.az/news/20130715035024893-Likhach-snyal-na-video-svoyu-smert-VIDEO  Crash 10 https://crashtimes.ru/2016/09/06/audi-protaranil-samosval-na-trasse-m-3-video-avarii/  Crash 11 https://indianexpress.com/article/india/india-news-india/video-five-of-family-killed-in-car-accident-on-hyderbad-nizambad-highway/  Crash 12 https://en.mehrnews.com/news/202829/VIDEO-Moment-when-giant-boulders-crush-cars-in-India  Crash 13 https://www.youtube.com/watch?app=desktop&v=DFuWAupoOd8,[],11,04092026
323,hWf6NahhaWc,North American Car Crash Compilation - 927 | Driving Fails | Dash Cam USA,06042026,UCKIrZr7WuPFgFy7OfkAuHOw,26091,"The wildest dashcam caught compilation is here. We’re breaking down the best of car crashes, brutal road rage, and mind-boggling bad drivers across the USA and Canada.  Treat this as a quick driving school lesson on what NOT to do out there on the roads. In this video, we analyze these dangerous situations to help you learn how to drive more defensively, identify potential hazards before they happen, and understand the critical mistakes that lead to these accidents. Stay safe and watch closely - there is a lesson in every clip.  ✪ Submit your Dashcam video for the feature here: https://megadrivingschool.com/submit Or sent to Email: megadrivingschoolyt@gmail.com  Got an Issue? Email me: megadrivingschoolyt@gmail.com Chapters: 00:00 Driver Cuts Off Car Causing Near Crash 00:24 Driving Fail Caught on Camera 00:44 Car Launches Into Oncoming Lanes on Dashcam 00:58 Speeding Altima Driver Causes Dangerous Merge 01:25 Aggressive Driver Causes Dangerous Road Situation 01:40 Car Crash Survivors Walk Away With Minor Injuries 01:55 Tesla Driver Rear Ends Car Then Drives Off 02:29 Hydroplaning Truck Crash Causes Highway Chaos 02:52 Driver Cuts Into Lane Almost Causing Collision 03:12 Driver Sideswipes Truck After Strange Brake Move 03:47 Driver Jumps Curb During Double Turn Lane 04:01 Dashcam Caught 04:19 Driver U Turn Forces Car Off Lane on Wet Road 04:37 Driving Safely in Rain Can Prevent Car Crashes 05:01 Truck Driver Chooses Wrong Lane on Turn 05:18 Driver Overtakes Near Exit Causing Danger 05:33 Reckless Driver Causes Close Call on Dashcam 05:51 Driver Speeds Through Smoke Causing Risk 06:06 Cybertruck Driver Drifts Into Oncoming Lane 06:26 Driving Fail Caught on Camera 06:59 Elderly Driver Makes Unsafe Left Turn 07:18 Driver Almost Crashes Into Power Pole on Dashcam 07:41 Car Appears Suddenly Causing Close Call 07:54 Driver Confusion Leads to Strange Driving Moment 08:07 Driver Makes Last Second Exit on Dashcam 08:32 Police Driver Moment of Distraction on Dashcam 09:05 Stolen U Haul Driver Chase Ends with PIT Maneuver 09:50 End  #dashcam #car #automobile","[{'title': 'Driver Cuts Off Car Causing Near Crash', 'timestamp': '0:00:00'}, {'title': 'Driving Fail Caught on Camera', 'timestamp': '0:00:24'}, {'title': 'Car Launches Into Oncoming Lanes on Dashcam', 'timestamp': '0:00:44'}, {'title': 'Speeding Altima Driver Causes Dangerous Merge', 'timestamp': '0:00:58'}, {'title': 'Aggressive Driver Causes Dangerous Road Situation', 'timestamp': '0:01:25'}, {'title': 'Car Crash Survivors Walk Away With Minor Injuries', 'timestamp': '0:01:40'}, {'title': 'Tesla Driver Rear Ends Car Then Drives Off', 'timestamp': '0:01:55'}, {'title': 'Hydroplaning Truck Crash Causes Highway Chaos', 'timestamp': '0:02:29'}, {'title': 'Driver Cuts Into Lane Almost Causing Collision', 'timestamp': '0:02:52'}, {'title': 'Driver Sideswipes Truck After Strange Brake Move', 'timestamp': '0:03:12'}, {'title': 'Driver Jumps Curb During Double Turn Lane', 'timestamp': '0:03:47'}, {'title': 'Dashcam Caught', 'timestamp': '0:04:01'}, {'title': 'Driver U Turn Forces Car Off Lane on Wet Road', 'timestamp': '0:04:19'}, {'title': 'Driving Safely in Rain Can Prevent Car Crashes', 'timestamp': '0:04:37'}, {'title': 'Truck Driver Chooses Wrong Lane on Turn', 'timestamp': '0:05:01'}, {'title': 'Driver Overtakes Near Exit Causing Danger', 'timestamp': '0:05:18'}, {'title': 'Reckless Driver Causes Close Call on Dashcam', 'timestamp': '0:05:33'}, {'title': 'Driver Speeds Through Smoke Causing Risk', 'timestamp': '0:05:51'}, {'title': 'Cybertruck Driver Drifts Into Oncoming Lane', 'timestamp': '0:06:06'}, {'title': 'Driving Fail Caught on Camera', 'timestamp': '0:06:26'}, {'title': 'Elderly Driver Makes Unsafe Left Turn', 'timestamp': '0:06:59'}, {'title': 'Driver Almost Crashes Into Power Pole on Dashcam', 'timestamp': '0:07:18'}, {'title': 'Car Appears Suddenly Causing Close Call', 'timestamp': '0:07:41'}, {'title': 'Driver Confusion Leads to Strange Driving Moment', 'timestamp': '0:07:54'}, {'title': 'Driver Makes Last Second Exit on Dashcam', 'timestamp': '0:08:07'}, {'title': 'Police Driver Moment of Distraction on Dashcam', 'timestamp': '0:08:32'}, {'title': 'Stolen U Haul Driver Chase Ends with PIT Maneuver', 'timestamp': '0:09:05'}, {'title': 'End', 'timestamp': '0:09:50'}]",11,04092026
324,kQHohwM9PQg,Dashcam Accident Compilation 08/12/2026 August 2026,12082026,UC6rAAGWWDTSKdQIof5DslpQ,136896,#ДТП снятые на видеорегистратор Август 2026. Видео #3248.  Поддержать канал!  Сбербанк: 2202206832162106 Tinkoff: 5536913957305887 Райффайзен: 2200300135204756  Прислать видео для выпуска можно на  Почту: 1russiancrash@gmail.com Самый удобный способ: https://forms.gle/hovYQkEnZEFEoMzz8  Группа VK: https://vk.com/russiancrash Канал в Telegram: https://t.me/russiancrash Канал RuTube: https://rutube.ru/channel/23692224/,[],10,04092026
325,1gQi0iu1OYs,Japan Car Crash Compilation - Fear of accidents & Bad Drivers & Driving Fails #10,17062023,UCnEpSBXMtRrObI89vS8jlUg,162949,"This dashcam caught a video featuring driving fails, instant karma, car crashes, good drivers, and bad drivers from Japan. This video has a great educational value which will help the viewer to learn safe driving as well as better road safety. Also, from the footage and additional information, a viewer can learn the consequences of bad driving and can educate his/her self with better driving safety. This process also gives our video a great educational value.  In addition, Japan, like the UK, drives in the left lane, and I think people in the right lane can learn about movements that are unfamiliar to them. I hope you find it useful when you travel abroad in the future.  Idiots In Cars - Idiots In Cars Compilation | Idiots In Cars Idiots In Cars / Idiots In Cars ~ Idiots In Cars Caught On Dash Cam  If you want me to remove any MUSIC or CLIPS, please contact to me.  ● Music Released and Provided by Tasty  ● Song Title: TheFatRat - Xenogenesis ● Music Video: https://youtu.be/_nabH71Bgyc ● Label Channel: http://youtube.com/TastyNetwork ● Album Download: https://tasty.network/2Ui29Le",[],10,04092026
326,F0XUSBcuBNg,"Russian Dashcam, Idiots in Cars, CAR CRASH COMPILATION 2024 &9 (w/ commentary)",09112024,UCSzHIkgnXAxVMCcnPGoSDwg,34506,"russian car crash, idiots in cars, car crash 2024, driving fails, idiot drivers 2024, car crashes 2024, russian dash cam 2024, hit and run, dashcam 2024, dashcam car crash videos, car crashes compilation 2024.  ➡️ Click to SUBSCRİBE! https://www.youtube.com/channel/UCSzHIkgnXAxVMCcnPGoSDwg  ✅ Explore the riveting world of traffic incidents in our car crash series, featuring real-life scenarios of speeding, carelessness, and traffic rule violations. Witness the compilation of collision aftermaths, each telling a unique story of vehicular misadventures.  ✅ If you enjoyed the video, show your support by hitting the like button and subscribing to our channel for the latest updates. Share your valuable opinions in the comments section, as your feedback means a lot to us. Let's make road safety a priority.   ✅ Dashcam Russia brings you authentic footage of road incidents with our signature touch, including text commentary and voice-over. Our videos are more than recycled content; they undergo an extensive 3-4 day production process. We pride ourselves on originality, incorporating defensive driving tips, compelling storylines, analyses, and even advice from witnesses or victims. Special editing effects, precise trimming, and strategic zooming enhance the viewing experience.  ✅ Your safety on the road is paramount. Implement the defensive driving tips shared in our videos to boost your overall road safety.  ✅ All videos are used with licensing agreements from copyright owners. If there's a mistake or you want your clip removed, contact us at dashcamrussia@gmail.com.  ✅ These videos, each with distinct contributions, serve as educational tools, enabling viewers to analyze, stay vigilant, and navigate potentially hazardous road scenarios effectively in the future.  #baddrivers, #drivingfails, #carcrash, #carcrashcompilation2024  You can access the original versions of some of the videos I commented on from the links below. ⬇️⬇️⬇️",[],10,04092026
327,ZOmy95ClqCk,Australian Car Crash / Dash Cam Compilation 30,05122021,UCvfqpaehdaqtkXPNhvJRyGA,1119531,Our Dash Cam Store (Use code DCOA5 for 5% off storewide): http://www.dashcamownersaus.com.au/  Send us a video: https://dashcamownersaus.com.au/contact-us/  Our second channel: https://www.youtube.com/channel/UCKe34IEj6kvAh652xVLIYRQ,[],10,04092026
328,AVrCCqDca1g,Idiots In Cars 400,07042026,UCOS7jdle9zw_HnKW4ytZnDw,79039,"Idiots In Cars - Idiots In Cars Compilation | Idiots In Cars 400 Idiots In Cars / Idiots In Cars ~ Idiots In Cars Caught On Dash Cam   ‼️Dashcam Nation makes content to help viewers and those who drive be more vigilant while commuting to work, home, or even on trips. Our focus is to raise awareness and learn from others’ driving mistakes. We truly believe this footage can serve as an educational and informational guide for viewers to analyze and evaluate situations. Remember, when you’re on the road, incidents can happen in the blink of an eye. So, please stay safe and vigilant while driving, and pay attention to road conditions and other vehicles. ‼️   Dashcams don’t just record accidents, they show how close we come to them every day. It’s a wakeup call to stay focused, drive defensively, and never assume the other person’s paying attention. It is a reminder how fast things can change and why staying alert really matters. You don’t need a crash to learn from the videos, just seeing how quickly things go wrong is enough to make you drive with a little more caution and a lot more awareness.   📥Submit your video: https://forms.gle/NnPQSGG5PWUT8EBbA   📋All the clips featured in our channel are used with copyright owners' permission, if you have any inquiry regarding your clip, please contact us at: dashcamnationofficial@gmail.com   Special thanks to: Andrew G Asterics moist_ginger_toes Seandiggity12 thepossessedpuppet PanthrosanTech mrbobcyndaquil Payton Russell   Close call with a school bus. - https://youtu.be/8imUFtPG8ig Near miss - https://youtu.be/75_gPrameZc Way Late Red Light Runner - https://youtu.be/qQUeIHkC61A There goes the front fender. - https://youtu.be/O1MWMkSq0UE Random NPC Road Rage/Car Chase - https://youtu.be/SvxZOpht0Ao Road Rage near miss i-84 - Fishkill, NY - https://youtu.be/RK74P3RVvS4    #dashcam #baddrivers #roadrage",[],10,04092026
329,nw6xUkz2ubc,11Foot8 Bridge Crash Compilation 2018,22122018,UCKW8l3iV_nRKhJJyFnVlD2A,950651,"www.11foot8.com https://www.youtube.com/user/yovo68              mason, landolt, pxcoh, etzor, 11foot8, 11foot8 bridge, 11foot8 bridge crash compilation, crash, crash compilation, crash compilation 2018, compilation, trucks, truck fails, 11foot8 news, 11foot8 best, 11foot8 fire, bridge, 2018, crash compilation funny, 11foot8 rv, 11foot8 2018, 11foot8 military, best car crashes, best, cars, 11foot8 live stream, best of 11foot8, low clearance, 11 foot 8, 11 foot 8 crashes, big rig crashes, truck crashes, trucks vs low bridges",[],10,04092026
330,tRoTR7L9ybs,IMPATIENT CAR DRIVER CRASHES INTO ROUNDABOUT - 1040 | Driving Fails,02092026,UCKIrZr7WuPFgFy7OfkAuHOw,23693,"Welcome to the wildest dashcam compilation yet. In this video, we’re breaking down the best car crashes, brutal road rage, and mind-boggling bad drivers from across the USA and Canada.  Treat this as a quick driving school lesson on what NOT to do out there on the roads. In this video, we analyze these dangerous situations to help you learn how to drive more defensively, identify potential hazards before they happen, and understand the critical mistakes that lead to these accidents. Stay safe and watch closely - there is a lesson in every clip.  ✪ Submit your Dashcam video for the feature here: https://megadrivingschool.com/submit Or sent to Email: megadrivingschoolyt@gmail.com  Got an Issue? Email me: megadrivingschoolyt@gmail.com  What you'll see in this caught on dashcam video: 1. 00:00 Distracted Texas Driver Caught on Dashcam 2. 00:26 Driving Fail Caught on Camera 3. 00:46 Driver Nearly Causes Car Crash 4. 01:09 Impatient Driver Fails to Yield at Roundabout 5. 01:35 Truck Driver Struggles to Stay in Lane 6. 01:55 Dashcam Caught on Camera 7. 02:11 Dash Cam Fails 8. 02:38 Dashcam Lessons Footage 9. 02:54 T Bone Crash Caught on Dashcam 10. 03:15 Mini Driver Fails Safe Distance and Crashes 11. 03:35 Wrong Way Drivers Get Instant Police Karma 12. 04:04 Driving Fail Caught on Camera 13. 04:31 Jeep Driver Brake Checks Car on Highway 14. 04:48 Police Chase Ends With Driver Walking Away 15. 05:04 Dashcam Caught on Camera 16. 05:35 Dashcam Footage Helps Driver After Crash 17. 05:58 Dodge Driver Pulls Out and Gets T Boned 18. 06:14 Tesla Dashcam Proves Fault in Total Loss Crash 19. 06:28 Dash Cam Fails 20. 06:46 Dashcam Lessons Footage 21. 07:11 Turning Driver Fails to Yield to Oncoming Traffic 22. 07:24 Driving Fail Caught on Camera 23. 07:47 Hit and Run Driver Flees on I93 South 24. 08:02 Road Rage Driver Attempts PIT Maneuver 25. 08:28 Dashcam Caught on Camera 26. 08:55 Driver Pulls Out in Front at Roundabout 27. 09:12 Driver Can't Even Follow the Lane 28. 09:37 BMW Runs Red Light Then Hits SUV 29. 09:59 End   #dashcam #car #automobile  ------------------------------------------------------------------------- Educational Disclaimer: These car crashes in usa and Canada are curated strictly for traffic safety analysis, accident awareness, and educational purposes. Drive safe!","[{'title': '1..Distracted Texas Driver Caught on Dashcam', 'timestamp': '0:00:00'}, {'title': '2..Driving Fail Caught on Camera', 'timestamp': '0:00:26'}, {'title': '3..Driver Nearly Causes Car Crash', 'timestamp': '0:00:46'}, {'title': '4..Impatient Driver Fails to Yield at Roundabout', 'timestamp': '0:01:09'}, {'title': '5..Truck Driver Struggles to Stay in Lane', 'timestamp': '0:01:35'}, {'title': '6..Dashcam Caught on Camera', 'timestamp': '0:01:55'}, {'title': '7..Dash Cam Fails', 'timestamp': '0:02:11'}, {'title': '8..Dashcam Lessons Footage', 'timestamp': '0:02:38'}, {'title': '9..T Bone Crash Caught on Dashcam', 'timestamp': '0:02:54'}, {'title': '10..Mini Driver Fails Safe Distance and Crashes', 'timestamp': '0:03:15'}, {'title': '11..Wrong Way Drivers Get Instant Police Karma', 'timestamp': '0:03:35'}, {'title': '12..Driving Fail Caught on Camera', 'timestamp': '0:04:04'}, {'title': '13..Jeep Driver Brake Checks Car on Highway', 'timestamp': '0:04:31'}, {'title': '14..Police Chase Ends With Driver Walking Away', 'timestamp': '0:04:48'}, {'title': '15..Dashcam Caught on Camera', 'timestamp': '0:05:04'}, {'title': '16..Dashcam Footage Helps Driver After Crash', 'timestamp': '0:05:35'}, {'title': '17..Dodge Driver Pulls Out and Gets T Boned', 'timestamp': '0:05:58'}, {'title': '18..Tesla Dashcam Proves Fault in Total Loss Crash', 'timestamp': '0:06:14'}, {'title': '19..Dash Cam Fails', 'timestamp': '0:06:28'}, {'title': '20..Dashcam Lessons Footage', 'timestamp': '0:06:46'}, {'title': '21..Turning Driver Fails to Yield to Oncoming Traffic', 'timestamp': '0:07:11'}, {'title': '22..Driving Fail Caught on Camera', 'timestamp': '0:07:24'}, {'title': '23..Hit and Run Driver Flees on I93 South', 'timestamp': '0:07:47'}, {'title': '24..Road Rage Driver Attempts PIT Maneuver', 'timestamp': '0:08:02'}, {'title': '25..Dashcam Caught on Camera', 'timestamp': '0:08:28'}, {'title': '26..Driver Pulls Out in Front at Roundabout', 'timestamp': '0:08:55'}, {'title': ""27..Driver Can't Even Follow the Lane"", 'timestamp': '0:09:12'}, {'title': '28..BMW Runs Red Light Then Hits SUV', 'timestamp': '0:09:37'}, {'title': '29..End', 'timestamp': '0:09:59'}]",10,04092026
331,nHb6yiwTYVI,Australian Car Crash / Dash Cam Compilation 35,05032023,UCvfqpaehdaqtkXPNhvJRyGA,951834,Our Discord: https://discord.gg/WUj2EWzukZ  Our Dash Cam Store (Use code DCOA5 for 5% off storewide): http://www.dashcamownersaus.com.au/  Send us a video: https://dashcamownersaus.com.au/contact-us/,[],10,04092026
332,iNFxm94XNl0,"Russian Dashcam, Car Accident, Car Crash Compilation &130",07062026,UCSzHIkgnXAxVMCcnPGoSDwg,970,"russian car crash, idiots in cars, car crash, traffic accident, idiot drivers, car crashes, russian dash cam, hit and run, dashcam, dashcam car crash videos, car crashes compilation.  ➡️ Click to SUBSCRİBE! https://www.youtube.com/channel/UCSzHIkgnXAxVMCcnPGoSDwg  ✅ Explore the riveting world of traffic incidents in our car crash series, featuring real-life scenarios of speeding, carelessness, and traffic rule violations. Witness the compilation of collision aftermaths, each telling a unique story of vehicular misadventures.  ✅ If you enjoyed the video, show your support by hitting the like button and subscribing to our channel for the latest updates. Share your valuable opinions in the comments section, as your feedback means a lot to us. Let's make road safety a priority.   ✅ Dashcam Russia brings you authentic footage of road incidents with our signature touch, including text commentary and voice-over. Our videos are more than recycled content; they undergo an extensive 3-4 day production process. We pride ourselves on originality, incorporating defensive driving tips, compelling storylines, analyses, and even advice from witnesses or victims. Special editing effects, precise trimming, and strategic zooming enhance the viewing experience.  ✅ Your safety on the road is paramount. Implement the defensive driving tips shared in our videos to boost your overall road safety.  ✅ All videos are used with licensing agreements from copyright owners. If there's a mistake or you want your clip removed, contact us at dashcamrussia@gmail.com.  ✅ These videos, each with distinct contributions, serve as educational tools, enabling viewers to analyze, stay vigilant, and navigate potentially hazardous road scenarios effectively in the future.  #baddrivers, #drivingfails, #carcrash, #carcrashcompilation  You can access the original versions of some of the videos I commented on from the links below. ⬇️⬇️⬇️",[],9,04092026
333,VffDGiuAHhI,"UK Dash Cams 2026 #78 - Shocking Moments, Road Rage, Fails, Bad Drivers, & Close Calls",30082026,UCZyRT83aj4Gs9jIF_qgmSgg,64540,"Get your Vantrue N4 Pro S 4K Dashcam here: https://bit.ly/3Tv1M0E  Use our exclusive discount code: FUWQOI9N  ---------------------  Books Made To Be Enjoyed: https://www.amazon.co.uk/stores/author/B0F2JDRN7S/  ---------------------  👉 Clip Submissions: Want to feature your dashcam clip? I will shorten your description if it's too long!  1️⃣ Email 📧 dashcamdiariesukyt@gmail.com Send:  Name (or say “anonymous”) Short description (optional) Location (e.g., “Rugby Town Centre”) Your dashcam video (file or link)  2️⃣ Google Form 📝 https://forms.gle/9P75hNf4Cb8yBKo97  3️⃣ Facebook 📱 https://www.facebook.com/profile.php?id=61583934932848  4️⃣ Reddit  🗯https://www.reddit.com/r/DashcamDiariesUK/  ---------------------  All clips are used with permission or appropriate licensing agreements. Today's clips are found on reddit and each person accepted their clip to be used in this video.  👍 Don’t forget to like, comment, and subscribe. It really helps the channel grow and keeps the weekly compilations coming.  If you enjoy clean, commentary-free dashcam chaos, you’re in the right place.  Welcome to another UK Dashcam Compilation packed with bad driving, near misses, road rage, and those classic “only in the UK” moments. Experience the latest UK dashcam moments featuring real incidents captured on British roads, from reckless drivers and close calls to road rage, near misses, and unexpected surprises. This compilation showcases genuine dashcam footage sent in by viewers across the UK, giving you a raw look at everyday driving hazards, dangerous manoeuvres, and the fast reactions that keep people safe. If you enjoy crash compilations, driving fails, and shocking moments caught on camera, this video delivers all the action in one place. Perfect for fans of UK road content, learner drivers, and anyone who loves real-world driving footage.  #UKDashcam #BadDrivers #RoadRage #DrivingFails #NearMiss #DashcamUK #CrashCompilation #CaughtOnCamera #FailCompilation #DangerousDriving #shockingmoments",[],8,04092026
334,7pb5RU8Hvyo,INDONESIAN CAR & MOTORCYCLE DASHCAM CRASH COMPILATION JULY (2) 2026,14072026,UCIUcmqD-NA56zR0LlIVoVTw,6934,Kirimkan Video Anda: https://forms.gle/6WYgi9gG1WAgXbge8 Komunitas Facebook Group: https://www.facebook.com/groups/895665377432110 Instagram: https://www.instagram.com/dashcamindonesia/ https://bit.ly/3sgvp5e  #BadDrivingIndonesia #DashcamIndonesia #MotorCrash #CarCrash #BadDriving,[],8,04092026
335,08lLOhM-VcI,Car Crash Compilation EP1,30042025,UC6VTQKv0uHyKBTSDSCWVzFQ,78171,"#baddrivers | #crashes | #roadrage | #closecalls | #dashcam  Welcome to Dodgy Drivers, where each week we bring you the best and worst examples of dodgy driving caught on dashcam. Our added commentary and credit are at the top of each clip, and all content is used with permission.  If you have a video you would like to see on Dodgy Drivers send it to us here: https://bit.ly/3Iu4gTD  We appreciate your support for our channel, and you can show your support by becoming a patron starting at just $1 a month: https://www.patreon.com/dodgydrivers  You can also donate to support the channel: https://www.paypal.me/dodgydrivers  Stay connected with us on our various social media platforms:  Facebook: https://facebook.com/dodgydriversofficial Twitch: https://www.twitch.tv/dodgydrivers TikTok: https://tiktok.com/@dodgydrivers  Joins Our Discord Server: https://discord.gg/weaED5nBWJ  Be sure to check out our website for latest news and blog posts: https://dodgydrivers.co.uk  And If you're in the market for a new dashcam, check out our affiliate links using the codes below for 10% off* some top-rated options:  VANTRUE official store: E1PRO (code: DODGYDRIVER ):https://bit.ly/3FwBm8d N4PRO (code: DODGYDRIVER ):https://bit.ly/4jKzIxw  AMAZON links: UK E1PRO (code FIUWS7J4 ):https://bit.ly/4dWkaFP UK N4PRO (code OQOCAKN5 ):https://bit.ly/43Oj9Li US E1PRO (code DODGYDRIVER ): https://bit.ly/447mdDr US N4PRO (code DKA78N4P ):https://bit.ly/4kwtzGr  *Offer is valid for ALL dashcams on the Official Vantrue website. Not Applicable with any other offers. (As a Vantrue Associate, I earn from qualifying purchases.)  Thank you for watching and stay safe on the roads! ©️ Dodgy Drivers Ltd all rights reserved.",[],8,04092026
336,7ozwr3bkLCA,North American Car Crash Compilation - 918 | Driving Fails | Dash Cam USA,15032026,UCKIrZr7WuPFgFy7OfkAuHOw,30130,"The wildest dashcam caught compilation is here. We’re breaking down the best of car crashes, brutal road rage, and mind-boggling bad drivers across the USA and Canada.  Treat this as a quick driving school lesson on what NOT to do out there on the roads. In this video, we analyze these dangerous situations to help you learn how to drive more defensively, identify potential hazards before they happen, and understand the critical mistakes that lead to these accidents. Stay safe and watch closely - there is a lesson in every clip.  ✪ Submit your Dashcam video for the feature here: https://megadrivingschool.com/submit Or sent to Email: megadrivingschoolyt@gmail.com  Got an Issue? Email me: megadrivingschoolyt@gmail.com  Chapters: 00:00 Calm Driver Shows Incredible Control on Dashcam 00:54 Car Crash at Merge Lane Caught on Dashcam 01:26 Car Crash After Shaking Vehicle at Merge 01:47 Dashcam Captures Car Crash at Busy Intersection 02:15 Hit and Run Driver Flees After Crash 02:38 Teen Driver Side Swipes Car on Dashcam 02:59 Unexpected Car Crash While Driving to Visit Mom 03:13 Roundabout Driver Cuts Across Car Path 03:35 Driving Fail Caught on Camera 03:49 Stolen Ambulance Driver Crashes Into Building on Dashcam 04:21 Dashcam Footage 04:54 Rear End Car Crash Driver Found 100 Percent At Fault 05:15 Driver Almost Causes Crash With Bad Stop 05:28 Dashcam Caught 05:49 Driver Uses Nonexistent Turn Lane on Dashcam 06:02 Driver Slows at Green Light Then Flees 06:26 Truck Driver Merges Too Early Forcing Car to Brake 06:51 Dashcam Shows Driver With Terrible Driving Skills 07:04 Rear End Driver Hits Honda CRV on Dashcam 07:30 Driver Reverse Rams Car During Parking Attempt 08:05 Dump Truck Driver Avoids Disaster After Risky Turn 08:25 Hit and Run Pickup Driver Flees Scene 08:47 Confused Driver Blocks Traffic on Dashcam 09:11 Dashcam Footage 09:21 Car Mirror Destroyed in Parking Lot Crash 09:41 Confused SUV Driver Ignores Straight Only Lane 09:56 High Speed Driver Chase Ends After Police PIT Maneuver on Dashcam 11:18 End   #dashcam #car #automobile","[{'title': 'Calm Driver Shows Incredible Control on Dashcam', 'timestamp': '0:00:00'}, {'title': 'Car Crash at Merge Lane Caught on Dashcam', 'timestamp': '0:00:54'}, {'title': 'Car Crash After Shaking Vehicle at Merge', 'timestamp': '0:01:26'}, {'title': 'Dashcam Captures Car Crash at Busy Intersection', 'timestamp': '0:01:47'}, {'title': 'Hit and Run Driver Flees After Crash', 'timestamp': '0:02:15'}, {'title': 'Teen Driver Side Swipes Car on Dashcam', 'timestamp': '0:02:38'}, {'title': 'Unexpected Car Crash While Driving to Visit Mom', 'timestamp': '0:02:59'}, {'title': 'Roundabout Driver Cuts Across Car Path', 'timestamp': '0:03:13'}, {'title': 'Driving Fail Caught on Camera', 'timestamp': '0:03:35'}, {'title': 'Stolen Ambulance Driver Crashes Into Building on Dashcam', 'timestamp': '0:03:49'}, {'title': 'Dashcam Footage', 'timestamp': '0:04:21'}, {'title': 'Rear End Car Crash Driver Found 100 Percent At Fault', 'timestamp': '0:04:54'}, {'title': 'Driver Almost Causes Crash With Bad Stop', 'timestamp': '0:05:15'}, {'title': 'Dashcam Caught', 'timestamp': '0:05:28'}, {'title': 'Driver Uses Nonexistent Turn Lane on Dashcam', 'timestamp': '0:05:49'}, {'title': 'Driver Slows at Green Light Then Flees', 'timestamp': '0:06:02'}, {'title': 'Truck Driver Merges Too Early Forcing Car to Brake', 'timestamp': '0:06:26'}, {'title': 'Dashcam Shows Driver With Terrible Driving Skills', 'timestamp': '0:06:51'}, {'title': 'Rear End Driver Hits Honda CRV on Dashcam', 'timestamp': '0:07:04'}, {'title': 'Driver Reverse Rams Car During Parking Attempt', 'timestamp': '0:07:30'}, {'title': 'Dump Truck Driver Avoids Disaster After Risky Turn', 'timestamp': '0:08:05'}, {'title': 'Hit and Run Pickup Driver Flees Scene', 'timestamp': '0:08:25'}, {'title': 'Confused Driver Blocks Traffic on Dashcam', 'timestamp': '0:08:47'}, {'title': 'Dashcam Footage', 'timestamp': '0:09:11'}, {'title': 'Car Mirror Destroyed in Parking Lot Crash', 'timestamp': '0:09:21'}, {'title': 'Confused SUV Driver Ignores Straight Only Lane', 'timestamp': '0:09:41'}, {'title': 'High Speed Driver Chase Ends After Police PIT Maneuver on Dashcam', 'timestamp': '0:09:56'}, {'title': 'End', 'timestamp': '0:11:18'}]",8,04092026
337,EDh3nbTo2Ww,Idiots in Cars 2023 Russian Roads 3,20122023,UCInXUU3uPUfW1HUNMUFIKdw,5097797,"Dashcam videos showing situations on the roads with bad drivers sometimes idiots drivers and other situatons worth to see. Clips like this have educational purposes, so the drivers can learn from other mistakes, not their own.  Videos with road rage, road rage karma, brake check, instant karma, justice, driver, bad driver, usa, canada, usa road rage, accident, crash, rear ended, close call, near miss, compilation, crazy, semi, best of road rage, car crash compilation, semi truck brake check, new road rage, hit and run, crazy road rage usa, bad drivers america, insurance scam fail, car crash usa, canada road rage, usa car crash, usa accident, usa driving fail, bad drivers usa, road rage 2023, rage, dashcam compilation, driving fails and cars crashes.  #dashcam #dashcams #dashcamvideo #dashcamvideos  #carcrash #carcrashes #carcrashcompilation #fails #compilation #baddrivers In video situation like this, awesome and interesting view,moments,drift,shows,ride,craziest moments,shocked,live tv,incidente,Overland,Experience,itchy boots,grip garage,idiots in cars,sleeperdude,f1,motogp 2023,project car brasil,car crash compilation,stupid drivers,bad day,dashcam,try not to laugh,total fails,car crash,idiot drivers,funny videos,bad drivers,funny car clips,road rage,idiots on wheels,crashes,drift taxi,compilation 2023,ultimate,motogp,carwow,caught on camera,Best Funny Videos 2023",[],8,04092026
338,wbj213jb9DE,BEST OF THE MONTH (JANUARY 2025) | UK Car Crashes Compilation | Idiots In Cars (w/ Commentary),12022025,UC8kQrh-1JyFZ3RiTHHKMt7A,123321,"⭐This video featuring driving fails, instant karma, close call, road rage, hit and run, car crashes, good drivers, bad drivers, and many more... This video can be utilized as a learning tool, so the viewers can learn from other mistakes, not their own.  ⭐ Looking for a dashcam for your car? We recommend VIOFO: ➡️ For UK VS1 2K:  https://amzn.to/4anhmOu (5% off promo code: RubyDAVS1) A229 Pro 4K: https://amzn.to/3UA9ofb  (5% off promo code: RubyDA229PRO)  ➡️ For US VS1 2K: https://amzn.to/3wvcjxD (5% off promo code: RubyDAVS1) A229 Pro 4K: https://amzn.to/4dLMdY6 (5% off promo code: RubyDA229PRO)  (affiliate link that may earn us commission) - Purchasing a product using these affiliate links earns us a commission and is a great way to support the channel at no extra cost!  *Driving safely should be your number one concern behind the wheel. Following these defensive driving tips from our videos to improve your own road safety.  ⭐Ruby Dashcam Academy provides actual footage of road incidents captured on dash cams. There's a story-line & our own unique contributions (TEXT COMMENTARY & VOICE-OVER) throughout the video. We have also added the special editing effects, trimming, zooming, etc with the footage throughout the compilation. This whole process required our 3-5 days for producing a video.  ⭐These videos with own unique contributions can be used as an educational and informative resource for viewers to analyze and evaluate situations, stay alert and get out of a potentially dangerous situation on the road in the future.  ⭐Visit our official website for defensive driving tips: https://rubydashcamacademy.com/  ⭐ALL VIDEOS USED WITH LICENSING AGREEMENT FROM COPYRIGHT OWNER! If we made a mistake or you just want to remove your clip, please let us know here: hannahbruntnell114@gmail.com  ⭐Submit your clip for the feature here: https://rubydashcamacademy.com/submit-your-clip/ --------- Thank you for watching and stay safe!  #ukdashcam #ukcarcrashes #baddrivers #drivingfails",[],8,04092026
339,XoP22bdrxBk,Your Videos #597 - Dashcam - Accident Assistance - Driving Blind Without Lights - Jerk Move Again...,29082026,UC6sac4Q3AuQUGoUpnzd10bA,552723,"Werbung: yfood Rabattcode: SASCHALKW-YOUTUBE Link: https://bit.ly/4h7Wcea Ich habe viele Dashcams getestet. Hier mein Empfehlungsvideo ""Welche Dashcam kaufen Update von Juni 2026"" https://youtu.be/5F8YjU145H8 und das Hauptvideo dazu von 2024 mit vielen Erklärungen allgemein: https://youtu.be/gkKVjiCNK9g  Einsendepause. Schickt mir keine Videos. Rund um die Uhr FahrnuenftigTV: https://www.twitch.tv/fahrnuenftigTV Mit freundlicher Unterstützung durch @Horsepower Dashcam ! Die Einsenderegeln, welche die Einsender akzeptiert haben, findet ihr in der Warteliste. Warteliste: https://www.saschas-fanforum.de/warteliste Dort steht zB, wie was wo ihr mir Videos schickt, dass ich die Videos exklusiv haben will bis ich sie gezeigt habe, ihr die Nutzungsrechte an mich abtretet, ich mit euren Einsendungen Geld verdiene, und dass ich im Falle einer Anzeige keine Infos rausgeben kann weil zum Zeitpunkt der Veröffentlichung die Absender und unverpixelte Videos mir schon lange nicht mehr vorliegen. (So fordert es die DSGVO) Und dass eigentlich immer Einsendepause herrscht weil ich innerhalb 4 Tagen Material für Monate zugeschickt kriege. Da steht aber auch, dass ihr richtige Unfälle immer schicken könnt. Regeln beachten!  -- Dieser Kanal dient zur Unterhaltung und vor allem zur Aufklärung! Darum wird hier niemand verpetzt oder angezeigt. Wenn Szenen gelöscht werden sollen, einfach mal ne freundliche email mit eurem Anliegen an mich. Das geht schneller als Anwälte einzuschalten. Email findet ihr in der Kanalinfo. --  Ich habe viele Dashcams getestet.  Mein Empfehlungsvideo ""Welche Dashcam kaufen"": https://youtu.be/gkKVjiCNK9g  Playlist mit allen Dashcamtests: https://youtube.com/playlist?list=PLDRvRUfzawC1RnekDplzXoBDbTEsvPROb  Wer mir unbedingt etwas ohne Gegenleistung spenden möchte kann dieses über paypal tun: fahrnuenftig@t-online.de Oder monatlich spenden via Steady. (Jederzeit kündbare Abos) https://steady.page/de/fahrnuenftig  Livestream 24/7 von Eure Videos und Sascha LKW auf Twitch: https://www.twitch.tv/fahrnuenftigtv Manchmal streame ich auf Twitch, aber wenn, dann fahre ich dort Autos kaputt: https://www.twitch.tv/SaschaFahrnuenftig Fanforum: https://www.saschas-fanforum.de  Meine Fernfahrerzeit im LKW und wie ich mich über die anderen Verkehrsteilnehmer aufrege, seht ihr hier: @Sascha LKW Fahrnünftig https://www.youtube.com/fahrnuenftig  Asoziale Netzwerke: facebook: Sascha Fahrnünftig https://www.facebook.com/saschalkwfahrnuenftig instagram: SaschaFahrnuenftig https://instagram.com/saschafahrnuenftig/  Unterstützen könnt ihr mich wenn ihr bei amazon/ebay/dashcam-shop einkaufen geht. Klickt vorher einen von meinen Links an, und kauft euch dann das was ihr sowieso haben wollt. Dann kriege ich eine Provision dafür (Affiliate-Links) Euch kostet das keinen Cent mehr. Ihr könnt natürlich kaufen wo ihr wollt. Danke für eure Unterstützung! Rabattcodes unterm Vergleichsvideo.  Ich habe viele Dashcams getestet.  Mein NEUES Empfehlungsvideo ""Welche Dashcam kaufen"": https://youtu.be/gkKVjiCNK9g Playlist mit allen Dashcamtests: https://youtube.com/playlist?list=PLDRvRUfzawC1RnekDplzXoBDbTEsvPROb  128GB Speicherkarte für alle Dashcams (Update 12-2024): https://amzn.to/48zo1WJ Für die neuen 4K Cams besser sogar die teuren: https://amzn.to/3AxEUEt (Oder gleich die teuren Herstellerkarten.)  12 Volt USB Verteiler der nicht aufbrennt: https://amzn.to/2xXfKvm  Mein super gutes Autobatterie Ladegerät: https://amzn.to/3UgA1nj  Leere Autobatterie? Sich selber Starthilfe geben: ebay: https://ebay.us/r1lyPN oder: https://ebay.us/Tdx3Kw Amazon anscheinend der Nachfolger (ungetestet): https://amzn.to/4l1kgPj  Die sauhelle Taschenlampe aus den LKW-Videos, bzw der ebenso gute Nachfolger mit USB-C: https://amzn.to/35RHaUm  Meine Schuhgröße ist die 45.  http://amzn.to/2qx7NYQ  Pro Wischdurchgang nutze ich 3 Blatt gefaltetes Klopapier. http://amzn.to/2I9ifyo  Falls sich einer für das Gesicht der Kanalstimme interessiert: https://youtu.be/DtPB4cHMv_o  Wer tatsächlich bis hier gelesen hat: Ich schenke euch eine Dashcam: https://amzn.to/3l32HQ8  Nee, im Ernst. Meine Belohnung für euch: https://youtu.be/vlohpVLwar0",[],8,04092026
340,B2tpgZmU_hg,North American Car Crash Compilation - 913 | Driving Fails | Dash Cam USA,10032026,UCKIrZr7WuPFgFy7OfkAuHOw,29054,"The wildest dashcam caught compilation is here. We’re breaking down the best of car crashes, brutal road rage, and mind-boggling bad drivers across the USA and Canada.  Treat this as a quick driving school lesson on what NOT to do out there on the roads. In this video, we analyze these dangerous situations to help you learn how to drive more defensively, identify potential hazards before they happen, and understand the critical mistakes that lead to these accidents. Stay safe and watch closely - there is a lesson in every clip.  ✪ Submit your Dashcam video for the feature here: https://megadrivingschool.com/submit Or sent to Email: megadrivingschoolyt@gmail.com  Got an Issue? Email me: megadrivingschoolyt@gmail.com  Chapters: 00:00 SUV Cuts Across Multiple Lanes Without Looking 00:22 Bus Driving in Bike Lane Gets Police Involved 01:11 Driving Fail Caught on Camera 01:37 Saw the Crash Coming but Couldn’t Avoid It 02:05 Ford F-150 Slides Sideways on Snowy Road 02:48 Two Accidents in One Stop in Long Island 03:15 Dangerous Lane Change in the Rain (Toronto) 03:40 Dash Cam Footage 03:59 Semi Swerving and Tries to Run Us Off the Road 04:24 Rear-Ended by Toyota Sequoia at Red Light 04:54 Left Turner Nearly Fails to Yield 05:10 Crash in Allegheny County 05:24 U-Haul Hit-and-Run Caught on Dashcam 05:43 Red-Light Runner in Front of Police (Hagerstown MD) 06:04 Failed Zipper Merge on Highway On-Ramp 06:53 Suspected Insurance Fraud Caught on Dashcam 07:44 Lucky Jogger Avoids Disaster 07:54 ML350 Hit by Car Pulling Out of Stop Sign 08:31 Semi Forces Another Semi Off the Road 08:45 Ford Ranger With No Plates Hits Mirror and Flees 09:04 Turning Driver Fails to Yield Then Road Rages 09:27 Close Call With Idiot Driver in Mississauga 09:43 Casual Right Turn Almost Causes Crash 10:05 End     #dashcam #car #automobile","[{'title': 'SUV Cuts Across Multiple Lanes Without Looking', 'timestamp': '0:00:00'}, {'title': 'Bus Driving in Bike Lane Gets Police Involved', 'timestamp': '0:00:22'}, {'title': 'Driving Fail Caught on Camera', 'timestamp': '0:01:11'}, {'title': 'Saw the Crash Coming but Couldn’t Avoid It', 'timestamp': '0:01:37'}, {'title': 'Ford F-150 Slides Sideways on Snowy Road', 'timestamp': '0:02:05'}, {'title': 'Two Accidents in One Stop in Long Island', 'timestamp': '0:02:48'}, {'title': 'Dangerous Lane Change in the Rain (Toronto)', 'timestamp': '0:03:15'}, {'title': 'Dash Cam Footage', 'timestamp': '0:03:40'}, {'title': 'Semi Swerving and Tries to Run Us Off the Road', 'timestamp': '0:03:59'}, {'title': 'Rear-Ended by Toyota Sequoia at Red Light', 'timestamp': '0:04:24'}, {'title': 'Left Turner Nearly Fails to Yield', 'timestamp': '0:04:54'}, {'title': 'Crash in Allegheny County', 'timestamp': '0:05:10'}, {'title': 'U-Haul Hit-and-Run Caught on Dashcam', 'timestamp': '0:05:24'}, {'title': 'Red-Light Runner in Front of Police (Hagerstown MD)', 'timestamp': '0:05:43'}, {'title': 'Failed Zipper Merge on Highway On-Ramp', 'timestamp': '0:06:04'}, {'title': 'Suspected Insurance Fraud Caught on Dashcam', 'timestamp': '0:06:53'}, {'title': 'Lucky Jogger Avoids Disaster', 'timestamp': '0:07:44'}, {'title': 'ML350 Hit by Car Pulling Out of Stop Sign', 'timestamp': '0:07:54'}, {'title': 'Semi Forces Another Semi Off the Road', 'timestamp': '0:08:31'}, {'title': 'Ford Ranger With No Plates Hits Mirror and Flees', 'timestamp': '0:08:45'}, {'title': 'Turning Driver Fails to Yield Then Road Rages', 'timestamp': '0:09:04'}, {'title': 'Close Call With Idiot Driver in Mississauga', 'timestamp': '0:09:27'}, {'title': 'Casual Right Turn Almost Causes Crash', 'timestamp': '0:09:43'}, {'title': 'End', 'timestamp': '0:10:05'}]",8,04092026
341,BDk761Ele_8,DASHCAM FRANCE 42,08032026,UC09zxStRmN2l3PfghFLMQ9A,116053,"Dashcam France Compilation #42   Accidents, road rage et freinages d'urgence __________________________________________  Obtenez des réductions sur vos achats Vantrue avec le code 100DASHCAM ou FRDASHCAM100 ou en utilisant ces liens :  E1 Pro : Amazon : https://bit.ly/4bs9vTy  Nexus 4 Pro: Site Vantrue : https://bit.ly/488tFAJ Amazon : https://amzn.to/4nqK5sQ  Nexus 5: Site Vantrue : https://bit.ly/4pcqiik Amazon : https://amzn.to/45VjttX  E360 ACE : Site Vantrue : https://bit.ly/4moDQVv Amazon :  https://amzn.to/46r0kz6  E360:  Site vantrue : https://bit.ly/4moDQVv  Amazon : https://amzn.to/4nHMNtY  #vantrue #vantruedashcam #vantrueE360 #vantrueN4PRO #vantrueN5   ___________________________________________  Instagram : https://instagram.com/100dashcam?igshid=YmMyMTA2M2Y=  Tiktok: https://www.tiktok.com/@100dashcam?_t=8UzsASxZEsY&_r=1  Facebook: Cent Dashcam  Mail: 100dashcam@gmail.com   ___________________________________________  Séquences abonnés:   elliot__fx : https://www.tiktok.com/@elliot__fx?_t=ZN-90b35h1fShK&_r=1  pauliinexs : https://www.tiktok.com/@pauliinexs?_r=1&_t=ZN-94WTl7mVRTy  guih8626 : https://www.tiktok.com/@guih8626?_r=1&_t=ZN-94WTnTVoWTG  la_petite_volks : https://www.tiktok.com/@la_petite_volks?_r=1&_t=ZN-94WTqkBhkYA  mr.mogette : https://www.tiktok.com/@mr.mogette?_r=1&_t=ZN-94WTvxJitfS  francois.bury : https://www.tiktok.com/@francois.bury?_r=1&_t=ZN-94WTzdBwaiU  valentinbiarnes : https://www.tiktok.com/@valentinbiarnes?_r=1&_t=ZN-94WU1YrJM4E  aries_opc : https://www.instagram.com/aries_opc?igsh=bTRpZnhoaTVyMDNk  arthemus : https://www.tiktok.com/@artheeef9i7?_r=1&_t=ZN-94WU8gdMaOs  Envoyez moi vos séquences par Wetransfer:    https://wetransfer.com  Ou sur mon mail:   100dashcam@gmail.com  Ou sur mes réseaux...  _________________________________________   Support Vidéo:    Dashcam Blackvue DR900x-plus 2CH   Dashcam Vantrue N5 ( 4 canaux )   Dashcam Vantrue N4 Pro ( 3 canaux )   Dashcam E360 ACE ( 360 degrés)  _________________________________________  Sources:   Musiques:   Si besoin d’un titre me demander en commentaire !   Musiques déjà utilisé sur cette chaîne (potentiellement redondante dans certaines vidéos):   https://youtu.be/cYxTebkC8Vc?si=n-rTV705N1r9DIpn  https://youtu.be/8GW6sLrK40k?si=rpYAk8CNC_hkx1SD  https://youtu.be/gn19U2lMNnw?si=R1TCyV6u1Pm5JGkK  https://youtu.be/sr2nGCU2oJ0  Techno 2022- Felippinho21  This is not phonk- Bgnzinho  https://youtu.be/2Ax_EIb1zks?si=Av06W61jtZ-lz4CG      #dashcamfrance #crash #roadrage #accident  #accidentfrance",[],8,04092026
342,aXLnm_k835c,INDONESIAN DASHCAM CAR & MOTORCYCLE CRASH COMPILATION MAY (4) 2026,29052026,UCIUcmqD-NA56zR0LlIVoVTw,3396,Kirimkan Video Anda: https://forms.gle/6WYgi9gG1WAgXbge8 Komunitas Facebook Group: https://www.facebook.com/groups/895665377432110 Instagram: https://www.instagram.com/dashcamindonesia/ https://bit.ly/3sgvp5e  #BadDrivingIndonesia #DashcamIndonesia #MotorCrash #CarCrash #BadDriving,[],7,04092026
343,KNxiJWq_3UM,North American Car Crash Compilation - 865 | Driving Fails | Dash Cam USA,07012026,UCKIrZr7WuPFgFy7OfkAuHOw,37742,"Welcome to the wildest dashcam compilation yet. In this video, we’re breaking down the best car crashes, brutal road rage, and mind-boggling bad drivers from across the USA and Canada.  Treat this as a quick driving school lesson on what NOT to do out there on the roads. In this video, we analyze these dangerous situations to help you learn how to drive more defensively, identify potential hazards before they happen, and understand the critical mistakes that lead to these accidents. Stay safe and watch closely - there is a lesson in every clip.  ✪ Submit your Dashcam video for the feature here: https://megadrivingschool.com/submit Or sent to Email: megadrivingschoolyt@gmail.com  Got an Issue? Email me: megadrivingschoolyt@gmail.com  What you'll see in this caught on dashcam video: 00:00 RAV4 Runs Red, Nearly Hits Pedestrian 00:24 Car crash caught on dashcam footage 00:38 Screaming Goat Horn Stops Lane-Cut Drama 00:56 White Car Plows Into Intersection Traffic 01:16 Car accident caught on dashcam footage 01:37 Car crash caught on dashcam footage 02:08 McDonald's Rush: Blows Yield, Cuts Two Lanes 02:31 Right-On-Red Hit, Then Rainy Runaway Driver 03:05 Slow Down Before It’s Too Late 03:17 Car accident caught on dashcam footage 03:51 Unsecured Load Spills, Chaos Follows Behind 04:03 Dashcam Captures Crash, Aftermath Unknown Here 04:26 How Do You Miss That Truck, Hit-Run 04:57 Car crash caught on dashcam footage 05:51 First Snowfall Sends Jeep Off Hwy 140 05:45 Two-Lane Cutoff Stops For McDonald's Suddenly 06:05 Phone Multitasking Ends Bad On The Road 06:24 Wrong-Way Driver Smashes On 16th Ave SW 06:49 Check Your Mirrors Before Changing Lanes 07:02 Instant Karma For Tailgating The Truck 07:29 Car accident caught on dashcam footage 07:41 Windy Night Debris Bounces On Eastern Shore 07:56 Landscaping Truck Swerves, Distracted Driver Caught 08:16 Car crash caught on dashcam footage 08:34 San Bernardino Lane Drift Hits Parked Cars 08:47 Car accident caught on dashcam footage 09:20 Bad Driver Swerves For Last-Second Exit 09:39 King Tide Floods Streets In Coos Bay 10:38 End   #dashcam #car #automobile  ------------------------------------------------------------------------- Educational Disclaimer: These car crashes in usa and Canada are curated strictly for traffic safety analysis, accident awareness, and educational purposes. Drive safe!","[{'title': 'RAV4 Runs Red, Nearly Hits Pedestrian', 'timestamp': '0:00:00'}, {'title': 'Car crash caught on dashcam footage', 'timestamp': '0:00:24'}, {'title': 'Screaming Goat Horn Stops Lane-Cut Drama', 'timestamp': '0:00:38'}, {'title': 'White Car Plows Into Intersection Traffic', 'timestamp': '0:00:56'}, {'title': 'Car accident caught on dashcam footage', 'timestamp': '0:01:16'}, {'title': 'Car crash caught on dashcam footage', 'timestamp': '0:01:37'}, {'title': ""McDonald's Rush: Blows Yield, Cuts Two Lanes"", 'timestamp': '0:02:08'}, {'title': 'Right-On-Red Hit, Then Rainy Runaway Driver', 'timestamp': '0:02:31'}, {'title': 'Slow Down Before It’s Too Late', 'timestamp': '0:03:05'}, {'title': 'Car accident caught on dashcam footage', 'timestamp': '0:03:17'}, {'title': 'Unsecured Load Spills, Chaos Follows Behind', 'timestamp': '0:03:51'}, {'title': 'Dashcam Captures Crash, Aftermath Unknown Here', 'timestamp': '0:04:03'}, {'title': 'How Do You Miss That Truck, Hit-Run', 'timestamp': '0:04:26'}, {'title': 'Car crash caught on dashcam footage', 'timestamp': '0:04:57'}, {'title': 'First Snowfall Sends Jeep Off Hwy 140', 'timestamp': '0:05:51'}, {'title': 'Phone Multitasking Ends Bad On The Road', 'timestamp': '0:06:05'}, {'title': 'Wrong-Way Driver Smashes On 16th Ave SW', 'timestamp': '0:06:24'}, {'title': 'Check Your Mirrors Before Changing Lanes', 'timestamp': '0:06:49'}, {'title': 'Instant Karma For Tailgating The Truck', 'timestamp': '0:07:02'}, {'title': 'Car accident caught on dashcam footage', 'timestamp': '0:07:29'}, {'title': 'Windy Night Debris Bounces On Eastern Shore', 'timestamp': '0:07:41'}, {'title': 'Landscaping Truck Swerves, Distracted Driver Caught', 'timestamp': '0:07:56'}, {'title': 'Car crash caught on dashcam footage', 'timestamp': '0:08:16'}, {'title': 'San Bernardino Lane Drift Hits Parked Cars', 'timestamp': '0:08:34'}, {'title': 'Car accident caught on dashcam footage', 'timestamp': '0:08:47'}, {'title': 'Bad Driver Swerves For Last-Second Exit', 'timestamp': '0:09:20'}, {'title': 'King Tide Floods Streets In Coos Bay', 'timestamp': '0:09:39'}, {'title': 'End', 'timestamp': '0:10:38'}]",7,04092026
344,2-_xZp1S-QU,"Dashcam Russia, Idiots in Cars, CAR CRASH COMPILATION &82",11122025,UCSzHIkgnXAxVMCcnPGoSDwg,2915,"russian car crash, idiots in cars, car crash, driving fails, idiot drivers, car crashes, russian dash cam 2025, hit and run, dashcam, dashcam car crash videos, car crashes compilation.  ➡️ Click to SUBSCRİBE! https://www.youtube.com/channel/UCSzHIkgnXAxVMCcnPGoSDwg  ✅ Explore the riveting world of traffic incidents in our car crash series, featuring real-life scenarios of speeding, carelessness, and traffic rule violations. Witness the compilation of collision aftermaths, each telling a unique story of vehicular misadventures.  ✅ If you enjoyed the video, show your support by hitting the like button and subscribing to our channel for the latest updates. Share your valuable opinions in the comments section, as your feedback means a lot to us. Let's make road safety a priority.   ✅ Dashcam Russia brings you authentic footage of road incidents with our signature touch, including text commentary and voice-over. Our videos are more than recycled content; they undergo an extensive 3-4 day production process. We pride ourselves on originality, incorporating defensive driving tips, compelling storylines, analyses, and even advice from witnesses or victims. Special editing effects, precise trimming, and strategic zooming enhance the viewing experience.  ✅ Your safety on the road is paramount. Implement the defensive driving tips shared in our videos to boost your overall road safety.  ✅ All videos are used with licensing agreements from copyright owners. If there's a mistake or you want your clip removed, contact us at dashcamrussia@gmail.com.  ✅ These videos, each with distinct contributions, serve as educational tools, enabling viewers to analyze, stay vigilant, and navigate potentially hazardous road scenarios effectively in the future.  #baddrivers, #drivingfails, #carcrash, #carcrashcompilation  You can access the original versions of some of the videos I commented on from the links below. ⬇️⬇️⬇️",[],7,04092026
345,eTga-2uGQXI,Australian Car Crash / Dash Cam Compilation 36,07052023,UCvfqpaehdaqtkXPNhvJRyGA,232753,Our Discord: https://discord.gg/WUj2EWzukZ  Our Dash Cam Store (Use code DCOA5 for 5% off storewide): http://www.dashcamownersaus.com.au/  Send us a video: https://dashcamownersaus.com.au/contact-us/,[],7,04092026
346,pIUkkwA5GKU,BEST OF THE MONTH (OCTOBER 2024) | UK Car Crashes Compilation | Idiots In Cars (w/ Commentary),01102024,UC8kQrh-1JyFZ3RiTHHKMt7A,182247,"⭐This video featuring driving fails, instant karma, close call, road rage, hit and run, car crashes, good drivers, bad drivers, and many more... This video can be utilized as a learning tool, so the viewers can learn from other mistakes, not their own.  *Driving safely should be your number one concern behind the wheel. Following these defensive driving tips from our videos to improve your own road safety.  ⭐Ruby Dashcam Academy provides actual footage of road incidents captured on dash cams. There's a story-line & our own unique contributions (TEXT COMMENTARY & VOICE-OVER) throughout the video. We have also added the special editing effects, trimming, zooming, etc with the footage throughout the compilation. This whole process required our 3-5 days for producing a video.  ⭐These videos with own unique contributions can be used as an educational and informative resource for viewers to analyze and evaluate situations, stay alert and get out of a potentially dangerous situation on the road in the future.  ⭐Visit our official website for defensive driving tips: https://rubydashcamacademy.com/  ⭐ALL VIDEOS USED WITH LICENSING AGREEMENT FROM COPYRIGHT OWNER! If we made a mistake or you just want to remove your clip, please let us know here: hannahbruntnell114@gmail.com  ⭐Submit your clip for the feature here: https://rubydashcamacademy.com/submit-your-clip/ --------- Thank you for watching and stay safe!  #ukdashcam #ukcarcrashes #baddrivers #drivingfails",[],7,04092026
347,ZGlHThMC-Ww,Ridiculously Close Calls Caught on Camera,03062022,UCzSSoloGEz10HALUAbYhngQ,770823,Ridiculously Close Calls Caught on Camera that you won't believe. No one was hurt in the filming of these events.   Subscribe to NewsflareBreaking: http://bit.ly/newsflare  Connect with NewsflareBreaking Online: ▶Facebook https://www.facebook.com/Newsflare ▶Twitter https://twitter.com/Newsflare  Register now to upload your videos and be notified of paid video assignments near you. → Visit https://www.newsflare.com/?utm_source=youtube&utm_medium=social to find out more.,[],7,04092026
348,5gVkqrW99DE,Funny russian car crashes 2020 february  winter edition compilation,15022020,UCzZqWMxx3jf0OLxRzOjmk1Q,130586,"Get Crypto Tab Browser Here and Start Earning FREE Bitcoin  Straight Away 👉https://get.cryptobrowser.site/1/2629438  💸 Stay protected! Get a reliable dash cam! (Affiliate Links) 🎥➡️➡️➡️➡️  https://amzn.to/2u4nMUI  🎥➡️➡️➡️➡️ https://amzn.to/3kWTQ1f  🎥➡️➡️➡️➡️https://amzn.to/3nTcZmt English:  You want to send me your clips?   1. Make a ZIP from your clips 2. Upload it on https://wetransfer.com/ and copy the link or let it send a mail. 3. Send me a Mail at failscarcrash@gmail.com with the Link, your name and where the videos are made 4. Wate ;)  📣📣📣Ihr wollt eure Clips einsenden? So geht es:📣📣📣  1. Packt eure Clips in eine ZIP Datei 2. Geht auf https://wetransfer.com/ wählt eure ZIP aus und kopiert den erzeugten Link oder lasst die Email schicken. 3. Schickt mir eine Email an failscarcrash@gmail.com mit dem Link und schreibt mir noch euren Namen und wo die Videos entstanden sind.  Das hochladen ist auch über Dropbox möglich. Auch hier den öffentlichen Link kopieren und mir mailen.  failscarcrash@gmail.com USA, CANADA, UK, RUSSIA, AUSTRALIA  BEST OF DASH CAMS 2020  This also features clips such as bad drivers, rear ended, and driving fails. This video can be utilized as a learning tool of how to obey traffic laws, road safety procedures, and driving conditions. This video can also educate yourself about the consequences of bad driving/driving fails to help you become a knowledgeable driver. Many clips are used as an example of how to and how NOT to follow driving procedures. Recall that driving is a privilege, not a right. We do NOT own the video materials and all credits belong to respectful owners. In case of copyright issues, please contact us immediately for further credits or clip delete. #CarCrashCompilation #DrivingFails #BadDrivers Russian Car Crashes  Compilation June 2020 #2  #dashcam #carcrash #drivingfails  This Car Crash Compilation show you car crashes in the winter in russia (February 2020). Enjoy watching. Drive safely and keep yourself and others safe.  In these type of videos Im trying to show situations on the roads which are for educational purposes, so the drivers can learn from other mistakes, not their own.   We do NOT own the video materials and all credits belong to respectful owners. In case of copyright issues, please contact us immediately for further credits or clip delete.   This Car Crash Compilation show you car crashes in the winter in russia (February 2020). Enjoy watching. Drive safely and keep yourself and others safe.  In these type of videos Im trying to show situations on the roads which are for educational purposes, so the drivers can learn from other mistakes, not their own.   We do NOT own the video materials and all credits belong to respectful owners. In case of copyright issues, please contact us immediately for further credits or clip delete.",[],7,04092026
349,IlYG42onI1U,🇬🇧  UK CAR CRASH / INSTANT KARMA / ROAD RAGE COMPILATION  (5),29072022,UCygISJtog2MXdhaHhXFBAGw,166786,"Send your clips to originalddstv2@gmail.com to get featured!  Visit USADashcams.com and use promo code ""DDSTV"" --  to get a 1 year warranty, free shipping, AND 10% off!",[],7,04092026
350,eNdieBantCE,Australian Car Crash / Dash Cam Compilation 27,11042021,UCvfqpaehdaqtkXPNhvJRyGA,709019,Our Dash Cam Store (Use code DCOA5 for 5% off storewide): http://www.dashcamownersaus.com.au/  Send us a video: https://dashcamownersaus.com.au/contact-us/  Follow our streams on twitch: https://www.twitch.tv/dashcamownersaus,[],7,04092026
351,IBN0O_P0CNw,"Compilation #69 - 2026 | Exposed: UK Dash Cams | Crashes, Bad Drivers & Road Rage",27082026,UCxIlACNetQDzDfdpLFQCShw,78853,"🎥 Welcome to Compilation #69 - 2026! 🚗💥  📺 Want more unfiltered action? Check out the Unbleeped & Commentary-Free Version on Rumble: ➡️ https://rumble.com/v7emroa-compilation-69-2026-unbleeped-and-without-commentary-exposed-uk-dash-cams.html  🎥 Submit Your Clips! 📧 Email: exposed@ukdashcams.co.uk 📤 Files too large? Use WeTransfer with our email address. 🌐 Already online? Submit via this form: http://bit.ly/3mhQLz0  💥 Subscribe for More! ✨ Main Channel:  @ExposedUKDashCams  🎬 Extra Channel:  @ExposedUKDashCamsExtra  📱 Shorts Channel:  @ExposedUKDashCamsShorts  🔍 Mini Channel:  @ExposedUKDashCamsMini   📦 Featured Dash Cams (Affiliate Links):  - A229 PRO 3CH (use code 'UKdashcam229' for 5% off): https://amzn.to/41kHckR - A229 PRO 2CH (use code 'UKdashcam229' for 5% off): https://amzn.to/3EIh22K  - A119 MINI2 (use code 'UKdashcam119' for 5% off): https://amzn.to/435JAgH  💸 Exclusive Discounts: - VehicleScore: Get 20% off with code EXPOSED20 ➡️ https://vehiclescore.co.uk/?ref=EXPOSED20 - 📹 Nextbase 422GW Dash Cam: https://amzn.to/3IY21sm  📱 Follow Us on Social Media: - TikTok: https://bit.ly/3OW7xyX - Instagram: https://bit.ly/3NH8olL - Rumble: http://bit.ly/3LrLsYt - Facebook: https://bit.ly/3kFOz40 - Twitter/X: https://bit.ly/3Yg2Th8  👍 Don’t forget to like, comment, and subscribe for more epic content every week!  #DashCamCompilation #CarCrashes #RoadRage #DrivingFails #NearMisses #DashCamVideos #DangerousDriving #CaughtOnCamera #TrafficIncidents #ShockingMoments",[],7,04092026
352,8zFYEv238RA,Car Crash Compilation 2023 - Russian Car Crash - Dashcam Russia 2023,14032023,UCOKNaUuGFt-X8W1ZLvsFdkg,2353,"/ / / Tags: car crash compilation, car crash compilation 2023,  supercar fails , 車禍, instant karma, supercar crash instant karma fails, car crash, car crashes, dashcam driving fails, bad drivers, car crash compilation 2023, car crash compilation usa, car fails, car crash time, dashcam crash, car crash uk, car accidents, car, car crashes compilation, crashes, beamng drive, bad driving, accidents, bad drivers usa, crazy drivers, driving fails, driving fails compilation, driving fails in canada, driving fails in america, driving fails uk, driving fails 2023 usa, driving fails usa, driving fails funny, driving fails 2023, driving fails uk 2023, driving fails instant karma, driving fails coffin dance, driving fails failarmy, driving fails russia, car crash compilation, car crash uk, car crash compilation uk, car crash compilation usa, car crash compilation 2023, car crashes of usa, usa bad drivers, usa, car crash compilation, compilation, car crashes, dash cam, crash compilation, car crashes in america, north american driving fails, dash cam accidents, dash cam fails, road rage, car crashes 2023, american car crashes, best of live pd, crash compilation russia 2023, дтп, аварии, дтп 2023, водила, аварии, car wrecks compilation fails, 2023, авария аварии, видеорегистратор, чп, подборка, подборка дтпcar crash, car crash compilation, car crash time, car crash meme, car crash usa, car crash america, car crash ad, car crash accident, a car crash, a car crash in real life, car crash channel, car crash compilation 2023, car crash dash cam, c car crashes, car crash dash cam usa, car crash fails, car crash funny, car crash fails ,car crashing, europe, drag, racing, lowrider, police, chase, jump, roll over, champ, jumping, ramp, derby, demolition, epic, thrills, spills, insane, wheelstands, wheelie, offroad, 4x4, funny, crashes, аварии, видеорегистратор, гонки, ралли, подборки, америка, россия, сша, фейлы, дтп, бездорожье, взрывы, explosions, прыжки, эпичный, эпично, полиция, погоня, погони, европа, сумасшедшие, невероятные, дрэг, absturz, zusammenstellung, auto, abstuerzen, ziehen, rallye, wahnsinnig, verrückt, germany, fail 2023, Crazy Auto , Best Driving Fails 2023,Dashcam USA, c, crazy driver, , car crashes in America, beaming drive, accident, accidents, best crash, high speed  jumps, worst driving fails 2023, dump car driver, bad drivers USA, dash cam crashes, crazy drivers, horrible car crashes 2023, bad drivers in USA, video, car crashes 2023, car crashes in America, beaming drive  crashes, beaming drive, beaming, accident, fails,  fail, car in winter, bad driving, instant karma, аварии, accidents, stupid drivers, bad drivers, accident USA, road rage, car fail, crashcam, best crash, beaming drive high speed crashes, beaming drive jumps, high speed jumps, dump crash, fail compilation 2023, car accidents, failcrash, best crashes, driver fail, high speed crash",[],7,04092026
353,WssfA2iFgMw,Highway Pileups and Dangerous Overtakes | Dashcam Crashes,21082026,UCN_CyHWgzOTy8gKyMEPpYRQ,8,"Highway pileups can begin in a moment when speed, distraction and dangerous overtaking come together. This dashcam crashes compilation shows sudden impacts, loss of control and serious road accidents captured on camera.  Every clip is a reminder to maintain a safe distance, check mirrors before changing lanes and never underestimate highway speed. Watch carefully and learn from the mistakes that caused these collisions.  Which highway accident was the most avoidable? Share your opinion below and subscribe to Quick Wreck for more dashcam footage and road safety videos.  #HighwayAccident #DashcamCrashes #RoadSafety  Business enquiries and copyright: nearmissmoments@gmail.com",[],6,04092026
354,NhSVq3fApLA,We love Rusia  Russian Car Crashes 2015  Car Crash fails Compilation 2015,14092015,UC3dxs5yp0hmcH_GTKh-KJPA,1058,A description isn't available for this video,[],6,04092026
355,bHQ1Fs8u6uo,"Car Crash Compilation - Bad Drivers & Driving Fails 2021 (USA, EU & MORE)",29112021,UCV98lDQ42J3PDjNQIpdoYmg,5357603,"Do you want your own dashcam? Azdome Dashcam: https://www.azdomes.com/?ref=3h0weyxsuc Use Code: JKWCOMPILATIONS for 10% off.   In this video you can see bad drivers from 2021 in USA, EU & more. If you like dashcam and car video's please subscribe, so you never miss a new video!  I do not own any clips used in my videos. If you have a problem, please contact me.  subscribe: https://www.youtube.com/channel/UCV98... watch more: https://youtube.com/playlist?list=PL2...  #CarCrash #BadDrivers #CarCrashCompilation  tags: car crash compilation 2021,car crash compilation,car crash compilation usa,driving fails,driving fails in canada,car crash compilation usa 2021,car crash 2021,driving fails in usa,car crashes 2021,car crash,car fails,road rage compilation car crash,fails compilation,fails,car crashes 2021 usa,compilation,car crashes 2021 russia,worst driving fails,road rage 2021,dash cam australia 2021,crash compilation,craziest dash cam car crash compilation 2021,driving fails,driving fails in canada,driving fails in usa,car fails,fails,driving fail,driving school,dash cam fails,funny fails 2021,driving fails in america,usa driving fail,driving test,close calls,driving,road fails,car driving,fails compilation,usa driving fails,worst driving fails,crazy truck driving fails,north american driving fails,driving faults,bad driving,driving fails compilation 2021,failed driving test,driving exam,car fails,driving fails,car crash,driving fails in canada,car,car crashes,fails,car crash compilation,car crash compilation usa,driving fails in usa,car crashes in america,funny car fail,funny car fails,close calls,car fail,car crash usa,supercar fails,funny fails,car fails uk,crash car,dash cam fails,fails 2020,road fails,fails compilation,car fails 2020,best car fails,ricer car fails,car fails funny,car accident,car repair fails,",[],6,04092026
356,Fh8xKnTKuOk,NORWAY DASHCAM COMPILATION - BEST OF 2017,01012018,UC1k8pBEizfORF_vRL40R0Dw,152140,"Ordering a Tesla? Use our referral code and get 1500km free Supercharging! (1000 miles) https://ts.la/joakim25054  This is a best of compilation of dashcam events we've uploaded in 2017. Some of the footage may be older.  Have you captured any events on Norwegian roads? Send them to norskdashcam@gmail.com and we`ll include them in our upcoming compilations, or/and as standalone clips (major events). For more details, see our channel page at www.youtube.com/dashcammer   Intro music: Rock Intro 3 by Audionautix is licensed under a Creative Commons Attribution license (https://creativecommons.org/licenses/by/4.0/) Artist: http://audionautix.com/  Outro music: Short Guitar Clip by Audionautix is licensed under a Creative Commons Attribution license (https://creativecommons.org/licenses/by/4.0/) Artist: http://audionautix.com/  Carny's Dance av Kevin MacLeod er lisensiert under en Creative Commons Attribution-lisens (https://creativecommons.org/licenses/by/4.0/) Kilde: https://soundcloud.com/kevin-9-1/carnys-dance Artist: http://incompetech.com/",[],6,04092026
357,eM3AcyL5hIw,Russian Car Crash Compilation Funny ! Car Crash Videos | Dashcam Car Crash Compilation,07062023,UCH3nJF1M9AV0Qul8EW77Gvw,109,"#viral #carcrash #accidentnews #accidents_via_dashcam  Funny Crashes and Fails 2023!! Moments caught on camera funny!! best car crashes dashcam crashes  some weird and funny moments caught on camera, some funny car crashes caught on camera,  #viral #carcrash #accidentnews #accidents_via_dashcam #carcrashes #accidenttruck #crazy #truckcrashcompilation #truckcrashes #trucks #trucking #truckdriver #baddrivers #crazydriverplaylist #carcrashcompilation #accidenttruck  Top 30 Truck Crash Compilation | Truck and Car Crash 2023 | Bad Drivers fails 2023|Crazy Truck Crash | Crazy truck drivers | best truck crash 2023 | crazy truck crashes compilation | truck accidents compilation | truck accidents india | truck accidents use | truck accidents canada | total idiots drivers 2023 | truck crash video | best truck crashes | best truck crashes compilation | best truck crashes compilation 2023 | best monster truck crashes | best semi truck crashes | bad drivers compilation | bad drivers instant karma | bad drivers uk | bad drivers nyc | bad drivers italy | bad drivers canada | bad drivers india | bad drivers of new york | stupid drivers crashing | stupid drivers india | stupid drivers on road | stupid drivers funny | stupid drivers crashing 2023 | stupid drivers compilation | truck drivers compilation | truck drivers in usa | truck drivers in uk | truck drivers in canada | truck drivers in europe | truck driver accident car video | truck driver accident usa | insane truck crashes | insane truck driving skills | truck accidents compilation | truck accident ki video | truck accidents in canada | total idiots truck cars vs train | total idiots trucks | total idiots driving trucks | total idiots vs trucks | total idiots driving truck | total idiots driving cars | total idiots driving | truck crash compilation | truck accident compilation | truck crash compilation 2022 | bad driving fails compilation | bad driving fails compilation 2023 | crazy car fails caught on camera | best of truck crashes 2022 | best of truck crashes 2023 | best car truck driving fails | unbelievable truck crashes 2023 | truck accidents caught on camera | car crash caught on camera | worst truck crash caught on camera |",[],6,04092026
358,IogMuCo5VnY,Horrible Accidents - Russian Car crash compilation February,19022017,UCeFC1sbi2HcicqpCvCgjLFA,163676,"Horrible Road Accidents - Russian Car crash compilation February part 3 ＳＵＢＳＣＲＩＢＥ ғᴏʀ mᴏʀᴇ accidents ➤ http://goo.gl/32xskK ✦ ✦ ✦ ✦✦ ✦ ✦ ✦ ✦ ✦ ✦  #Carcrashcompilation Like us on Facebook ➤ https://www.facebook.com/RussianCarCrashCompilation/  shocking accidents, awful accidents, terrifying crashes, hardest crashes, horrible crashes, fatal accident, fatal crash, horrible accidents, terrible accidents, horrific accidents, bad accidents, car accident,  roadcam, car accident, russian accidents, dash cam russia, russian crash, car crash, dash cam, dashcam, road accident, car crash, crash compilation, crash videos, traffic accidents, driving fail, russian driving, traffic accident, car accident, accident, accidents today, auto accident, auto accidents today, automobile accident, bad accidents, bad car accidents, bad car crashes, car accident, car accident death, car accident today, car collision, car crash, car crash today, car crash videos, car wreck, car wreck attorney, crash car, crashy road, deadly car crashes, driving accidents, fatal accident, fatal car accident, fatal car crash, horrible accidents,  horrible accidents, motor accident, motor vehicle accident, recent accidents, recent car accidents, road accident, road traffic accident, shocking videos, terrible accidents, traffic accidents, traffic crash, tragic accident, vehicle accident, vehicular accident, worst accidents, worst car accidents, worst car crashes, youtube accident",[],6,04092026
359,DSM2-TpHEog,CRAZIEST AND MOST BRUTAL CAR CRASH COMPILATION 2022 | DASHCAM ROAD RAGE KARMA COMPILATION | 35,07032022,UCMuf12FyA7Hy8WFVlXiQieA,77757,"If you enjoyed this video, please feel free to like and subscribe for more daily content!  Check out our most recommended dash cams:   Best option: https://amzn.to/3s18Hyv  Budget option: https://amzn.to/3JEftjC   Watch as some of the worst drivers from around the world come together to give us a show in failure and inattentiveness. This video contains car crashes, truck crashes, rv crashes, road rage, head ons, and much more!    If you have any clips for submission, please send them to 4x4topclips@gmail.com",[],5,04092026
360,Qz2dhz7jqW4,One Wrong Move Causes a Multi-Car Pileup | Dashcam Crashes,23082026,UCN_CyHWgzOTy8gKyMEPpYRQ,6,"One wrong move can cause a frightening multi-car pileup within seconds. This dashcam crashes compilation captures sudden collisions, damaged vehicles and dangerous road moments that every driver should learn from.  Watch closely to understand how poor judgement, unsafe overtaking and lack of attention can lead to a serious car accident. Drive patiently, maintain a safe distance and always follow road safety rules.  Which crash could have been avoided most easily? Share your view in the comments and subscribe to Quick Wreck for more dashcam footage and road safety videos.  #DashcamCrashes #CarAccident #RoadSafety  Business enquiries and copyright: nearmissmoments@gmail.com",[],5,04092026
361,vyMqWa2ZkdU,Malaysia Dash Cam Video Compilation #12 | Malaysian Dash Cam Owners,26082020,UCX_AZE75iRESrlZ-sV-E19w,1954807,"Malaysia Dash Cam Video Compilation #12 | Clueless driving, near miss & car crash videos. Want to receive payment from your Malaysian dash cam videos? Visit our website to find out more: https://www.malaysiandashcam.com  Nobody in this video sustained any serious injuries, we always verify this before posting.  Dashcam videos submitted by: Abdul, Ace, Aizul, Allen, Amar, Bryan, Chan, Cheng, Cheong, Chin, Chong, Daniel, Enchek, Fadzli, Faisal, Faris, Gabriel, Haire, Hoh, Imran, Jayden, Jovee, Jun, Kamarul, Kong, Lau, Lucas, Nik, Nur, Nurimran, Ong, Rafiq, Rizqan, Stefenie, Teh, Vasi, Wai, Wong and Yong.  #malaysia #dashcam #dashcamvideo #dashcamvideos #dashcammalaysia #malaysiadashcam  Please note we have purchased (or otherwise been granted) full commercial use rights with written permission for all content in this video.  Unauthorised copying / re-publishing of this video is strictly forbidden.  Logos which may appear in the top left are included by dash cam manufacturers automatically in original dash cam videos. For purposes of keeping our content high quality and original, we do not remove these from our videos. Such logos do not represent ownership of any kind.",[],5,04092026
362,rm9ZCogzIjw,Australian Car Crash / Dash Cam Compilation 29,05092021,UCvfqpaehdaqtkXPNhvJRyGA,398732,Our Dash Cam Store (Use code DCOA5 for 5% off storewide): http://www.dashcamownersaus.com.au/  Send us a video: https://dashcamownersaus.com.au/contact-us/  Our second channel: https://www.youtube.com/channel/UCKe34IEj6kvAh652xVLIYRQ,[],5,04092026
363,CPaLIL20DEc,Greater Vancouver Car Crash Compilation 13,12032023,UCHqv83x-ulI-IpOh8w40r5g,66764,"Need a dash cam? Visit Essell Auto for all your dash cam and installation needs! Use promo code ""xsupad5"" for 5% off orders over $150 on https://www.essellauto.com/  A compilation of car crashes from the Greater Vancouver Area / Lower Mainland. Part 13. Special thanks to Overdrive Autotuning for providing several of these clips!  Check out Overdrive Autotuning in Richmond for all your mechanical, wheel & tire, tinting, and car accessory needs!  @overdriveautosport3369  https://overdriveautotuning.com/  If anyone has footage that they would like to submit, please upload it to Google Drive and email the link to xsupad@gmail.com  Featured clips and channels in this video: 0:04 https://www.youtube.com/watch?v=RlL1CMXi-js 0:18 https://www.youtube.com/watch?v=9_WAVpkpcpE 0:30 https://www.youtube.com/watch?v=S0YZqg8tYSY 0:45 https://www.youtube.com/watch?v=xgrk-eTjoJc 1:01 Unknown 1:18 https://www.youtube.com/watch?v=4cROfmr9WuY 1:33 Unknown 1:51 https://www.youtube.com/watch?v=FIv3vikAikA 2:02 https://www.youtube.com/watch?v=-3krV2GAG_I 2:17 https://www.youtube.com/watch?v=hl71K5Jcl7o 2:34 https://www.youtube.com/watch?v=XuJZ5x1q6Q8 2:51 https://www.youtube.com/watch?v=VtyzTL0HMCc 3:11 https://www.youtube.com/watch?v=fLdnVOjDDVw 3:24 https://www.youtube.com/watch?v=mCkgHqxcojs 3:41 https://www.youtube.com/watch?v=y7r6iOienBQ 3:55 https://www.youtube.com/watch?v=b2X4J-r-vsM 4:10 https://www.youtube.com/watch?v=HIkSnsbjee4 4:22 https://www.youtube.com/watch?v=xCdr4SrpM0A 4:37 https://www.youtube.com/watch?v=qG6XWmt-o0w 4:51 https://www.youtube.com/watch?v=jDnZGULy3pk 5:08 https://www.youtube.com/watch?v=wHD72i-bmFs 5:35 Unknown 5:51 https://www.youtube.com/@overdriveautosport3369 7:05 https://www.youtube.com/watch?v=6zEDnKvRbN4",[],5,04092026
364,_jUTLMjg1i0,SPEEDING SEMI TRUCK FLIPS AT ROUNDABOUT - 1033 | Driving Fails,24082026,UCKIrZr7WuPFgFy7OfkAuHOw,33920,"Welcome to the wildest dashcam compilation yet. In this video, we’re breaking down the best car crashes, brutal road rage, and mind-boggling bad drivers from across the USA and Canada.  Treat this as a quick driving school lesson on what NOT to do out there on the roads. In this video, we analyze these dangerous situations to help you learn how to drive more defensively, identify potential hazards before they happen, and understand the critical mistakes that lead to these accidents. Stay safe and watch closely - there is a lesson in every clip.  ✪ Submit your Dashcam video for the feature here: https://megadrivingschool.com/submit Or sent to Email: megadrivingschoolyt@gmail.com  Got an Issue? Email me: megadrivingschoolyt@gmail.com  What you'll see in this caught on dashcam video: 1. 00:00 Prius Driver Drifts Into Near Head On Crash 2. 00:18 Speeding Semi Truck Flips At Roundabout 3. 00:43 Drunk Driver Crashes Into Wife and Gets Arrested 4. 01:03 Bad Driver Turns Simple Situation Into a Mess 5. 01:19 Unsecured Box Flies From Truck and Hits Car 6. 01:37 Driver Lets Suspicious Pickup Go First 7. 01:51 Driver Brake Checks 18 Wheeler Then Gets Karma 8. 02:27 Driving Fail Caught on Camera 9. 02:44 Driver Cuts Across Two Lanes Nearly Crashes 10. 03:04 Dashcam Caught on Camera 11. 03:20 Reckless Drivers Speed Through Construction Zone 12. 03:38 Dash Cam Fails 13. 04:05 GMC Driver Brake Checks Then Tries Sideswiping Car 14. 04:37 Car Accident on New York Avenue Brooklyn 15. 04:58 Impatient Driver Ignores Road Signs and Cuts Off Car 16. 05:25 Dashcam Lessons Footage 17. 05:47 Toyota Driver Runs Construction Red Light 18. 06:16 Driving Fail Caught on Camera 19. 06:36 Dashcam Caught on Camera 20. 06:51 Driver Rear Ends Stopped Car on Dashcam 21. 07:06 Confused Driver Changes Mind Mid Turn 22. 07:24 Dash Cam Fails 23. 07:42 Hard Braking Reorganizes Everything in Van 24. 08:08 Elderly Driver Changes Lanes Without Looking 25. 08:28 Car Crash Turns Into Police Pursuit 26. 08:57 Dashcam Lessons Footage 27. 09:29 Driver Makes Last Second Lane Change 28. 09:47 End   #dashcam #car #automobile  ------------------------------------------------------------------------- Educational Disclaimer: These car crashes in usa and Canada are curated strictly for traffic safety analysis, accident awareness, and educational purposes. Drive safe!","[{'title': '1..Prius Driver Drifts Into Near Head On Crash', 'timestamp': '0:00:00'}, {'title': '2..Speeding Semi Truck Flips At Roundabout', 'timestamp': '0:00:18'}, {'title': '3..Drunk Driver Crashes Into Wife and Gets Arrested', 'timestamp': '0:00:43'}, {'title': '4..Bad Driver Turns Simple Situation Into a Mess', 'timestamp': '0:01:03'}, {'title': '5..Unsecured Box Flies From Truck and Hits Car', 'timestamp': '0:01:19'}, {'title': '6..Driver Lets Suspicious Pickup Go First', 'timestamp': '0:01:37'}, {'title': '7..Driver Brake Checks 18 Wheeler Then Gets Karma', 'timestamp': '0:01:51'}, {'title': '8..Driving Fail Caught on Camera', 'timestamp': '0:02:27'}, {'title': '9..Driver Cuts Across Two Lanes Nearly Crashes', 'timestamp': '0:02:44'}, {'title': '10..Dashcam Caught on Camera', 'timestamp': '0:03:04'}, {'title': '11..Reckless Drivers Speed Through Construction Zone', 'timestamp': '0:03:20'}, {'title': '12..Dash Cam Fails', 'timestamp': '0:03:38'}, {'title': '13..GMC Driver Brake Checks Then Tries Sideswiping Car', 'timestamp': '0:04:05'}, {'title': '14..Car Accident on New York Avenue Brooklyn', 'timestamp': '0:04:37'}, {'title': '15..Impatient Driver Ignores Road Signs and Cuts Off Car', 'timestamp': '0:04:58'}, {'title': '16..Dashcam Lessons Footage', 'timestamp': '0:05:25'}, {'title': '17..Toyota Driver Runs Construction Red Light', 'timestamp': '0:05:47'}, {'title': '18..Driving Fail Caught on Camera', 'timestamp': '0:06:16'}, {'title': '19..Dashcam Caught on Camera', 'timestamp': '0:06:36'}, {'title': '20..Driver Rear Ends Stopped Car on Dashcam', 'timestamp': '0:06:51'}, {'title': '21..Confused Driver Changes Mind Mid Turn', 'timestamp': '0:07:06'}, {'title': '22..Dash Cam Fails', 'timestamp': '0:07:24'}, {'title': '23..Hard Braking Reorganizes Everything in Van', 'timestamp': '0:07:42'}, {'title': '24..Elderly Driver Changes Lanes Without Looking', 'timestamp': '0:08:08'}, {'title': '25..Car Crash Turns Into Police Pursuit', 'timestamp': '0:08:28'}, {'title': '26..Dashcam Lessons Footage', 'timestamp': '0:08:57'}, {'title': '27..Driver Makes Last Second Lane Change', 'timestamp': '0:09:29'}, {'title': '28..End', 'timestamp': '0:09:47'}]",5,04092026
365,-fINyjTwtPo,Car Crash Chaos: Bollards Cause Constant Smashes On Road,20102021,UCTIN--n1D3MsCfVYAr6FoZg,1248688,Incredible CCTV footage shows 11 cars - including a police van - crashing into bollards in the space of a few weeks.  Residents in Woodmere Avenue in Watford say crashes happen all the time. The width of the street was reduced to 7 feet. Hertfordshire county council say the restriction is to discourage heavy goods vehicles from passing through the street but admit the street restrictions are a problem.,[],5,04092026
366,BicW-Vynl5M,Malaysia |#4 Car Crash Bad Driving Compilation On Dashcam,16092019,UCU8d3Snc1kKftwDIs3Gd-0Q,72166,A description isn't available for this video,[],5,04092026
367,ZuTWrKdYzPg,Dashboard camera shows head-on collision on Highway 178,25092020,UCsHWvReb1khpqK9d6FBE65Q,772433,Dashboard camera shows head-on collision on Highway 178,[],5,04092026
368,NJclA4vMroQ,"Idiot UK Drivers Exposed #7 - Caught on Dashcam, Road Rage, Speed camera,  Insurance & Close Calls",15082026,UCuN7anK2gOdqWAAENarYY2Q,31460,"Idiot UK Drivers Exposed #7 - Caught on Dashcam, Road Rage, Fails, Idiot Drivers, & Close Calls  👇 Drop a comment: Who do you think was the biggest idiot in today's video?  🔔 SUBSCRIBE for more daily UK dashcam compilations!   📬 Have your own dashcam footage? Submit your clips here to be featured: https://shorturl.at  Protect yourself with a Nextbase front and rear Dash Cam - Use Exclusive discount Code SAFECAM15 for 15% off all products! https://tidd.ly World's first truly Smart Dash Cam, Nextbase iQ!  https://shorturl.at - Google App https://shorturl.at - Apple App https://shorturl.at - Website  Facebook/ idiotukdriversmedia Instagram/ idiotukdrivers  #dashcam #crash #roadrage #roadtrip #driving #viral #IdiotUKDrivers #DrivingFails #insurance #HighwayCode",[],5,04092026
369,9CaKgMSQgCo,"Bad Toronto Drivers Vol. 1 - Crash on 401, Cops Catch Road Rage, TTC Scares and More",26102022,UCOSdp7AsajD5XmIC4DjWI6g,279564,"In the first instalment of Toronto Bad Drivers, we see a few crashes, some road rage, and a few interactions with the TTC. Who's worse, Toronto or Calgarydrivers?",[],5,04092026
370,li8pmvg3UNE,"Dashcam Russia, Idiots in Cars, CAR CRASH COMPILATION 2025 &43 (w/ commentary)",28082025,UCSzHIkgnXAxVMCcnPGoSDwg,2238,"russian car crash, idiots in cars, car crash 2025, driving fails, idiot drivers 2025, car crashes 2025, russian dash cam 2025, hit and run, dashcam 2025, dashcam car crash videos, car crashes compilation 2025.  ➡️ Click to SUBSCRİBE! https://www.youtube.com/channel/UCSzHIkgnXAxVMCcnPGoSDwg  ✅ Explore the riveting world of traffic incidents in our car crash series, featuring real-life scenarios of speeding, carelessness, and traffic rule violations. Witness the compilation of collision aftermaths, each telling a unique story of vehicular misadventures.  ✅ If you enjoyed the video, show your support by hitting the like button and subscribing to our channel for the latest updates. Share your valuable opinions in the comments section, as your feedback means a lot to us. Let's make road safety a priority.   ✅ Dashcam Russia brings you authentic footage of road incidents with our signature touch, including text commentary and voice-over. Our videos are more than recycled content; they undergo an extensive 3-4 day production process. We pride ourselves on originality, incorporating defensive driving tips, compelling storylines, analyses, and even advice from witnesses or victims. Special editing effects, precise trimming, and strategic zooming enhance the viewing experience.  ✅ Your safety on the road is paramount. Implement the defensive driving tips shared in our videos to boost your overall road safety.  ✅ All videos are used with licensing agreements from copyright owners. If there's a mistake or you want your clip removed, contact us at dashcamrussia@gmail.com.  ✅ These videos, each with distinct contributions, serve as educational tools, enabling viewers to analyze, stay vigilant, and navigate potentially hazardous road scenarios effectively in the future.  #baddrivers, #drivingfails, #carcrash, #carcrashcompilation  You can access the original versions of some of the videos I commented on from the links below. ⬇️⬇️⬇️",[],5,04092026
371,tQ-0YX0XTVQ,Malaysia Dash Cam FAILS #08,28082026,UCqUx9MN-RJiQ885bHYqIPHw,32438,"Welcome to Dashcam Fails Malaysia! 🚗💥 We bring you real-life driving moments captured on dash cams to educate, entertain, and spread awareness about road safety. All clips featured are either submitted by our amazing viewers or sourced from social media platforms. By sharing these incidents, we aim to promote safer driving habits and highlight the importance of staying alert on the road.    Disclaimer: We do not support reckless or dangerous driving. Our content focuses on careless driving incidents, and we ensure no footage involving fatalities is included. If your footage appears on our channel and you’d like it removed, please email us at malaysiadashcam7@gmail.com.    Stay safe, drive responsibly, and hit that subscribe button for more dash cam content! 🚦    ---  #DashcamFails #MalaysiaDashcam #RoadSafety #DrivingFails #CarAccidents #DashcamFootage #BadDrivers #DrivingFailsMalaysia #RoadRage #CarCrashCompilation #MalaysianRoads #DashcamVideos #RecklessDriving #CarCrashVideos #DrivingAwareness #TrafficFails #DashcamCompilation #SafeDriving #DrivingTips #MalaysianDrivers",[],5,04092026
372,pL5b3EcoxSs,Russian Car crash compilation September week 2,11092016,UCeFC1sbi2HcicqpCvCgjLFA,178159,"Best videos  Crash  Compilation of the October 2016! Every week add new two video compilations! ＳＵＢＳＣＲＩＢＥ ғᴏʀ mᴏʀᴇ accidents ➤ http://goo.gl/32xskK ✦ ✦ ✦ ✦✦ ✦ ✦ ✦ ✦ ✦ ✦ ✦ ✦ ✦ ✦ ✦ ✦ ✦ ✦ ✦ ✦ ✦✦✦✦ #RussianCarcrashcompilation  #Carcrashcompilation ✦ ✦ ✦ ✦✦ ✦ ✦ ✦ ✦ ✦ ✦ ✦ ✦ ✦ ✦ ✦ ✦ ✦ ✦ ✦ ✦ ✦✦✦✦ Please Rate, Share and Subscribe, thank you! ✦ ✦ ✦ ✦✦ ✦ ✦ ✦ ✦ ✦ ✦ ✦ ✦ ✦ ✦ ✦ ✦ ✦ ✦ ✦ ✦ ✦✦✦✦ Watch more  videos here ➤ ❶Thematic compilation -  funny accidents | fail compilation | funny compilation | fails compilation | when refueling goes wrong | funny refueling fail | funny videos | funny video | funny people | funny fails | funny things | funny clips | funny accident | funny videos ever | fail video -  https://goo.gl/BwTkK2  ❷Truck Accidents - truck accident | truck crash | Truck Crash Compilation | trucks accidents | trucks fails | trucks accidents | truck driving | truck crash russia | truck fail | truck accident in world  - https://goo.gl/4pXDD2  ❸Russian woman driving -  woman road rage | woman car crashes | girls driving fails | women drivers | woman driving fails | russian women driving |  - https://goo.gl/0TZVjc  ❹Motorcycle accidents - crazy Motorcycle crashes | Motorcycle crash compilation | Motorcycle accident compilation | Motorcycle Fail |  Motorcycle Crashes | Funny Motorcycle Fails | Epic Motorcycle Crash | Motorcycle Crash  -  https://goo.gl/uucSOV   ❺Car Crash Compilation 2015 - car crashes russia | car crash russia | dash cam russia | russian dashcam | russian crash | car crash compilation | car crashes | car crash | car crash channel | drunk drivers | car crash weekly | car crashes compilation|  car crash | road rage | car crash video | road accident | accident video  - https://goo.gl/9dCpFI  ❻Pedestrians on the road - pedestrian crash | pedestrian crashes | Road accidents with pedestrians | road accidents pedestrians | pedestrian accident  | pedestrians funny | pedestrians on the road | pedestrians vs cars | pedestrians hit | pedestrians crossing | - https://goo.gl/oL0UmD  ❼Surprise on the road - funny accidents | fail compilation | funny compilation | fails compilation | when refueling goes wrong | funny refueling fail | funny videos | funny video | funny people | funny fails | funny things | funny clips | funny accident | funny videos ever | fail video -  https://goo.gl/LJEfya   ❽Car Crash Compilation 2014 - https://goo.gl/UGgp3R ✦ ✦ ✦ ✦✦ ✦ ✦ ✦ ✦ ✦ ✦ ✦ ✦ ✦ ✦ ✦ ✦ ✦ ✦ ✦ ✦ ✦✦✦✦ Your favorite channel➤ http://www.youtube.com/user/AvtoCrashCar Add us on Google+ ➤ https://plus.google.com/+AvtoCrashCar/posts Like us on Facebook ➤ https://www.facebook.com/RussianCarCrashCompilation/",[],5,04092026
373,M8KCsDzxAR0,BEST OF THE MONTH (JULY 2025) | UK Car Crashes Compilation | Idiots In Cars (w/ Commentary) | Part 1,09082025,UC8kQrh-1JyFZ3RiTHHKMt7A,101666,"⭐This video featuring driving fails, instant karma, close call, road rage, hit and run, car crashes, good drivers, bad drivers, and many more... This video can be utilized as a learning tool, so the viewers can learn from other mistakes, not their own.  ⭐ Looking for a dashcam for your car? We recommend VIOFO: ➡️ For UK VS1 2K:  https://amzn.to/4anhmOu (5% off promo code: RubyDAVS1) A229 Pro 4K: https://amzn.to/3UA9ofb  (5% off promo code: RubyDA229PRO)  ➡️ For US VS1 2K: https://amzn.to/3wvcjxD (5% off promo code: RubyDAVS1) A229 Pro 4K: https://amzn.to/4dLMdY6 (5% off promo code: RubyDA229PRO)  (affiliate link that may earn us commission) - Purchasing a product using these affiliate links earns us a commission and is a great way to support the channel at no extra cost!  *Driving safely should be your number one concern behind the wheel. Following these defensive driving tips from our videos to improve your own road safety.  ⭐Ruby Dashcam Academy provides actual footage of road incidents captured on dash cams. There's a story-line & our own unique contributions (TEXT COMMENTARY & VOICE-OVER) throughout the video. We have also added the special editing effects, trimming, zooming, etc with the footage throughout the compilation. This whole process required our 3-5 days for producing a video.  ⭐These videos with own unique contributions can be used as an educational and informative resource for viewers to analyze and evaluate situations, stay alert and get out of a potentially dangerous situation on the road in the future.  ⭐Visit our official website for defensive driving tips: https://rubydashcamacademy.com/  ⭐ALL VIDEOS USED WITH LICENSING AGREEMENT FROM COPYRIGHT OWNER! If we made a mistake or you just want to remove your clip, please let us know here: hannahbruntnell114@gmail.com  ⭐Submit your clip for the feature here: https://rubydashcamacademy.com/submit-your-clip/ --------- Thank you for watching and stay safe!  #ukdashcam #ukcarcrashes #baddrivers #drivingfails",[],4,04092026
374,6-MszHeprsY,INSANE ROAD RAGE CAUGHT ON DASH CAMERA,20062023,UCJZpPG8wegZJ3rsnc6-Bpnw,18085778,"Wham Baam Dashcam is filmed on location by the men and women who have Dash Cams in their cars; all suspects are innocent until proven guilty in a court of law.  Looking for a dashcam? We think VIOFO has the best cameras: A119 MINI2 ▶ https://amzn.to/3Xv9aa2 (5% off promo code: WhamMINI2) A139 PRO ▶  https://amzn.to/3CO2cnf (5% off promo code: Wham139P) Note: Affiliate links. Purchasing a camera using these links may earn us a commission, and is a great way to support the channel at no extra cost for you.  Welcome to the home of Dash Cam videos.   Submit your Dashcam video to be featured ▶ https://forms.gle/m4DNzNJQQ2Y7hwg2A Merchandise ▶ https://whambaam.com/ Voiceover recorded and edited by  ▶ Ben & Melissa Anderson of  @pnweventures    ▶ ALL VIDEOS ARE SUBMITTED TO OR FOR WHAM BAAM CHANNELS AND USED WITH ORIGINAL COPYRIGHT PERMISSION.  #whambaamdashcam #crash #dashcam #shorts",[],4,04092026
375,XxXX5AZ_QzI,The Craziest Car Accidents Caught on Dashcam #21,30082026,UCipNk-sUgJH-8U36TeK0Qbw,2221,"A routine drive can become dangerous in a matter of seconds. This video brings together dramatic dashcam crashes, frightening close calls, and unexpected traffic incidents that reveal how quickly a single mistake or moment of poor judgment can lead to serious consequences.  Created for educational and road-safety awareness purposes, these real-world situations highlight the risks of speeding, distracted driving, reckless maneuvers, unsafe decisions, and failure to follow traffic laws. By examining what went wrong, we hope viewers can better recognize dangerous situations and make safer choices behind the wheel.  ⚠️ Viewer Discretion Advised: Some scenes may include collisions, sudden impacts, damaged vehicles, or other potentially disturbing moments.  Dangerous, reckless, or illegal driving shown in this video is not encouraged, supported, or endorsed. Always stay focused, maintain a safe speed and following distance, obey traffic laws, and respect everyone sharing the road.  Thumbnail Disclaimer: The thumbnail may feature an actual moment from this video or a fictional, recreated, edited, or illustrative image designed to represent the overall theme. It may not accurately depict any specific incident shown.  Every crash carries the same lesson: everything can change in seconds. Stay alert. Drive responsibly. Make it home safely. #dashcam #caraccidents #carcrash #dashcamfootage #trafficaccidents #roadsafety #drivesafe #recklessdriving #caughtondashcam #drivingfails",[],4,04092026
376,FOJAcLAWSgE,"UK Dash Cam #4 | Crashes, Bad Driving, Uk Bad Drivers And Near Misses | Car Crash Compilation",27112021,UC5PYebaTivUwvjse7LOEbOw,187295,"UK dash cameras, dash cam UK, bad driving UK, Bad drivers UK, near Misses UK, dash cam near miss, dash cam UK crash, bad driving dash cam, UK bad drivers compilation, uk car crash dash cam, uk car in this video.   ----Credits:----   1) Tom Mitchell -- https://youtu.be/4lzxSbqMljM  2) xSmithers -- https://youtu.be/Xv4MXHj648Q  3) Random TV -- https://youtu.be/7I5FDAt-1BE  4) Magic Doughnut -- https://youtu.be/0oSqCBCUiDQ  5) Safety Driven UAE -- https://youtu.be/ms5nlynGVtw   6) SebAshwell -- https://youtu.be/e52ZeOJmYsg  7) Darren Abel -- https://youtu.be/-EzTC1ilx-0  8) asteriks19 -- https://youtu.be/lE1C_fMHZJw  9) andrew slaney -- https://youtu.be/i6t8d5sveNo  10) Dash Cam Owners World -- https://youtu.be/tv6h3UT1Zyg   11) Kathy Janio -- https://youtu.be/BEagxzpUAiE  12) Pedro McPherson -- sended gmail thanks for clip  13) SebAshwell -- https://youtu.be/RQTwAVd0lm0  14) barnaclepotato -- https://youtu.be/84SVYcaWnaw  15) SebAshwell -- https://youtu.be/mLBLAK72bIo   16) lordmarsbar -- https://youtu.be/eNRcl1uHLNQ  17) Clackstars Dash Cam -- https://youtu.be/BA65OP1L2GE  18) Safety Driven UAE -- https://youtu.be/07AgLuWdd_c  19) nd-dashcam -- https://youtu.be/y0G-2_EevQw  20) Radge -- https://youtu.be/jbH-V_Cz-wU   21) xSmithers -- https://youtu.be/tVuwDrYlSaA  22) DgHooper88 -- https://youtu.be/NSwCyT2Ccag  23) Robert Burrow -- https://youtu.be/O43i49bRkio  24) Darren Abel -- https://youtu.be/-MLm83afzeQ  25) Cyberslayer -- https://youtu.be/OTC0IpXNIJo   26) SebAshwell --  https://youtu.be/faQNQm1WgiI  27) sav49 -- https://youtu.be/VPuJabMEYzU  28) nd-dashcam -- https://youtu.be/dv5gZq01oOw  29) Lauren Myles -- https://youtu.be/_UtnbXiSrYw  30) SebAshwell -- https://youtu.be/GalzEV2lDcw   31) Surrey Dashcam -- https://youtu.be/ltkzt1Fg_Gw  32) SebAshwell -- https://youtu.be/hsijOziyNYM  33) wobblyone --  https://youtu.be/AFRwOCiBIts  34) SebAshwell -- https://www.youtube.com/watch?v=Fkj3nSVmh-A  35) Ross Nicholson -- https://youtu.be/ljnS1ti9RjI   36) sav49 -- https://youtu.be/0LETT04VryU   37) nd-dashcam -- https://youtu.be/Rfklp3TsczQ  38) DgHooper88 -- https://youtu.be/skWQ0LnCQgo  39) xSmithers -- https://youtu.be/8slhIQVgCw4  40) SebAshwell -- https://youtu.be/oJqBuqlIAl4   41) Valentine King -- https://youtu.be/uM5Pih2J4FI      :) dont forget subscribe   #UKDashCam #DashCam #DashCamUK #DashCamCompilation #ukdashcams",[],4,04092026
377,ekdYp1Xa0sM,Audi NÖTIGT unseren Einsender auf der Autobahn! 😡 | #dashcam #germany #shorts,28082026,UCzSaxPbPU1WDAmbMn8irC1g,533283,"🎬 Video Einsendungen an: clips@dashcamdeutschland.com 📸 Du möchtest eine Dashcam kaufen, weißt aber nicht welche? Unsere Kaufempfehlungen stehen weiter unten!  Falls Euch diese Folge gefallen hat, lasst uns doch gerne ein Like oder Kommentar da. Wenn Ihr nichts mehr verpassen wollt, gerne Abonnieren & Glocke aktivieren!  ❤️ Wenn Du uns unterstützen möchtest: https://youtube.com/channel/UCzSaxPbPU1WDAmbMn8irC1g/join  📥 Ihr wollt Eure Dashcam Aufnahme(n) auf unserem Kanal sehen? Schickt uns eine E-Mail an: clips@dashcamdeutschland.com - mit der Videodatei, und unter welchem Namen wir Eure Clips veröffentlichen dürfen.  💳 Unsere Dashcam Kaufempfehlungen: ✘ https://linktr.ee/dashcamdeutschland  ⏯️ Playlist mit allen Folgen: https://youtube.com/playlist?list=PLv0RO5BoRf4SI4Nyw2qsIqA2QK9Lo_1RA&si=pwUy8KiDT6EXJp4E  🌐 Social Media Kanäle: Facebook: https://www.facebook.com/dashcamdeutschland Instagram: https://www.instagram.com/dashcam_deutschland TikTok: https://www.tiktok.com/@dashcamdeutschland  🍿 Interessante Episoden: Best Of Unfälle 2024 - Schwerer Unfall, Totalschaden und dreiste Falschaussage: https://youtu.be/N6UbNDPIIS4 Best Of Nötigung 2024 - Road-Rage, Ausbremsen und Drängeln auf der Autobahn: https://youtu.be/15QL4DmfmEg ------------------------------------- Dieser Kanal dient nur zur Unterhaltung und Aufklärung. Bleibt sachlich und freundlich in den Kommentaren!  Die mit „✘“ markierten Links sind Affiliate-Links bzw. Werbelinks. Im Falle einer Kaufentscheidung kann eine Provision an uns ausgeschüttet werden. Bei einem Kauf über diese Links fallen für Dich natürlich keine Mehrkosten an. ------------------------------------- © Dashcam Deutschland 2025: Please do NOT reupload this video without our permission! ------------------------------------- #Dashcam #Germany #DashcamDeutschland",[],4,04092026
378,3epmfVZLREI,Car ice Sliding crash & spin outs 2021. Black ice and Icy road. Winter weather.,02032021,UCg5eBECNDdwbcxvDLbYUmnw,7800941,"This is #2 video include video car sliding, winter storm, semi truck driving, driving in bad weather condition This is why you need a dash cam! 👉 BEST SELLERS dashcam https://amzn.to/3613Z9j  WANT TO SUBMIT A CLIP TO BE FEATURED? Please fill out this form https://forms.gle/EEZCk1CYW6Lyqg7JA Email your clip to: video.kingroad@mail.ru —— In these type of videos Im trying to show situations on the roads which are for educational and journalistic purposes, so the drivers can learn from others common driving mistakes that resulted to damaging accidents. Take this video as a learning tool, drive safely and always obey the traffic laws of the road.  —— Want to buy a dash cam or related accessories? Here are some Amazon Affiliate links (anything purchased through these helps the channel keep going) 👉 Anti-Skid Snow Chains ( search ) - https://amzn.to/2ZVeqqq 👉 Anti-Skid Snow Chains - https://amzn.to/3sy5JyD 👉 Anti-Skid Snow Chains ( AliExpress ) - http://alii.pub/5l9ah9 👉 Best Sellers in Car Electronics https://amzn.to/3yzP4Oh 👉 Best Sellers in Car Care https://amzn.to/3hJA5uh 👉 Vantrue N2 Pro Uber Dual Front and Inside Dash Cam https://amzn.to/3cxFVfh 👉 Garmin Dash Cam 66W https://amzn.to/2G9Xg1D 👉 Compatible memory card 64GB https://amzn.to/3kHLR8v —— Get 10 % OFF for ALL dashcams BlackVue. 👉Code: KINGOFROAD 👉http://bit.ly/2TDHjpd BlackVue —— Subscribe youtube https://www.youtube.com/channel/UCg5eBECNDdwbcxvDLbYUmnw?sub_confirmation=1 - Join to https://vk.com/kingotroad - Join to https://web.facebook.com/Kingotroad - Follow us on twitter https://twitter.com/KINGofROAD9 - Join to https://www.instagram.com/_kingotroad_/ —— Our merch https://Kingotroad.redbubble.com —— Help with channel development:  https://www.donationalerts.com/r/kingotroad —— CAR FAILS - https://www.youtube.com/playlist?list=PL4UkbySNFSsNv60NUitpyFvGgeMK4QdpP Police - https://www.youtube.com/playlist?list=PL4UkbySNFSsMt25GEbEGxPTTWK8sIg336 Road situations - https://www.youtube.com/playlist?list=PL4UkbySNFSsOo9IHTvVo-gQxOY9-Ky-wd —— Dear viewers, if you own the copyright to any video posted on the channel, and you are against placing your videos on the list, and if you want to see your video in the compilation please write us: video.kingroad@mail.ru   All videos are used with permission of the owners. DISCLAIMER: Under Section 107 of the Copyright Act 1976, allowance is made for ""fair use"" for purposes such as criticism, comment, news reporting, teaching, scholarship, and research. Fair use is a use permitted by copyright statute that might otherwise be infringing.""  This video https://youtu.be/3epmfVZLREI  #Icyroad #CarSlide #Kingofroad",[],4,04092026
379,Nc838F2ZnEw,"Are Brampton, Ontario Drivers The Worst Drivers in Canada?",24032026,UCasf2n62onCGS1dETOgacTQ,132861,"In this episode, we take a look at some of the worst driving moments caught on camera in Brampton, Ontario, Canada.  From close calls to questionable decisions… some of these will have you shaking your head.  We recently created a facebook community, to join the community & submit clips, see link below. https://www.facebook.com/groups/3146602385525939/  Recommended Dashcams for Canadian Drivers Looking for a reliable dashcam? These are models I recommend based on performance, durability, value, and past reviews, especially for tough Canadian weather.  Budget Options Under $100 https://amzn.to/3OGfjjq  Under $150 https://amzn.to/3MNBNys  Best Value (Mid-Range $200+) https://amzn.to/4tYCFRx  Affiliate Disclosure As an Amazon Associate, I earn from qualifying purchases. Please note that this does not affect the price you pay.  From aggressive lane changes to winter driving mistakes, from near misses to serious collisions, these clips are not here for entertainment alone. They’re here to remind us how quickly things can go wrong on the road.  Every moment in this compilation highlights one thing: Driving requires attention, patience, and responsibility.  If you see yourself in any of these clips, please do take it as a reminder, and if you don’t,  take it as a warning.  All footage is shared for educational and awareness purposes only.  🇨🇦 Canada-focused | 🎥 Community submissions welcome  📧 Submit clips: dashcamowners.ca@gmail.com Please include your city/province, approximate date, and a brief description.  Drive safe. Be kind. Stay aware.",[],4,04092026
380,HMZQstwO37w,Teens Involved in Car Crash That Was Like a Movie Scene,22072021,UC9k-yiEpRHMNVOnOi_aQK8w,11029013,"Four teenagers and a 12-year-old allegedly stole an SUV. It ended in a high-speed chase, and the video from May 2021 was just released by Florida Highway Patrol. On the freeway, the SUV changed lanes trying to get away from the pursuing police and lost control, hitting the median, other vehicles, and ultimately flipping over. The five juveniles, who ranged in age from 12 to 16, and a bicyclist they reportedly hit, were taken to a hospital for their injuries.",[],4,04092026
381,ROHJnO9zaMM,Runaway Bus Crashes into 7 Cars,04032015,UCBi2mrWuNuyYy4gbM6fU18Q,731452,"Video shows a bus driver slamming on the breaks before plowing into seven cars, sending one of them careening into oncoming traffic.  The accident occurred last October in West Bloomfield, Michigan. In this crash, a  husband and wife in the first car struck by the bus both sustained serious injuries. The bus driver, 65-year-old Leon Rasheed now facing a criminal charge--moving violation causing serious impairment of body function.   Watch more ABC News coverage: www.abcnews.com Subscribe to WN on YouTube: https://www.youtube.com/ABCNews Like WN on Facebook: https://www.facebook.com/WorldNewsTonight Follow WN on Twitter: https://twitter.com/wntonight",[],4,04092026
382,mDMHYBuXFnA,BEST OF THE MONTH (OCTOBER) | UK Car Crashes Compilation | Idiots In Cars 1 Hour (w/ Commentary),11062023,UC8kQrh-1JyFZ3RiTHHKMt7A,873415,"⭐This video featuring driving fails, instant karma, close call, road rage, hit and run, car crashes, good drivers, bad drivers, and many more... This video can be utilized as a learning tool, so the viewers can learn from other mistakes, not their own.  *Driving safely should be your number one concern behind the wheel. Following these defensive driving tips from our videos to improve your own road safety.  ⭐Ruby Dashcam Academy provides actual footage of road incidents captured on dash cams. There's a story-line & our own unique contributions (TEXT COMMENTARY & VOICE-OVER) throughout the video. We have also added the special editing effects, trimming, zooming, etc with the footage throughout the compilation. This whole process required our 3-5 days for producing a video.  ⭐These videos with own unique contributions can be used as an educational and informative resource for viewers to analyze and evaluate situations, stay alert and get out of a potentially dangerous situation on the road in the future.  ⭐Visit our official website for defensive driving tips: https://rubydashcamacademy.com/  ⭐ALL VIDEOS USED WITH LICENSING AGREEMENT FROM COPYRIGHT OWNER! If we made a mistake or you just want to remove your clip, please let us know here: hannahbruntnell114@gmail.com  ⭐Submit your clip for the feature here: https://rubydashcamacademy.com/submit-your-clip/ --------- Thank you for watching and stay safe!  #ukdashcam #ukcarcrashes #baddrivers #drivingfails",[],4,04092026
383,EO6IEbiszCc,UK Bad Drivers & Driving Fails Compilation | UK Car Crashes Dashcam Caught (w/ Commentary) #271,12072026,UC8kQrh-1JyFZ3RiTHHKMt7A,39319,"UK Bad Drivers & Driving Fails Compilation | UK Car Crashes Dashcam Caught (w/ Commentary) #271 https://youtu.be/EO6IEbiszCc  ⭐This video featuring driving fails, instant karma, close call, road rage, hit and run, car crashes, good drivers, bad drivers, and many more... This video can be utilized as a learning tool, so the viewers can learn from other mistakes, not their own.  ⭐ Looking for a dashcam for your car? We recommend VIOFO: ➡️ For UK A119M Pro: https://tr.ee/ma5AkS (promo code: RUBYCAM119MP) A229 Pro: https://amzn.to/3UA9ofb  (promo code: RUBYCAM229P)  ➡️ For US A119M Pro: https://tr.ee/8nYqOn (promo code: RUBYCAM119MP) A229 Pro: https://amzn.to/4dLMdY6 (promo code: RUBYCAM229P)  (affiliate link that may earn us commission) - Purchasing a product using these affiliate links earns us a commission and is a great way to support the channel at no extra cost!  *Driving safely should be your number one concern behind the wheel. Following these defensive driving tips from our videos to improve your own road safety.  ⭐Ruby Dashcam Academy provides actual footage of road incidents captured on dash cams. There's a story-line & our own unique contributions (TEXT COMMENTARY & VOICE-OVER) throughout the video. We have also added the special editing effects, trimming, zooming, etc with the footage throughout the compilation. This whole process required our 3-5 days for producing a video.  ⭐These videos with own unique contributions can be used as an educational and informative resource for viewers to analyze and evaluate situations, stay alert and get out of a potentially dangerous situation on the road in the future.  ⭐Visit our official website for defensive driving tips: https://rubydashcamacademy.com/  ⭐ALL VIDEOS USED WITH LICENSING AGREEMENT FROM COPYRIGHT OWNER! If we made a mistake or you just want to remove your clip, please let us know here: hannahbruntnell114@gmail.com  ⭐Submit your clip for the feature here: https://rubydashcamacademy.com/submit-your-clip/ --------- Thank you for watching and stay safe!  #ukdashcam #ukcarcrashes #baddrivers #drivingfails",[],4,04092026
384,7ulgCLR-Q3Y,Idiots On UK Roads | The Absolute Worst Drivers Caught On Dashcam | Compilation 1,15032026,UCuN7anK2gOdqWAAENarYY2Q,299165,"The Absolute Worst Drivers On UK Roads Caught On Camera! From near misses to total driving madness, road rage, and unbelievable fails, this compilation shows exactly what British drivers deal with every day.  🔴 WATCH NEXT (More UK Driving Madness): https://www.youtube.com/watch?v=eUUhj16puFk  📬 Have your own dashcam footage? Submit your clips here to be featured: https://shorturl.at/4hRHb  Protect yourself with a Nextbase front and rear Dash Cam - Use Exclusive discount Code SAFECAM15 for 15% off all products! https://tidd.ly/4tpkF2A World’s first truly Smart Dash Cam, Nextbase iQ!  https://shorturl.at/FKdeJ - Google App https://shorturl.at/Q4eTy - Apple App https://shorturl.at/bBClY - Website  https://www.facebook.com/Idiotukdriversmedia https://www.instagram.com/idiotukdrivers  #dashcam #crash #roadrage #roadtrip #driving #viral",[],3,04092026
385,Ix01pyGIaOk,SEMI TRUCK CRUSHES CAR,24052023,UCJZpPG8wegZJ3rsnc6-Bpnw,3652924,Wham Baam Dashcam is filmed on location by the men and women who have Dash Cams in their cars; all suspects are innocent until proven guilty in a court of law.  📍📸 Looking for a dashcam?  We recommend the VIOFO A129 Plus Duo: https://amzn.to/3HDIXAl (Amazon Affiliate link; Purchasing a camera using this link supports the channel)  Welcome to the home of Dash Cam videos.   Submit your Dashcam video to be featured ▶ https://forms.gle/m4DNzNJQQ2Y7hwg2A Merchandise ▶ https://whambaam.com/ Voiceover recorded and edited by  ▶ Ben & Melissa Anderson of  @pnweventures    ▶ ALL VIDEOS ARE SUBMITTED TO OR FOR WHAM BAAM CHANNELS AND USED WITH ORIGINAL COPYRIGHT PERMISSION.  #whambaamdashcam #crash #dashcam #shorts,[],3,04092026
386,gNq1iDBj6No,"NÜRBURGRING CRASH COMPILATION 2025 - BEST of FAILS, CLOSE CALLS & BAD Drivers Nordschleife!",08112025,UCUnKWj_hyiVErnVSf2oD42A,1460402,"PLEASE NOTE:  Crashes were filmed during NLS races, Industry pool testing and Koln Ahrweiler Rally. Any other clips were filmed during Touristenfahrten and have been manually reviewed by the Nurburgring to be used in this video.  All content in this video is created and owned by #statesidesupercars unless stated otherwise. Unauthorized use of copyrighted material is strictly prohibited.  MOIN LEUTE / hello everyone,  Welcome back to one of the greatest videos of the year, our crash and fail Nurburgring compilation, this year with some of the craziest clips we have ever filmed! We also filmed a few NLS races and prototype spotting where there were a few crashes. The rest of the fails and near misses were filmed during Touristenfahrten (Public driving) on the Nurburgring Nordschleife. Let us know in the comment which moment was your favorite!  Corners of the track filmed at:  Brunnchen 2 Brunnchen 1  Adenauer Forst  Eiskurve  Schwedenkreuz / Aremberg  Hohe 8  Metsgezfeld Carousel Some of the cars in this video:  Toyota GT86 near crash nurburgring  audi rsq8 almost crash nurburgring  Jaguar F type almost crash nurburgring  Lexus isf fail nurburgring  bmw m140i almost crash nurburgring  vw golf gti crash nurburgring  bmw 330i g30 crash nurburgring  Cupra Formentor vz5 fail nurburgring  porsche 992 gt3 cup crash nurburgring  bmw m3 touring near crash nurburgring  porsche 992 gt3 rs near crash nurburgring  honda civic almost crash nurburgring  mercedes c63 amg near crash nurburgring  opel astra opc engine blow up nurburgring  chevrolet camaro fail nurburgring  bmw m3 e92 almost crash nurburgring  audi ttrs fail nurburgring  Ford Puma ST fail nurburgring  Lamborghini Huracan GT3 fail nurburgring  Opel Adam crash nurburgring bmw e36 crash nurburgring Opel Ascona crash nurburgring Leyland crash nurburgring and many more.",[],3,04092026
387,WTN3leSrG4I,BAD DRIVER CRASHES 5 CARS,01052023,UCgJ6Y0sqr2erv4t20DOS7ZQ,3245992,From the creators of America's best Teslacam and Dashcam show comes a new channel; the Wham Baam Securitycam. It features videos filmed on location by the men and women who have Security Cameras in their homes; all suspects are innocent until proven guilty in a court of law.  Welcome to the new home of CCTV videos.   Video submissions:  https://forms.gle/mXcqE2YdRE9ypZVG6 Contact: info@whambaam.com  #whambaam #cctv #securitycamera #shorts,[],3,04092026
388,ZY0A-cQYLgY,Distraction driving at its finest #dashcam #compliation #distraction #driving #car#crash #fyp #viral,01092026,UCFIC3oITAu2tDZeivXEVXHw,38016,A description isn't available for this video,[],3,04092026
389,UY6fo9hPz8g,Realistic Highway Car Crashes #283 💥 #shorts #dashcam #fails,02092026,UC2bdhgHsljZwjxUKcwd_XxQ,11040,"Watch the wildest top 5 car crashes caught on camera.  From intense go-karting incidents to slippery snowy driving mishaps, we count down the most shocking road moments. Whether you love automotive fails or just want to see urban traffic gone wrong, these clips cover it all.  Subscribe for more viral road compilations and accident videos.",[],3,04092026
390,QaXxNZBQ9rM,Botsing! Dashcam Nederland | Aflevering 92,22082026,UCuKN97Fnsr3kAuX4W0LMWaA,99135,"📹 Zelf iets gefilmd? Stuur het in! 👉 https://linktr.ee/dashcamnederland  🚗 Welkom bij Dashcam Nederland!  Op dit kanaal vind je de meest opvallende, grappige en spannende dashcambeelden van de Nederlandse wegen. Van gekke verkeerssituaties tot spectaculaire close calls, wij brengen het direct naar jouw scherm.  🔔 Abonneer voor wekelijkse uploads!  www.youtube.com/@Dashcam-Nederland  📱 Volg ons: • Instagram: @DashcamNLD • Facebook: https://www.facebook.com/@dashcamnld  ──────────────────────  Vorige aflevering:  Scooter Rijder Knalt Frontaal Op Auto | Dashcam Nederland | Aflevering 91 https://youtu.be/ktNYa-V2Sd0  30 min compilatie:  De Beste Dashcam Momenten van Nederland | 30 Min Compilatie https://youtu.be/WpEHzfO7TM8",[],3,04092026
391,S20xH5S-J54,Brake-Check eindigt in Ongeluk! | Dashcam Nederland | Aflevering #5,13102024,UCuKN97Fnsr3kAuX4W0LMWaA,221843,"Welkom bij Dashcam Nederland! 🚗  Zelf iets gefilmd? stuur het ons op! : https://linktr.ee/dashcamnederland  📹  Op dit kanaal zie je de meest spectaculaire, grappige en spannende dashcambeelden van de Nederlandse wegen. Van gevaarlijke situaties en verkeersincidenten tot bijzondere momenten die je niet wilt missen—wij verzamelen ze allemaal!  Abonneer je nu voor wekelijkse uploads van de beste dashcamvideo’s uit Nederland en blijf op de hoogte van wat er gebeurt op de weg. Deel je eigen video's via  https://linktr.ee/dashcamnederland  en wie weet zie je jouw beelden hier terug!  🚘 Blijf veilig op de weg en rij verantwoord! 🚦 📅 Nieuwe video's elke week 🔔 Vergeet niet om op het belletje te klikken voor meldingen van nieuwe uploads!  Volg ons ook op sociale media:  - Instagram:  https://www.instagram/dashcamnederland - TikTok:    / dashcamnederlandned    Blijf op de hoogte van de nieuwste uploads en exclusieve content door ons te volgen op al onze socials!🔥",[],3,04092026
392,2W-Rx2NLTO8,KTLA live shot on hit-and-run interrupted by car wreck,11032022,UCinjnmQEwCddOudyCC1v7qA,17722995,"Gene Kang reports for the KTLA 5 News on March 10, 2022.  Story: https://ktla.com/news/local-news/video-ktla-reporter-talking-about-deadly-hit-and-run-is-interrupted-by-car-wreck/  KTLA has been keeping Southern Californians informed since 1947. Here you will find clips from the KTLA 5 Morning News and other daily newscasts. Subscribe to our channel for breaking news and live video from Southern California, including police pursuits, wildfires and much more.  | Connect with KTLA online |  Our website: www.ktla.com Follow KTLA on Twitter: www.twitter.com/ktla Find KTLA on Facebook: www.facebook.com/ktla5 Follow KTLA on Instagram: www.instagram.com/ktla5news",[],3,04092026
393,z46wkhWiLSE,"DUI Crashes: Real Crimes, Real Victims",17102017,UCzQh_oUkrEYGZC0R8f-ziFw,152162,A description isn't available for this video,[],3,04092026
394,rtF_UiwPRYo,Snow Causes Multi-Vehicle Pileup in Canada,06122016,UCK7tptUDHh-RYDsdxO1-5QQ,6861139,"Snow and ice caused a pileup in Montreal, Canada, on Monday. Several cars including a police vehicle, two buses, a truck, and a snow plow were involved in the crash.  Subscribe to the WSJ channel here: http://bit.ly/14Q81Xy  More from the Wall Street Journal: Visit WSJ.com: http://www.wsj.com  Follow WSJ on Facebook: http://www.facebook.com/wsjvideo Follow WSJ on Google+: https://plus.google.com/+wsj/posts Follow WSJ on Twitter: https://twitter.com/WSJvideo Follow WSJ on Instagram: http://instagram.com/wsj Follow WSJ on Pinterest: http://www.pinterest.com/wsj/  Don’t miss a WSJ video, subscribe here: http://bit.ly/14Q81Xy  More from the Wall Street Journal:  Visit WSJ.com: http://www.wsj.com Visit the WSJ Video Center: https://wsj.com/video  On Facebook: https://www.facebook.com/pg/wsj/videos/ On Twitter: https://twitter.com/WSJ On Snapchat: https://on.wsj.com/2ratjSM",[],3,04092026
395,Gmg7JbFWB0w,ONBOARD Rally crashes 2022 by Chopito Rally Crash,09112022,UCk7I7Tu1hUnkLi3_zclPvHw,78746,What's up guys?😎 I've selected for you a compilation of on-board rally accidents from the 2022 season. Enjoy with caution!!🤫  You have recorded a rally accident and want to see it in my compilations  🔴 SEND VIDEO➡http://bit.ly/SEND_CRASH   ★ SPECIAL THANKS THESE YOUTUBER'S WHO SUPPLIED CLIPS! SHOW YOUR SUPPORT AND GIVE THEM A SUB!  00:00 INTRO  00:12 Além Mar Rali TAC 2022 Sousa Tiago - Leal Paulo Peugeot 206 GTi In collaboration with: @tiagosousa10TS  https://www.youtube.com/channel/UCdO-08FSWa1lpr42LGizFtw  00:56 MARMA Rajd Rzeszowski 2022 Janowski Sergiusz - Grzenia Krzysztof  Citroën C2 R2 In collaboration with: @krzysztofgrzenia651   https://www.youtube.com/channel/UC5KxYAxv9UdbS5v1i8gxJYg  01:57 Rally Bohemia 2022 Voldřich Matouš - Odvárka Pavel  Mitsubishi Lancer Evo VI In collaboration with: @odvar88  https://www.youtube.com/user/odvar88  02:43 Rally Valle d'Aosta 2022 Didero Mattia - Didero Stefano Peugeot 106 Rallye In collaboration with: @stefanodidero5183   https://www.youtube.com/channel/UC6iNj9KvQDtPTypkzgxfPcg  03:20 Kazincbarcika Rallye 2022 Bajusz Krisztián- Illés Peti Lada VFTS In collaboration with: @csocso444   https://www.youtube.com/user/csocso444  04:11 Rallysprint Eskoriatza 2022 Gorka Idigoras - Alain Peña Renault Clio F2 In collaboration with: @ogorrotxa  https://www.youtube.com/user/ogorrotxa  05:15 Bresontrofén 2022 Jonasson Jesper − Jansson Marcus Volvo S70 In collaboration with: @HampusRallyfilmer  https://www.youtube.com/user/1Mrpinto  06:04 Rally Uralchem ​​​​Pushkinskie Gory 2022 СУДАРЕВ Сергей - ЛЮБЛЕВ Максим SUBARU Impreza In collaboration with: @SudarevMotorsport   https://www.youtube.com/c/SudarevMotorsport  06:53 Rally Internazionale del Taro 2022 De Stefani Mauro - Gentilotti Mauro Peugeot 208 Rally4 In collaboration with: @CMrally91  https://www.youtube.com/c/CMrally91  07:34 Rally Rokiškis 2022 Zabarauskas Ignas - Samuolis Marius BMW 325 Ti Compact E46 In collaboration with: @raliodraugai6895   https://www.youtube.com/channel/UCCaX9vjzePCcVyonbDoDMKw  08:24 MAHLE Rally Nova Gorica 2022 Žbogar Igor - Černe Tomaž Renault Clio RS R3T In collaboration with: @davidkristancic7503   https://www.youtube.com/channel/UC3D1t-4MkbOD5GFgo7qBQgQ  08:59 Rally di Roma Capitale 2022 Simaška Justas - Nomeika Giedrius Peugeot 208 Rally4 In collaboration with: @simaskateam1730  https://www.youtube.com/channel/UCakbUkuHa7mmvwI4de63WtA  09:52 Final credits   - @Chopito Rally   👉https://www.youtube.com/c/ChopitoRally1  - @Chopito Rally2    👉https://www.youtube.com/c/ChopitoRally2 🔴Rally crash 2022: https://www.youtube.com/playlist?list=PLKfpYLQSxZQo4C_0zojUi_5lgMhUUXRvc 🔴Rally crash 2021: https://www.youtube.com/playlist?list=PLKfpYLQSxZQqDsdOaNiEOiBZjxP7cMjHi 🔴Rally crash 2020: https://www.youtube.com/playlist?list=PLKfpYLQSxZQrQu_Jx1fs88K6N8PGfB9_r 🔴Rally crash 2019: https://www.youtube.com/playlist?list=PLKfpYLQSxZQrxbyWqzMY6KCKg38j-2wIJ 🔴Rally crash 2018: https://www.facebook.com/watch/Chopitorallycrash/234684607830801/ 🔴ONBOARD CRASHES: https://www.youtube.com/playlist?list=PLKfpYLQSxZQpORflauplpiEvdOQtdOA7L 🔴OTHER VIDEOS: https://www.youtube.com/playlist?list=PLreoHMtnvYJyhcPd6Mo5hNQlMljSK7nHL  Last video👉https://goo.gl/T9yaL2  #rally #Crash #compilation #retrorally #ChopitoRally #rallycompilation #wrc #rallye #irc #motorsport #crash&fail #rallycompilation #wrc2020 #special #rallyHD #rallye #rally2022 #rallyFire #ewrc  Compilation rally crash and fail 2022 by Chopito Rally Crash,"[{'title': 'INTRO', 'timestamp': '0:00:00'}, {'title': 'Além Mar Rali TAC 2022', 'timestamp': '0:00:12'}, {'title': 'MARMA Rajd Rzeszowski 2022', 'timestamp': '0:00:56'}, {'title': 'Rally Bohemia 2022', 'timestamp': '0:01:57'}, {'title': ""Rally Valle d'Aosta 2022"", 'timestamp': '0:02:43'}, {'title': 'Kazincbarcika Rallye 2022', 'timestamp': '0:03:20'}, {'title': 'Rallysprint Eskoriatza 2022', 'timestamp': '0:04:11'}, {'title': 'Bresontrofén 2022', 'timestamp': '0:05:15'}, {'title': 'Rally Uralchem \u200b\u200b\u200b\u200bPushkinskie Gory 2022', 'timestamp': '0:06:04'}, {'title': 'Rally Internazionale del Taro 2022', 'timestamp': '0:06:53'}, {'title': 'Rally Rokiškis 2022', 'timestamp': '0:07:34'}, {'title': 'MAHLE Rally Nova Gorica 2022', 'timestamp': '0:08:24'}, {'title': 'Rally di Roma Capitale 2022', 'timestamp': '0:08:59'}, {'title': 'Final credits', 'timestamp': '0:09:52'}]",3,04092026
396,RGe5JOm3N68,Insane car crash complilation #carcrash #cargrash #caraccident #dashcam #fyp #shorts,31082026,UCE8oikdiHLykB-iSjTrwx6A,37783,A description isn't available for this video,[],3,04092026
397,fpMptWZoF3Y,RUSSIAN DASHCAM- Crazy Drivers Car Crash Compilation #59,30092020,UCl3UYCmzIrk03MSjfxXnYpg,332876,"#carcrash #dashcamrussia #russiancarcrash   This car crashes russian compilation show you Car Crashes DashCam Compilation in Russia // USA // Europe. Enjoy watching. Drive safely and keep yourself and others safe.  In these type of russian dashcam car crashes russia videos I'm trying to show situations on the roads which are for educational purposes, so the road drivers can learn from other mistakes, not their own.   We do NOT own the video materials and all credits belong to respectful owners. In case of copyright issues, please contact us immediately for further credits or clip delete.  Video Link : https://youtu.be/fpMptWZoF3Y Subscribe for more Videos :  http://bit.ly/320XmzI  Thanks for watching.",[],3,04092026
398,CaZnOhWjNWc,Japan Dashcam Car Crash Accident Compilation,13102017,UCUcy8J-kaA4ftpZe7aK60VA,128915,A description isn't available for this video,[],2,04092026
399,XdFcD8___RQ,Bus Crash Triggers a Multi-Vehicle Collision | Dashcam Crashes,20082026,UCN_CyHWgzOTy8gKyMEPpYRQ,1,"A bus crash can quickly place several road users in danger. This dashcam crashes compilation features a multi-vehicle collision, sudden impacts and traffic mistakes that show why buses need space, patience and careful lane discipline.  Watch every road moment closely and consider how safe braking distance, proper observation and calmer driving could have prevented these accidents.  What should the drivers have done differently? Comment below and subscribe to Quick Wreck for more dashcam footage, car crashes and practical road safety lessons.  #BusCrash #DashcamCrashes #RoadSafety  Business enquiries and copyright: nearmissmoments@gmail.com",[],2,04092026
400,61puSbwJgRo,[Car Accident Video] The old man seems to have practiced his skills,31082026,UCiSUNo-aCw_qjMU-K84oo7w,17085,"It seems there is no text provided for translation. Please provide the text you would like to have translated into English.  📍 Watch more videos nearby: https://www.wowtchout.com/video/983ed6ba-0d39-44a6-87c9-11d1ce7632c5  📺 Submit your dashcam videos: https://www.wowtchout.com  🧧 Support WoWtchout: https://p.ecpay.com.tw/35F48F3  ─────────  👍 Sponsored ▋摩托車騎士夢幻逸品登場！3聯詠芯片主控，市場唯一真1080P 60fps＋CLEAR HDR，超夢幻規格新品 Pernis MX200WGS 👉 https://s.wowtchout.com/8s5nc2  ▋特斯拉煥新Y推薦首選｜大邁 I9 前後4K SONY IMX678✨ 👉 https://s.wowtchout.com/95rnz8  ❗️連結點不到？從主頁點擊連結，也可以進入唷   ─────────  https://shopee.tw/product/365620878/48851562344 https://shopee.tw/product/339832330/25561851640  ⚠️ This platform does not conduct content review or express a specific stance. Videos are published to match accidents and promote defensive driving awareness. Titles are provided by contributors; any modifications by the platform will be noted here. Links are prohibited in comments (anti-fraud), and the system automatically filters inappropriate language.  #WoWtchout #Dashcam #MapBasedDrivingVideoSharingPlatform #YouOnTheRoadIRecord #DefensiveDriving",[],2,04092026
401,9mxcKbQvFoY,US Dash Cam Moments #dashcam #accident #roadragecase #crash #collisioncam #automobile #ragedrive,11082026,UCXYfQHEV_4nbT152MU5p2xg,194035,car crashes caught in dash cam #roadragecase #carcrash #ragedrive,[],2,04092026
402,WWHEhOrqQQA,"Russian Dashcam, Russian Car crash, Car Crash COMPILATION 2025 &46 (w/ commentary)",31082025,UCSzHIkgnXAxVMCcnPGoSDwg,1433,"russian car crash, idiots in cars, car crash 2025, driving fails, idiot drivers 2025, car crashes 2025, russian dash cam 2025, hit and run, dashcam 2025, dashcam car crash videos, car crashes compilation 2025.  ➡️ Click to SUBSCRİBE! https://www.youtube.com/channel/UCSzHIkgnXAxVMCcnPGoSDwg  ✅ Explore the riveting world of traffic incidents in our car crash series, featuring real-life scenarios of speeding, carelessness, and traffic rule violations. Witness the compilation of collision aftermaths, each telling a unique story of vehicular misadventures.  ✅ If you enjoyed the video, show your support by hitting the like button and subscribing to our channel for the latest updates. Share your valuable opinions in the comments section, as your feedback means a lot to us. Let's make road safety a priority.   ✅ Dashcam Russia brings you authentic footage of road incidents with our signature touch, including text commentary and voice-over. Our videos are more than recycled content; they undergo an extensive 3-4 day production process. We pride ourselves on originality, incorporating defensive driving tips, compelling storylines, analyses, and even advice from witnesses or victims. Special editing effects, precise trimming, and strategic zooming enhance the viewing experience.  ✅ Your safety on the road is paramount. Implement the defensive driving tips shared in our videos to boost your overall road safety.  ✅ All videos are used with licensing agreements from copyright owners. If there's a mistake or you want your clip removed, contact us at dashcamrussia@gmail.com.  ✅ These videos, each with distinct contributions, serve as educational tools, enabling viewers to analyze, stay vigilant, and navigate potentially hazardous road scenarios effectively in the future.  #baddrivers, #drivingfails, #carcrash, #carcrashcompilation  You can access the original versions of some of the videos I commented on from the links below. ⬇️⬇️⬇️",[],2,04092026
403,4lPDUDrDW3c,"Speeding firetruck narrowly misses oncoming car, footage shows",11042025,UCw77677G3EAODp61b0izs7w,185327,The hair-raising moment a speeding firetruck almost smashed into a car in Canada was captured by dashcam footage on April 2. No serious injuries were reported. #crash #fypage #fyp #canada #shortsvideo #shorts,[],2,04092026
404,YlxnQXTa2Ag,RUSSIAN & EUROPEAN CAR CRASH COMPILATION  (2024 & 2025),19022025,UC7-Bhn__5qiErNvj7pkvvWQ,2688,"please subscribe help a crashman out  Experience the most intense and terrifying real car crashes captured by dashcams from around Russia! This compilation features shocking accidents on highways, intersections, and everyday streets, showing just how dangerous the road can be. Watch as these horrific car crashes unfold in real-time, with each incident serving as a reminder of the importance of safe driving and caution behind the wheel. From high-speed collisions to reckless mistakes, these dashcam videos bring you the raw reality of the dangers on the road. Whether you're a fan of dashcam footage, car accident compilations, or just want to see how fast things can go wrong, this video is a must-watch. Don't forget to like, share, and subscribe for more crazy dashcam car crashes",[],2,04092026
405,qFdbrc8WyFA,Caravans and Trailer Fails Dash Cam 2,09092022,UC_fPIWV9iiCpmatgZQtjMSQ,205490,Caravans and Trailer Fails Dash Cam 2  Dash Cam Owners Australia https://www.youtube.com/c/DashCamOwnersAustralia   Aussiecams https://www.youtube.com/c/Aussiecams  Face Book  Tez The Truckie,[],2,04092026
406,tGLiykcnWL0,"$6,000 REAR END CRASH",08032023,UCJZpPG8wegZJ3rsnc6-Bpnw,1468385,Wham Baam Dashcam is filmed on location by the men and women who have Dash Cams in their cars; all suspects are innocent until proven guilty in a court of law.  Welcome to the home of Dash Cam videos.   Submit your Dashcam video to be featured ▶ https://forms.gle/m4DNzNJQQ2Y7hwg2A Looking for a Dash Cam to buy? ▶ https://www.amazon.com/shop/whambaamteslacam Merchandise ▶ https://whambaam.com/ Voiceover recorded and edited by  ▶ Ben & Melissa Anderson of  @pnweventures    ▶ ALL VIDEOS ARE SUBMITTED TO OR FOR WHAM BAAM CHANNELS AND USED WITH ORIGINAL COPYRIGHT PERMISSION.  #whambaamdashcam #crash #dashcam,[],2,04092026
407,y266szF-12g,2016 Car Crash Compilation - Finland #1 [by ccceu],06072016,UCj7DkIiAUKK39zgz0CAJO9Q,121677,"Car Crash Compilation - Finland #1  ----  I don't own the clips used in this video.  If you have any problems with this video, contact me:   carcrashcompilationeu@gmail.com  ---  Note: No one was seriously injured  ---",[],2,04092026
408,jIKDqhBZzLI,US Dash Cam Moments #dashcam #accident #roadragecase #crash #collisioncam #automobile #ragedrive,25082026,UCXYfQHEV_4nbT152MU5p2xg,91325,car crashes caught in dash cam #roadragecase #carcrash #ragedrive,[],2,04092026
409,BrSn8xpnIGs,UK Bad Drivers & Driving Fails Compilation | UK Car Crashes Dashcam Caught (w/ Commentary) #248,18122025,UC8kQrh-1JyFZ3RiTHHKMt7A,28449,"⭐This video featuring driving fails, instant karma, close call, road rage, hit and run, car crashes, good drivers, bad drivers, and many more... This video can be utilized as a learning tool, so the viewers can learn from other mistakes, not their own.  ⭐ Looking for a dashcam for your car? We recommend VIOFO: ➡️ For UK VS1 2K:  https://amzn.to/4anhmOu (5% off promo code: RubyDAVS1) A229 Pro 4K: https://amzn.to/3UA9ofb  (5% off promo code: RubyDA229PRO)  ➡️ For US VS1 2K: https://amzn.to/3wvcjxD (5% off promo code: RubyDAVS1) A229 Pro 4K: https://amzn.to/4dLMdY6 (5% off promo code: RubyDA229PRO)  (affiliate link that may earn us commission) - Purchasing a product using these affiliate links earns us a commission and is a great way to support the channel at no extra cost!  *Driving safely should be your number one concern behind the wheel. Following these defensive driving tips from our videos to improve your own road safety.  ⭐Ruby Dashcam Academy provides actual footage of road incidents captured on dash cams. There's a story-line & our own unique contributions (TEXT COMMENTARY & VOICE-OVER) throughout the video. We have also added the special editing effects, trimming, zooming, etc with the footage throughout the compilation. This whole process required our 3-5 days for producing a video.  ⭐These videos with own unique contributions can be used as an educational and informative resource for viewers to analyze and evaluate situations, stay alert and get out of a potentially dangerous situation on the road in the future.  ⭐Visit our official website for defensive driving tips: https://rubydashcamacademy.com/  ⭐ALL VIDEOS USED WITH LICENSING AGREEMENT FROM COPYRIGHT OWNER! If we made a mistake or you just want to remove your clip, please let us know here: hannahbruntnell114@gmail.com  ⭐Submit your clip for the feature here: https://rubydashcamacademy.com/submit-your-clip/ --------- Thank you for watching and stay safe!  #ukdashcam #ukcarcrashes #baddrivers #drivingfails",[],2,04092026
410,UC-q8nzjbVE,That looks expensive #dashcam #video #car #wreck #road #roadtrip #fyp #viral #youtube #shorts #enjoy,30082026,UCFIC3oITAu2tDZeivXEVXHw,61752,A description isn't available for this video,[],2,04092026
411,1h1j6K5AXE0,UK Dash Cam Footage Compilation May 2026 (Part 3) | Crashes | Dangerous Driving | Close Calls,06062026,UCrl_wECEtMUjz36ti0ZlECw,6278,Dash Cam compilation of footage taken and submitted around Norfolk and the rest of the UK during May 2026 (Part 3).  Thank you to everyone who has submitted footage.  To Submit footage please visit NorfolkDashCam.co.uk or email the clip to Clips@NorfolkDashCam.co.uk   https://www.vehiclescore.co.uk  Thinking of selling your car? Enter your REG and find out the value..! WeBuyAnyCar.Com - https://assets.ikhnaie.me/click.html?wgcampaignid=1648670&wgprogramid=285665&?moneyAdvert&clickref=698e4e3c882c963cd9fd73d8  Carly Vehicle Diagnostics OBD Reader - https://assets.ikhnaie.me/click.html?wgcampaignid=1648670&wgprogramid=287545&clickref=698e4e3c882c963cd9fd73d8   Check out the other socials  https://linktr.ee/norfolkdashcam  #NorfolkDashCam #UKDashCam #DashCam #DashCamVideos #DashCamClips #Automotive #Driving #CaughtOnCamera #CaughtOnDashCam #Car #Cars #Drivers #UK #UKRoads #UnitedKingdom #England #Nextbase #Driving #UKDrivers #UKRoads #dashcam #cars #dashcamera #car #driving #dashcams #carcrash #drivesafe #caraccident #accident #dashcamvideos #crash #baddriver #camera #auto #blackvue #safety #dashcamvideo #carcrashes #baddrivers #roadrage #carcamera #crashes #carcam #driver #collision #carsofinstagram #road,[],2,04092026
412,xeT_8dRkP0c,Car crash compilation in Romania,13082021,UC3ccj7SDPRocgLXSE3XqrpQ,46522,A description isn't available for this video,[],2,04092026
413,NNkU1lpV8E0,UK Bad Drivers & Driving Fails Compilation | UK Car Crashes Dashcam Caught (w/ Commentary) #233,23082025,UC8kQrh-1JyFZ3RiTHHKMt7A,36387,"⭐This video featuring driving fails, instant karma, close call, road rage, hit and run, car crashes, good drivers, bad drivers, and many more... This video can be utilized as a learning tool, so the viewers can learn from other mistakes, not their own.  ⭐ Looking for a dashcam for your car? We recommend VIOFO: ➡️ For UK VS1 2K:  https://amzn.to/4anhmOu (5% off promo code: RubyDAVS1) A229 Pro 4K: https://amzn.to/3UA9ofb  (5% off promo code: RubyDA229PRO)  ➡️ For US VS1 2K: https://amzn.to/3wvcjxD (5% off promo code: RubyDAVS1) A229 Pro 4K: https://amzn.to/4dLMdY6 (5% off promo code: RubyDA229PRO)  (affiliate link that may earn us commission) - Purchasing a product using these affiliate links earns us a commission and is a great way to support the channel at no extra cost!  *Driving safely should be your number one concern behind the wheel. Following these defensive driving tips from our videos to improve your own road safety.  ⭐Ruby Dashcam Academy provides actual footage of road incidents captured on dash cams. There's a story-line & our own unique contributions (TEXT COMMENTARY & VOICE-OVER) throughout the video. We have also added the special editing effects, trimming, zooming, etc with the footage throughout the compilation. This whole process required our 3-5 days for producing a video.  ⭐These videos with own unique contributions can be used as an educational and informative resource for viewers to analyze and evaluate situations, stay alert and get out of a potentially dangerous situation on the road in the future.  ⭐Visit our official website for defensive driving tips: https://rubydashcamacademy.com/  ⭐ALL VIDEOS USED WITH LICENSING AGREEMENT FROM COPYRIGHT OWNER! If we made a mistake or you just want to remove your clip, please let us know here: hannahbruntnell114@gmail.com  ⭐Submit your clip for the feature here: https://rubydashcamacademy.com/submit-your-clip/ --------- Thank you for watching and stay safe!  #ukdashcam #ukcarcrashes #baddrivers #drivingfails",[],2,04092026
414,rEEhNU0Nwgs,Hit And Run Driver Gets Instant Karma,09122024,UCGOQS9mWlDGGTRW1ggcb9nQ,7502485,"A young driver hit a car in a parking lot but decided to flee the scene of the accident. He gets instant karma quickly after, hitting another parked car. Hopefully, he learned his lesson and isn't going to do this again.  #shorts #instantkarma #justice #roadrage #karma #baddrivers #dashcam",[],2,04092026
415,naB0WNLhKTg,Omg that didn’t look good… #dashcam #video #bad #car #wreck #fyp #viral #youtubeshorts #road #chaos,01092026,UCFIC3oITAu2tDZeivXEVXHw,11071,A description isn't available for this video,[],2,04092026
416,wxJr28GNTF4,WILD MOMENTS CAUGHT ON DASHCAM! 🤯📸 #dashcam #caraccident #roadrage #instantkarma,29082026,UClgbofkrUvS5H_c5LVqC0lA,41784,"Dashcam footage capturing many different accidents and close calls 🚗💥  Watch how quickly things can escalate—and why staying calm on the road matters. This channel shares real dashcam clips for both educational and entertainment purposes, highlighting the importance of safe driving, awareness, and accountability behind the wheel.  #dashcam #roadrage #instantkarma #baddrivers #drivinglessons #roadsafety #caughtoncamera",[],2,04092026
417,UIK0PmAvCoo,REAR END CRASH,24092023,UCJZpPG8wegZJ3rsnc6-Bpnw,181839,Wham Baam Dashcam is filmed on location by the men and women who have Dash Cams in their cars; all suspects are innocent until proven guilty in a court of law.  ▶ ALL VIDEOS ARE SUBMITTED TO OR FOR WHAM BAAM CHANNELS AND USED WITH ORIGINAL COPYRIGHT PERMISSION.  #whambaamdashcam #crash #dashcam #shortsvideo #shorts,[],2,04092026
418,X0MRyuFrh4w,BAD DRIVERS OF CALGARY (COMPILATION),11122025,UCIjOfS5aFH5J3LeuEW2nK4w,4569,Clips I pulled from my dash cam over a two year period. Probably lost some really good clips here or there but please enjoy! . . . . . . . . . #calgary #dashcam #crazyvideos #roadrage #instantkarma #crash #alberta  #canada #dashcamvideos #shocking #baddrivers #drivingfails #driving #viral #viralvideo #commentary #cars #crash #carcrash,[],2,04092026
419,OX6XCHk-6Rw,Motorcycle Crashes into Car Cutting Across | @viukee,28012025,UCBCH4BosbC4lhFt0KvfGWLw,1508726,A description isn't available for this video,[],2,04092026
420,A3K410O_9Nc,TESLA AUTOPILOT AVOIDS HIGHWAY ACCIDENT,20062023,UCbMoDtZ6Ani-eyHzCvxeVCw,240985,"Wham Baam Teslacam  Teslacam Stories is a series of Tesla owners' real experiences told by the Tesla Dashcam and Sentry Mode videos. All incidents are recorded from Tesla vehicles and submitted to this channel by other Tesla enthusiasts. I contact each person who sends me their videos to talk with them and learn more about their story and to follow up on what happened after what we see on their video. Voice-over and captions are added to describe what happened, and why. I believe that this additional information regarding the incident gives the videos a newsworthy value.   From the footage and additional information, a viewer can learn the consequences of bad driving and can educate his/herself about better driving safety. This process also gives the videos great educational value. It is my desire to add my own unique and creative value in a transformative way to ensure you enjoy and learn from the videos being presented.   Looking for a dashcam? We recommend the VIOFO A129 Plus Duo ▶ https://amzn.to/3HDIXAl Submit your Tesla video to be featured ▶ https://forms.gle/YFtXSeDScYQAJvwg7 Voiceover recorded and edited by  ▶ Ben & Melissa Anderson of @pnweventures   **All videos are submitted to or for Wham Baam channels and used with original copyright permission.**  #whambaamteslacam  #tesla #autopilot #shorts #fyp #model3",[],2,04092026
421,RZzlXzI2YRM,"Dashcam UK - Road Rage, Driving Fails, Bad Drivers #289",31082026,UCZyRT83aj4Gs9jIF_qgmSgg,3845,"Books Made To Be Enjoyed: https://www.amazon.co.uk/stores/author/B0F2JDRN7S/  ---------------------  👉 Clip Submissions: Want to feature your dashcam clip?  1️⃣ Email 📧 dashcamdiariesukyt@gmail.com Send:  Name (or say “anonymous”) Short description (optional) Location (e.g., “Rugby Town Centre”) Your dashcam video (file or link)  2️⃣ Google Form 📝 https://forms.gle/9P75hNf4Cb8yBKo97  ---------------------  Another wild moment from today’s UK dashcam compilation! Caught on camera: bad driving, close calls, and those daily near-misses we all witness on UK roads.  📺 Watch the full compilation on my channel!  #ukdashcam #dashcam #baddrivers #roadrage #shorts",[],2,04092026
422,n0in92gnGXM,"Caught on video: Dramatic drunk driving crash in Eau Claire, Wis.",25102022,UCry2gCVdntv6r661sKUiKXw,433182,New video tonight of a terrifying crash that sent a car flying.,[],2,04092026
423,CBMtMcsmqTU,Britain's worst car crashes caught on camera,25012016,UCME81PohuzT1JMCsEtvsD2w,278254,CCTV and dashboard camera footage of Britain's worst car crashes has been released ahead of an ITV documentary. Report by Sarah Johnston.,[],2,04092026
424,SVLmXONPyx4,Dashcams: Capturing The Chaos Of Britain's Streets | The Motorway Cops | Channel 5,01072021,UC1XSYJz0tzqNONTlIoRpqog,679808,"Subscribe to Channel 5 for more: https://bit.ly/35P9Rz7 Watch this and more Full Episodes on My5: https://tinyurl.com/y5fvp6ly  Dashcams are catching the chaos of collisions on UK roads 🚙 Purple Productions are on the lookout for dashcam footage to be featured in a new Channel 5 show. If you have a video to share send to ➡️ contactus@purpleproductions.co.uk (UK only)  Download the My5 App: App Store: https://apple.co/2sHmfTx Google Play: https://bit.ly/2LjieuK  More from Channel 5: Like: https://www.facebook.com/channel5uk/ Follow: https://twitter.com/channel5_tv Instagram: https://www.instagram.com/channel5_tv/  Channel 5 is home to your favourite TV Shows, Drama, Documentaries, History, Sports and Soaps; everything you are looking for is here!  You can find whole episodes and box sets on https://www.my5.tv/",[],2,04092026
425,t_ol2g_4kLE,Dashcam Captures Moment SUV Crashes Into Tulsa Police Car,29102019,UCXMYxKMh3prxnM_4kYZuB3g,36830161,** (Disclaimer: This video content is intended for educational and informational purposes only) ** Tulsa police released new dash cam footage which shows an officer texting while driving seconds before getting in a wreck. The other driver was at fault after police say the driver crossed the median.   Article Source: https://ktul.com/news/local/video-tulsa-police-officer-caught-texting-while-driving-before-crash  Donate to PoliceActivity: https://www.patreon.com/PoliceActivity Like us on Facebook: https://www.facebook.com/PoliceActivity Follow us on Twitter: https://twitter.com/Police_Activity,[],2,04092026
426,oQEAKaDmJSA,Newly-released video provides more insight into deadly UGA crash,01052023,UCzF4Ryn8TKn64md77gS5Q5Q,3551815,"Newly-released documents and surveillance video on a crash that killed a University of Georgia football player and staffer earlier this year give more insight into the moments right before and the immediate aftermath of the accident scene.  More video: https://www.youtube.com/watch?v=YS8-9-aKKew  Full story: https://www.11alive.com/article/news/local/newly-released-photos-video-deadly-uga-crash/85-9069bbb0-e4d9-4b14-bd76-719f588da270  11Alive is Where Atlanta Speaks. We believe that news shouldn’t be a one-way conversation, but a dialogue with you. Join in, share your thoughts and connect with new perspectives.  Subscribe to 11Alive for exclusive content: http://bit.ly/11AliveSubscribe   Download our 11Alive News app: https://interactive.11alive.com/appredirect/  Text ""plus"" to 404-885-7600 to download 11Alive+ and stream 24/7 on Roku and Amazon Fire TV.   Follow 11Alive on Social:   Facebook: https://www.facebook.com/11Alive/ Twitter: https://twitter.com/11AliveNews",[],2,04092026
427,Y72PJ9ZKb70,New video released of high-speed chase that ended in death of motorcyclist,01032022,UCJCdiZtw9zStiR3xgnp7qlg,3082844,The motorcyclist drove more than 100 miles an hour on I-95.,"[{'title': 'Intro', 'timestamp': '0:00:00'}, {'title': 'Dashcam video', 'timestamp': '0:00:20'}, {'title': 'Crash', 'timestamp': '0:00:58'}]",2,04092026
428,eRayW4WmOao,Maryland high school student dies in car crash,08032023,UCcT6w3xUyVshyR2_2vrMp1w,6064866,One Maryland high schooler is dead and another is hospitalized after a severe car crash in Upper Marlboro. The two were students at Wise High School and crashed into a landscaping trailer that was parked on the side of the road. Police are investigating the circumstances surrounding the crash. The school's principal sent a letter out to families to offer tips on talking to kids about dealing with grief. Click the link below to stay updated on this case.  https://www.wusa9.com/article/news/local/maryland/deadly-crash-investigation-prince-georges-county/65-2d496717-8521-477c-81da-96e6fff83f26,[],2,04092026
429,-28otzkbwIE,UK Bad Drivers & Driving Fails Compilation | UK Car Crashes Dashcam Caught (w/ Commentary) #266,24052026,UC8kQrh-1JyFZ3RiTHHKMt7A,114799,"UK Bad Drivers & Driving Fails Compilation | UK Car Crashes Dashcam Caught (w/ Commentary) #266 https://youtu.be/-28otzkbwIE  ⭐This video featuring driving fails, instant karma, close call, road rage, hit and run, car crashes, good drivers, bad drivers, and many more... This video can be utilized as a learning tool, so the viewers can learn from other mistakes, not their own.  ⭐ Looking for a dashcam for your car? We recommend VIOFO: ➡️ For UK VS1 2K:  https://amzn.to/4anhmOu (5% off promo code: RubyDAVS1) A229 Pro 4K: https://amzn.to/3UA9ofb  (5% off promo code: RubyDA229PRO)  ➡️ For US VS1 2K: https://amzn.to/3wvcjxD (5% off promo code: RubyDAVS1) A229 Pro 4K: https://amzn.to/4dLMdY6 (5% off promo code: RubyDA229PRO)  (affiliate link that may earn us commission) - Purchasing a product using these affiliate links earns us a commission and is a great way to support the channel at no extra cost!  *Driving safely should be your number one concern behind the wheel. Following these defensive driving tips from our videos to improve your own road safety.  ⭐Ruby Dashcam Academy provides actual footage of road incidents captured on dash cams. There's a story-line & our own unique contributions (TEXT COMMENTARY & VOICE-OVER) throughout the video. We have also added the special editing effects, trimming, zooming, etc with the footage throughout the compilation. This whole process required our 3-5 days for producing a video.  ⭐These videos with own unique contributions can be used as an educational and informative resource for viewers to analyze and evaluate situations, stay alert and get out of a potentially dangerous situation on the road in the future.  ⭐Visit our official website for defensive driving tips: https://rubydashcamacademy.com/  ⭐ALL VIDEOS USED WITH LICENSING AGREEMENT FROM COPYRIGHT OWNER! If we made a mistake or you just want to remove your clip, please let us know here: hannahbruntnell114@gmail.com  ⭐Submit your clip for the feature here: https://rubydashcamacademy.com/submit-your-clip/ --------- Thank you for watching and stay safe!  #ukdashcam #ukcarcrashes #baddrivers #drivingfails",[],2,04092026
430,YXl07GzBT7M,CAR CRASH CAUGHT ON DASHCAM,04032023,UCJZpPG8wegZJ3rsnc6-Bpnw,577792,Wham Baam Dashcam is filmed on location by the men and women who have Dash Cams in their cars; all suspects are innocent until proven guilty in a court of law.  Welcome to the home of Dash Cam videos.   Submit your Dashcam video to be featured ▶ https://forms.gle/m4DNzNJQQ2Y7hwg2A Looking for a Dash Cam to buy? ▶ https://www.amazon.com/shop/whambaamteslacam Merchandise ▶ https://whambaam.com/ Voiceover recorded and edited by  ▶ Ben & Melissa Anderson of  @pnweventures    ▶ ALL VIDEOS ARE SUBMITTED TO OR FOR WHAM BAAM CHANNELS AND USED WITH ORIGINAL COPYRIGHT PERMISSION.  #whambaamdashcam #crash #dashcam #shorts,[],2,04092026
431,BTRjX0xGwdE,UK Bad Drivers & Driving Fails Compilation | UK Car Crashes Dashcam Caught (w/ Commentary) #237,12092025,UC8kQrh-1JyFZ3RiTHHKMt7A,29805,"⭐This video featuring driving fails, instant karma, close call, road rage, hit and run, car crashes, good drivers, bad drivers, and many more... This video can be utilized as a learning tool, so the viewers can learn from other mistakes, not their own.  ⭐ Looking for a dashcam for your car? We recommend VIOFO: ➡️ For UK VS1 2K:  https://amzn.to/4anhmOu (5% off promo code: RubyDAVS1) A229 Pro 4K: https://amzn.to/3UA9ofb  (5% off promo code: RubyDA229PRO)  ➡️ For US VS1 2K: https://amzn.to/3wvcjxD (5% off promo code: RubyDAVS1) A229 Pro 4K: https://amzn.to/4dLMdY6 (5% off promo code: RubyDA229PRO)  (affiliate link that may earn us commission) - Purchasing a product using these affiliate links earns us a commission and is a great way to support the channel at no extra cost!  *Driving safely should be your number one concern behind the wheel. Following these defensive driving tips from our videos to improve your own road safety.  ⭐Ruby Dashcam Academy provides actual footage of road incidents captured on dash cams. There's a story-line & our own unique contributions (TEXT COMMENTARY & VOICE-OVER) throughout the video. We have also added the special editing effects, trimming, zooming, etc with the footage throughout the compilation. This whole process required our 3-5 days for producing a video.  ⭐These videos with own unique contributions can be used as an educational and informative resource for viewers to analyze and evaluate situations, stay alert and get out of a potentially dangerous situation on the road in the future.  ⭐Visit our official website for defensive driving tips: https://rubydashcamacademy.com/  ⭐ALL VIDEOS USED WITH LICENSING AGREEMENT FROM COPYRIGHT OWNER! If we made a mistake or you just want to remove your clip, please let us know here: hannahbruntnell114@gmail.com  ⭐Submit your clip for the feature here: https://rubydashcamacademy.com/submit-your-clip/ --------- Thank you for watching and stay safe!  #ukdashcam #ukcarcrashes #baddrivers #drivingfails",[],2,04092026
432,qYXDif7mwBs,Driver avoids fatal crash while hydroplaning #crash #shorts #dashcam #drivingfails #dashcamvideo,06012023,UCKg_QFffZRfDt9wS789E77g,168195,A description isn't available for this video,[],2,04092026
433,ory0jrT8jPc,Moments Filmed Seconds Before Disaster | Idiots in Cars,28082026,UCbu-V7G6Uqz-MDTToqUCL4A,10436,"Moments Filmed Seconds Before Disaster | Idiots in Cars brings a calm documentary look at real road moments where one small decision can change everything in seconds. This idiots in cars video features dashcam, cctv camera, driving fails compilation moments, animals on the road, luckiest people, and unexpected scenes caught on camera.  Most of the footage featured in this video was recorded in the United States. Rather than focusing on shock, this idiots in cars compilation highlights awareness, reaction time, safe distance, and better choices behind the wheel. If you enjoy moments filmed seconds before disaster, car crash compilation context, top 10 style road awareness, and instant karma compilation clips with a safer message, this idiots in cars episode is part of our ongoing playlist. Let us know which state you're watching from. #ideas ıotsincars  #carcrashcompilation #dashcamvideos #caughtoncamera #roadimpact",[],1,04092026
434,GdUcVJBU-wc,Dash Cam Truck Stands Ground as Car Tries to Cut In Last Minute,18092025,UCy896-M6_lOJscXrAm0GSwg,4471904,🛑 Submit your clips: https://sendvideo.us   ⚫Looking for a dashcam for your car? We recommend this: ▶ https://atruckdrivers.com/collections/vehicle-electronics  Our videos aim to help all the truck drivers by educating and promoting safe driving among all drivers. Every clip in this video contains significant editing and original text commentary written by us.  For collaborations contact us at: info@americantruckdrivers.life  American Truck Drivers Store ▶ https://atruckdrivers.com  Our social media: Truck Drivers Life: https://www.truckdrivers.life/pages/americantruckdrivers Instagram:   https://www.instagram.com/americantruckdrivers/ Facebook: https://www.facebook.com/ATruckDrivers  Tiktok:   https://www.tiktok.com/@americantruckdrivers   Website: https://americantruckdrivers.life/  #Shorts #18wheeler #trucking #road #trucks #brake #truckerlife #truckvideos #videoviral #unbelievable #Drivers #americantruckdrivers #trucker #truckdriverslife #moments #peterbilt #reels #Wow #TruckDriver #dashcam #truckstuff #oldtrucks #wtfmoment #vehicles #tractortrailer #tractor #viralvideos #cdl #dumptruck #drivers #semitrucks #short,[],1,04092026
435,KtPJ-JfHFkg,Toyota Camry Crash 🇺🇲 | Flashbacks,19062024,UCJCNPG41NUkCWRcuuuUDA1w,775314,"Context  The dashcam on a truck captured a video of a Toyota Camry driver losing control and flying off the road. The terrifying incident reportedly took place in Yuba City, California,   The event took place moments after a car drove past from the very place the Camry landed on the road. It was fortunate that no one was severely hurt. It is reported that the driver of the Toyota Camry survived the crash, and only suffered minor injuries.  #carcrash #beamngdrive #crash #beamng #cars #dashcam #dashcamvideo",[],1,04092026
436,dQL4tqemY3s,Multi-Car Crash Brings Traffic to a Sudden Standstill,27082026,UCL14LRJaBGGhuxKvobo9Qww,21530,"Multi-car crash leaves several vehicles damaged on a busy road. The aftermath shows cars, vans, and a large carrier caught up in the serious collision.   Video ID: WGA414166  All the content on Trendly is managed by WooGlobe  For licensing and to use this video, please email licensing(at)Wooglobe(dot)com.  ►SUBSCRIBE for more trending Videos:   ----------------------- Copyright - #wooglobe #trendly #multicarcrash #carcrash #trafficaccident #roadaccident #drivingfail #dashcam #traffic #highwayaccident #accidentvideo #driving #roadfails #viralvideo",[],1,04092026
437,5On3JFrYVFU,"Us dash cam, Crazy car accident #dashcam #cam #accident #car #dash#fyp",03062026,UCPUz63n4tcV2mZ50bYtMiMQ,2166335,A description isn't available for this video,[],1,04092026
438,oWop55wsVTo,Driver braking for turtle causes multi-car accident in Florida #shorts,17052023,UC8p1vwvWtl6T73JiExfWs1g,2319158,#news #florida #turtle,[],1,04092026
439,ZLOMRq6muAY,Dashcam video  compilations #dashcam #video #viral #fyp #car #cars #wreck #road #youtubeshorts,23082026,UCFIC3oITAu2tDZeivXEVXHw,43963,A description isn't available for this video,[],1,04092026
440,CGOS4u_4JMc,Car Tries to Beat Dump Truck Before Lane Ends and Causes Crash,30082026,UCy896-M6_lOJscXrAm0GSwg,8334,🛑 Submit your clips: https://sendvideo.us  📲 American Truck Drivers App  ▶ https://play.google.com/store/apps/details?id=com.atruckdrivers.app  Our videos aim to help all the truck drivers by educating and promoting safe driving among all drivers. Every clip in this video contains significant editing and original text commentary written by us.  For collaborations contact us at: info@americantruckdrivers.life  American Truck Drivers News ▶ https://atruckdrivers.com  Our social media: Truck Drivers Life: https://www.truckdrivers.life/pages/americantruckdrivers Instagram:   https://www.instagram.com/americantruckdrivers/ Facebook: https://www.facebook.com/ATruckDrivers  Tiktok:   https://www.tiktok.com/@americantruckdrivers   #Shorts #18wheeler #trucking #road #trucks #brake #truckerlife #truckvideos #videoviral #unbelievable #Drivers #americantruckdrivers #trucker #truckdriverslife #moments #peterbilt #reels #Wow #TruckDriver #dashcam #truckstuff #oldtrucks #wtfmoment #vehicles #tractortrailer #tractor #viralvideos #cdl #dumptruck #drivers #semitrucks #short,[],1,04092026
441,tx8BMQ4WGDk,[SERIOUSLY DANGEROUS] Nearly a Head-On Collision Right After Turning! A Runaway Mobility Scooter ...,29082026,UCoFfUS3LWePyjXAKz1er-Mw,27164,#ドラレコ #ドライブ #ドライブレコーダー #衝撃映像 #ドラレコ #車載動画 #shorts   左折した直後、一時停止を無視して強引に逆走してきた対向車と正面衝突寸前になった瞬間です。急ブレーキで事故は回避できましたが、あまりにも危険な運転に驚きました。あなたも見通しの悪い交差点には十分ご注意ください。 -------------------------------------------------- 「ドラレコは見た」チャンネルです。  当チャンネルの目的は交通事故の防止と撲滅です。安全運転につなげるべく全国の方々からドラレコ映像、スマホ映像を多数ご提供頂いております。  軽いショックが含まれる映像もありますが、ひとつの参考事例として安全運転と身の保全に役立てていただければ幸いです。  【拡散希望の映像をお持ちの方】 ★メール 以下のアドレスへ送信いただければ助かります。 safetydrivelife@gmail.com  例えば以下の件名で送っていただければスムーズです。 件名：ドラレコ映像の提供 ※引用元の明記が必要な場合はメール本文にコピペできるようにお願いいたします ※容量が大きい場合は「ギガファイル便」にアップのうえ、URLをメールで送っていただければ助かります ギガファイル便：https://gigafile.nu/  ギガファイル便はこちら（動画をドロップ後にURLを送っていただくだけです） https://gigafile.nu/  ギガファイル便の使い方 https://youtu.be/ooVHSAGktYI   ※◯◯県等の位置情報の提供もお願いします（支障なければ）。 ※ご提供者様のXアカウント名は表示しません（後述）。 ※投稿後に問題が発生した場合いつでも該当のシーンをカットいたします。  ★ツイッター  @drive_kanippatuまでご連絡ください。 ※普通のメンションで大丈夫です https://twitter.com/@drive_kanippatu   ※音声 ・AquesTalk：https://www.a-quest.com/products/aque... ・音読さん：https://ondoku3.com/ja/   ★使用している映像について 【すべて許可いただいてます】 当チャンネルでアップしている「すべて」のドライブレコーダー映像は、 著作権所有者様（撮影者様）から使用許可をいただいたものです。 ※無断使用はいっさいしておりません 【引用元の記載について】 著作権所有者様（撮影者様）から 「動画の使用は構いませんが引用元を記載しないでください」という依頼や、SNSにアップした後、ご本人様が該当動画を削除されるケースがあります。 そのため、依頼があった場合のみ引用元を記載しております  ★引用および転載について YouTubeの運営局にて「著作権への抵触の有無」を「すべて」審査していただいております。※抵触すると判断された映像および画像はいっさい使用しておりません   #ドラレコ #ドライブ #ドライブレコーダー #ゆっくり実況  #ゆっくり解説 解説,[],1,04092026
442,sC56JPAkrIM,HOW DID THEY SURVIVE THIS? 😱 #traffic #shocking #shorts,31082026,UCIhouH5M3GiGc1Nn-Fy51JQ,26388,"Watch these intense near-miss traffic moments caught on camera.  From motorcycle swerves to unexpected road obstacles, these clips show just how unpredictable daily commutes can be. See drivers and pedestrians narrowly escape accidents in these real-life survival situations.  Subscribe for more dashcam footage and road safety compilations.",[],1,04092026
443,OZxcV3oKhgQ,truck driver falls asleep and flips,27102022,UCAtHXwply0pf-vEuHxOwE3g,781240,A description isn't available for this video,[],1,04092026
444,3fe7iXa2hP4,The A3 Ghost Crash 😱,03032025,UCvz84_Q0BbvZThy75mbd-Dg,7989553,A description isn't available for this video,[],1,04092026
445,kx7Dml_vHKo,Crashes Rented Lamborghini at 100 MPH!!!,27072023,UCAyHQbvzdh9m4mthXeRiYJQ,1062230,"#executiveautomotivesociety #thesociety #vipprimo #shorts #lamborghini #crash #car #aventador   In today's news, the driver of this rented Lamborghini crashed his rented Aventador traveling at 100 mph in the back of this truck.  Police were searching for this driver for reckless driving and traveling at a high rate of speed when reports of a crash came back.  This is what they found.  Luckily the driver only sustained minor injuries.    Visit our social media locations and podcast for more automotive news and reviews, vehicle aftermarket, new car retail, fashion, and business.    For all your high end automotive information and event coverage.   Website : https://www.executiveautomotivesociety.com/ Youtube: https://www.youtube.com/ExecutiveAutomotiveSociety Rumble: https://rumble.com/user/executiveautomotivesociety Facebook : https://www.facebook.com/executiveautomotivesociety Instagram : https://www.instagram.com/executiveautomotivesociety/ Twitch: https://www.twitch.tv/vipprimo LinkedIn: http://linkedin.com/company/executive-automotive-society  Podcast: Spotify: https://open.spotify.com/show/1BZFhP8GxqhsNWaNpFGTDD Amazon Podcast: https://music.amazon.com/podcasts/89022484-40e0-44ec-9af9-49172bd7c9ad/car-side-chat Apple Podcast: https://podcasts.apple.com/us/podcast/car-side-chat/id1588813691 Google: https://podcasts.google.com/feed/aHR0cHM6Ly9hbmNob3IuZm0vcy82Y2YxMWJiOC9wb2RjYXN0L3Jzcw Anchor: https://anchor.fm/executiveautosociety  Check out our host facebook : https://www.facebook.com/vipprimoallenharris/ Instagram : https://www.instagram.com/vipprimo/ Twitter : https://twitter.com/vipprimo",[],1,04092026
446,9ezlwiSqOgw,"UK Dash Cameras - Compilation 27 - 2026 Bad Drivers, Crashes & Close Calls",30082026,UCfZwNd8i7spJmLr4qq1_Gyw,57414,"Welcome to UK Dash Cameras 2026 Compilation #27!  Thank you to all that have sent clips in this week.  Clip submissions, please email them to: clips@ukdashcameras.co.uk  If your clip(s) is/are too large to send via email, check out this form: http://bit.ly/2nRRw2L Or visit: https://wetransfer.com/ and put my email 'clips@ukdashcameras.co.uk' in the 'Email To:' section.  Socials:  Facebook: https://bit.ly/2KdGSeG Instagram: https://bit.ly/2B6pXam Discord: https://discord.gg/k7FxP8u  If you want to consider donating via Patreon or PayPal, use the links below:  https://www.patreon.com/ukdashcameras https://paypal.me/ukdashcameras  Any amount is appreciated and it all goes towards bringing you the best videos every week! (Patreon members get videos 24 hours earlier!)  Channel dedicated to Grandad John, 1930-2018 and to Grandma Irene, 1928-2023.   Sponsorship: Our favourite dash cams – here's a discount code for you viewers!  5% off discount code: UKCAM119MP A119M Pro: https://tr.ee/Wy3JgD   5% off discount code: UKCAM229P A229 Pro: https://tr.ee/mEKsLi   If there are issues then please let me know!  UK Dash Cameras  Please send an email to enquiries@ukdashcameras.co.uk for more information!",[],1,04092026
447,op9tUUaaoqU,Motorcycle Crashes into Car in Busy Street,12032023,UCPS3hxx_mOvuHQI29Td-2qg,12815817,"Watch as a motorcyclist crashes into a car in a busy street in this shocking video. As a dog crosses the street, the car patiently waits for it to pass. But unfortunately, the motorcyclist behind doesn't see the car and collides with it. The impact of the crash is severe, and both vehicles are badly damaged. Fortunately, the motorcyclist survived, but may have suffered serious injuries. This video serves as a reminder of the importance of staying alert on the roads and prioritizing safety when operating a vehicle or motorcycle. Short edited video by CrashBanditoNL. . . . Copyright Disclaimer Under Section 107 of the Copyright Act 1976, allowance is made for ""fair use"" for purposes such as criticism, commenting, Entertainment, news reporting, teaching, scholarship, sports, and research. Fair use is a use permitted by copyright statutes that might otherwise be infringing. Non-profit, educational, or personal use tips the balance in favor of fair use.  Reference: https://bit.ly/3l8GUbc  Section 107 of the Copyright Act 1976: 1)This video has no negative impact.  2)This video is also for entertainment purposes.  3)It is transformative in nature.",[],1,04092026
448,94DTGH_XnCA,NEARLY GOT SQUASHED! 🫣 #driving #test #chaos #omg #silly #driver #car #road #London #fail,08022025,UCsB3ERjLGFbbATR0f9cB4Yg,7895467,A description isn't available for this video,[],1,04092026
449,WTblQmhXjhs,This is why you never cut up in a Prius…😬 #shorts #dashcam #cars #accident,12062025,UCjuSdw97E1Nag-5Mp3CwpUw,116960,A description isn't available for this video,[],1,04092026
450,LGo9ebor1u4,Car Crash Because Of ROAD RAGE,05032025,UCJ4EyIM4bRznQdL0hwA2nkQ,62146,"Road Rage Compilation Driving Fails Dashcam Footage Road Rage USA Car Accidents Crazy Drivers Highway Fights Reckless Driving Traffic Incidents Driver Freakouts Dashcam Captures Road Rage 2025 (or current year) Car Crashes Bad Drivers Driving Fails Compilation Highway Rage Police Chases Caught on Dashcam Close Calls Driving Angry Drivers #RoadRage, #Dashcam, #CrazyDrivers, #CarCrashes can also improve searchability on",[],1,04092026
451,_wLQ5vyCyew,Road safety video | Example of blind spot in truck car road accident..,18062021,UCFuRj1TbfvTYress3fmfV_w,14875304,A description isn't available for this video,[],1,04092026
452,nbR6DNYFQ_o,NZ Dash Cam - NZ Bad Drivers Compilation - No.48,23092019,UCPuG58_z4bd6Efg3zwfe1XQ,110358,Dash cam footage from New Zealand Car cameras from different vehicles are used to create this dash cam compilation. So many bad drivers.  #NZDashCam #DashCam #NZ,[],1,04092026
453,WHI2ay2vAr4,MALAYSIA DASHCAM COMPILATION #11 | Accident crash,24102021,UCNjzYBWazfJTwYIryBxgGWg,254600,"All the carcam caught a video featuring driving fails, unexpected scene, instant karma, car crashes, good drivers and bad drivers!   This video has a great educational value which will help the viewer to learn safe driving as well as better road safety. Also, from the footage and additional information, a viewer can learn the consequences of bad driving and can educate his/her self with better driving safety. This process also gives our video a great educational value.   Some of the clips may contains disturbing content. Please take note on this.   Submit your Dashcam video for the feature here. sent to Email: malaysiacarcams@gmail.com   Disclaimer: Credit to the rightful owners for pictures/information/media used.   Please contact us thru email malaysiacarcams@gmail.com for any issue. Thank you.  #baddriver #dashcam #accident #eksiden #baddriving #roadrage #carcrash #caraccident",[],1,04092026
454,gujSc5SmTzk,Amazing  car accident😱😱 viral short video##ytviralcar,06082022,UCMklWyuC0Gr5zPdEH15fqqg,5423296,A description isn't available for this video,[],1,04092026
455,AS8a-_QJcuA,Reckless Driver Crashes and Flips Car in a Second 😭 | Shocking Dashcam Footage #shorts,20052025,UCVxAKyhrXPClI6FDUBeP69w,27634,"Watch this intense dashcam footage as a reckless, aggressive driver ignores all rules—cutting through traffic without a turn signal—and slams into an innocent car, causing it to flip dramatically. The crash unfolds in a matter of seconds, but its impact lasts forever.  This real-life moment captured on camera is a reminder of how dangerous road rage and careless driving can be. Share to spread awareness and drive responsibly. One moment of anger can change lives forever.   Like | Share | Subscribe for more real dashcam incidents and driving awareness content.  Turn on notifications for future uploads.  #dashcam #carcrashes #roadrage #drivingfails #accidentcaughtoncamera #dashcamvideos #dashcamaccidents   Dashcam car accident   Road rage caught on camera   Car crash compilation   Dash cam footage   Car accident video   Reckless driving crash   Real car crash   Car flips over   Crash caught on dashcam   Dangerous driving",[],1,04092026
456,Mio7I4V2s6Y,"Dashcam video: Scammers reverse, crash into car in apparent insurance scam",21102024,UCVxBA3Cbu3pm8w8gEIoMEog,152585,Video shows as the woman was driving on the busy highway when another car cut her off and caused her to slam on the brakes.  MORE: https://abc7.com/post/dash-cam-video-crash-captures-alleged-insurance-scammers-reversing-car/15450677/,[],1,04092026
457,aBv8m9bdDCA,"""Why Dashcams Are Important | Big Vehicles Are Not Always Responsible for Accidents | Dashcam India",24082025,UC5SV3Mv0BvivcvPOa6W3Zzg,8796188,"In this dashcam footage, you’ll see how a bike rider was blocking the road and refused to move even after multiple horns. Incidents like these show the importance of dashcams – they capture the truth, prevent false blame, and promote road safety.  🚛 Remember: Big vehicles are not always responsible for every accident. 📹 A dashcam is the best way to protect yourself and spread awareness about safe driving.  👉 Support road safety awareness by liking, sharing, and subscribing for more dashcam videos from Indian roads  Dashcam India, Dashcam Footage, Road Safety India, Why Dashcams Are Important, Indian Roads Dashcam, Big Vehicles Not Responsible, Bike Rider Blocks Road, Traffic Awareness India, Car Dashcam India, Truck Dashcam India, Road Rage India, Dashcam Accident Video, Driving in India",[],1,04092026
458,bD2ohbGuNwY,Biker Witnesses a Car CRASH! 😱 @gsxrbrad,27102025,UCx_DJofXp_p8rkEhqZhfwhg,814232,Credit: @gsxrbrad,[],1,04092026
459,J_vtIofD2XM,Semi Truck Loses Brakes!,09032025,UCGOQS9mWlDGGTRW1ggcb9nQ,227731,"#semitruck #roadsafety #dangerous #dashcam #dashcamvideos   This semi trucks brakes failed at the worst possible time! As the truck approached the edge of a cliff, the brakes stopped working and the trucker miraculously was able to turn at the last second and bring the truck to a stop.",[],1,04092026
460,p6uNpOFg74I,Mustang almost got SLAMMED!! #dashcam #video #car #wreck #fyp #viral #road #rage #air #subscribe,29082026,UCFIC3oITAu2tDZeivXEVXHw,96278,A description isn't available for this video,[],1,04092026
461,gXTXtBIw6EE,He Avoided One Crash... But Caused Another 😨,02092026,UCGztZGzg7kNnOw9_1t5a80g,5196,"🚗 New dashcam crashes and close calls regularly!  If you enjoyed this video, don't forget to 👍 Like, 💬 Comment, and 🔔 Subscribe for more insane dashcam moments!  Drive safe! 🚘  ⚠️ All videos are used for educational and entertainment purposes. #dashcam  #crash  #shorts #recklessdriver #car #ejected",[],1,04092026
462,hMYOFZnqbSY,"Pune: Biker's Head Hits Car Windshield, Helmet Saves Him",10102025,UCZFMm1mMw0F81Z37aaEzTUA,4681200,"A speeding biker collided head-on with an approaching car, his head hits the front part of the car directly, The windshield shatters, and he falls to the ground a short distance away.  The bike, moving at high speed, crashed violently into the oncoming car, But fortunately, because the rider was wearing a helmet, he sustained only minor injuries.  Both the bike and the car suffered significant damage in the crash. Currently, this CCTV footage is going viral on social media. The incident occurred around 4 PM on Thursday on Pimpri Link Road.  #PuneNews #Accident #RoadAccident   About NDTV (English news channel):    NDTV is India's Most-Trusted News Broadcaster with the latest updates in news, sports, entertainment and much more from within India and around the world. Watch big political debates, exclusive entertainment interviews, news bulletins, current affairs, talk shows and tech reviews with our 24x7 news live streams, packed with credible information across all platforms: TV, Internet and Mobile.    For Latest Videos, click here: https://www.youtube.com/playlist?list=PLYSfYVdrOZvh5iPadUPTAg3sxFD_DZpT_    To watch NDTV 24x7's premium shows listed together for your easy access, click here: https://www.youtube.com/@NDTV/playlists?view=50&sort=dd&shelf_id=5    For Ground Reports and Analysis from NDTV's reporters and anchors of day's top news stories, click here: https://www.youtube.com/playlist?list=PLYSfYVdrOZvgHr6OHiZYKbr_21MOmvk04    For News in Shorts, click here: https://www.youtube.com/playlist?list=PLYSfYVdrOZvjJ8fhLPk_Fz4tFARkpG-Y-    Subscribe to our channel to get latest news updates.    Follow us on Social Media:  Like us on Facebook: https://www.facebook.com/ndtv/  Follow us on Twitter: https://twitter.com/ndtv/  Follow us on Instagram: https://www.instagram.com/ndtv/  Follow us on WhatsApp: https://whatsapp.com/channel/0029Va4lixw7z4kcvZI9JM12  Join NDTV on Telegram Messenger: https://t.me/NDTVbot/?start=hi    Follow us on Google News for Breaking and Latest News Updates:  NDTV: https://bit.ly/3e5ngbP  NDTV India (Hindi News): https://bit.ly/3mNVwMY    Download NDTV Mobile Apps: http://www.ndtv.com/page/apps    #BreakingNews #LatestNews #TodayNews #News #IndiaNews #NDTV #CurrentAffairs",[],1,04092026
463,azVkwBWGhbg,Deer gets hit by car #baddrivers #southerncalifornia #dashcam #car,20112024,UCxFWR2MvjT9btz_aYVNn7FQ,795408,A description isn't available for this video,[],1,04092026
464,9KEvYpyTdt8,History Repeats It Self | Audi RS6 Crash,07042024,UC6qYsrFJJ7kOCRjYvF3fPLw,5158414,A description isn't available for this video,[],1,04092026
465,TAPz06hH_vk,1stockf30 crash Flashbacks 🇺🇸 |BeamNg.drive,12112024,UCJCNPG41NUkCWRcuuuUDA1w,1319660,"Context A car and drag racing influencer died in an early-morning one-car crash in New York City on Wednesday. Andre Beadle, 25, was speeding at 140 mph along the Nassau Expressway in Queens around 1:15 a.m. when he lost control of a 2023 BMW.  ""The driver lost control and veered to the right, causing the vehicle to travel off the right side of the roadway into the right shoulder, striking a metal pole,"" police said in a statement obtained by NBC News.  #carcrash #beamng #beamngdrive",[],1,04092026
466,rl6twy8MZCM,Teenage driver crashes into lorry during 100mph police chase,01032023,UCshwRhftzkiov5wKR7M_LsQ,824749,"A teenager has crashed into a lorry whilst travelling 100mph in Lincolnshire.  The 19-year-old driver was evading police in a chase before he crashed into a slow-moving lorry at high-speed.  The teenager from Grimsby was given a suspended sentence of 12 months.  Watch more from Independent TV at https://www.independent.co.uk/tv/editors-picks  Click here to subscribe to The Independent: https://bit.ly/Subscribe-to-Independent  About The Independent: Making Change Happen. The Independent is the world’s most free-thinking newsbrand, providing global news, commentary and analysis for the independently-minded.  Connect with The Independent: Check out our full video catalog: https://www.youtube.com/c/theindependent/videos Videos, daily editorial and more: http://www.theindy.com Click here to get the best of The Independent daily: https://www.independent.co.uk/newsletters Like The Independent on Facebook: https://www.fb.com/TheIndependentOnline Follow The Independent on Twitter: https://twitter.com/Independent Follow The Independent on Instagram: https://www.instagram.com/the.independent Download the iOS & Android app: https://www.independent.co.uk/subscribe/app  Help to support truly independent journalism. Every dollar you contribute will directly fund additional special reports and investigations from a free-thinking, award-winning newsroom you can trust - https://www.independent.co.uk/donations  Subscribe to Independent Premium for exclusive content & live events: https://bit.ly/2MiOONB",[],1,04092026
467,ycVOcoDs-qs,Ranking Road Rage Drivers Who Got Instant Karma,25082026,UC4gQYavIHwS_koiczeLN1EA,1216258,"Road rage drivers vs instant karma — ranked from dumbest move to most satisfying payback. 😳  From brake checks and cut-offs to lane rage that instantly backfires, these reckless drivers got EXACTLY what they deserved — all caught on dashcam.  Which number was most satisfying? Drop it in the comments! 👇  🔔 Subscribe for a new ranking every week.  #instantkarma #roadrage #dashcam #caughtoncamera",[],1,04092026
468,73q6oCF8xnw,"Good Samaritans Make Daring Rescue, Saving Man From Burning Car",22042024,UCgRvm1yLFoaQKhmaTqXk9SA,8381785,"They got them out just in time. When a car crashed into a light pole and caught fire on a highway in Minnesota, multiple good Samaritans stopped to try and rescue the driver before it was too late. Though the door was pinned shut by the guardrail, they eventually managed to get the person out just as the car was engulfed in flames. » Sign up for our newsletter KnowThis to get the biggest stories of the day delivered straight to your inbox: https://go.nowth.is/knowthis_youtube » Subscribe to NowThis: https://go.nowth.is/Main_Subscribe  For more stories like this, subscribe to @NowThis.  #rescue #fire #minnesota #NowThis  Connect with NowThis » Like us on Facebook: https://go.nowth.is/Main_Facebook » Connect with us on Twitter: https://go.nowth.is/Impact_Twitter » Follow us on Instagram: https://go.nowth.is/Main_Instagram » Find us on Snapchat Discover: https://go.nowth.is/Impact_Snapchat  NowThis is your premier media outlet providing you with all the content you need to stay up to date. From entertainment to viral videos and trending stories, NowThis is delivering all you need to know straight to your social feeds. We live where you live.  http://www.youtube.com/@nowthis @nowthis",[],1,04092026
469,ZSfy6SqgHwY,"Completely Unnecessary - Dashcam UK Road Rage, Bad Drivers",01092026,UCZyRT83aj4Gs9jIF_qgmSgg,33377,"Books Made To Be Enjoyed: https://www.amazon.co.uk/stores/author/B0F2JDRN7S/  ---------------------  👉 Clip Submissions: Want to feature your dashcam clip?  1️⃣ Email 📧 dashcamdiariesukyt@gmail.com Send:  Name (or say “anonymous”) Short description (optional) Location (e.g., “Rugby Town Centre”) Your dashcam video (file or link)  2️⃣ Google Form 📝 https://forms.gle/9P75hNf4Cb8yBKo97  ---------------------  Another wild moment from today’s UK dashcam compilation! Caught on camera: bad driving, close calls, and those daily near-misses we all witness on UK roads.  📺 Watch the full compilation on my channel!  #ukdashcam #dashcam #baddrivers #roadrage #shorts",[],1,04092026
470,yTVCF6hvT-k,"Worst Decision Ever - Dashcam UK Road Rage, Bad Drivers",02092026,UCZyRT83aj4Gs9jIF_qgmSgg,17451,"Books Made To Be Enjoyed: https://www.amazon.co.uk/stores/author/B0F2JDRN7S/  ---------------------  👉 Clip Submissions: Want to feature your dashcam clip?  1️⃣ Email 📧 dashcamdiariesukyt@gmail.com Send:  Name (or say “anonymous”) Short description (optional) Location (e.g., “Rugby Town Centre”) Your dashcam video (file or link)  2️⃣ Google Form 📝 https://forms.gle/9P75hNf4Cb8yBKo97  ---------------------  Another wild moment from today’s UK dashcam compilation! Caught on camera: bad driving, close calls, and those daily near-misses we all witness on UK roads.  📺 Watch the full compilation on my channel!  #ukdashcam #dashcam #baddrivers #roadrage #shorts",[],1,04092026
471,HJ1t-kj_7ME,Driver accidentally hits fallen power line,22112022,UCs3o4RhBiP2wcwqkZR2QVLw,102001,"A dash cam video captured that moment, showing sparks flying as the truck hit the wires.  A semi-truck driver in Tennessee struck a fallen power line, almost hitting a police officer.   Police said that roadways were closed as electric crews worked to repair a broken utility pole after a single-vehicle accident. No one was injured in this incident.  Credit: Cookeville Police Department via Storyful  #shorts   Subscribe to CP24 to watch more videos: https://www.youtube.com/Cp24TorontoBreakingNews  Connect with CP24: For the latest news: https://www.cp24.com/ For the latest videos: https://www.cp24.com/video CP24 Live and Interactive: https://www.cp24.com/now CP24 on Twitter: https://twitter.com/CP24 CP24 on Facebook: https://www.facebook.com/CP24Toronto/ CP24 on Instagram: https://www.instagram.com/cp24breakingnews/ CP24 on TikTok: https://www.tiktok.com/@cp24breakingnews CP24 Breakfast on Twitter: https://twitter.com/CP24Breakfast CP24 Breakfast on Instagram: https://www.instagram.com/cp24Breakfast ---  CP24 is Toronto's #1 source for breaking news.",[],1,04092026
472,_y2DH_zM500,CRAZY DRIVERS #dashcam #shorts #dashcamusa,31082026,UCX9rYAPiQxq89nPZ2cke0zg,4650,​#dashcam #dashcamaccidents #carcrash #policechase #dashcamfootage,[],1,04092026
473,NsVeFYHQIEE,"Risking A Car Crash For That... - Dashcam UK Road Rage, Bad Drivers",01092026,UCZyRT83aj4Gs9jIF_qgmSgg,5791,"Books Made To Be Enjoyed: https://www.amazon.co.uk/stores/author/B0F2JDRN7S/  ---------------------  👉 Clip Submissions: Want to feature your dashcam clip?  1️⃣ Email 📧 dashcamdiariesukyt@gmail.com Send:  Name (or say “anonymous”) Short description (optional) Location (e.g., “Rugby Town Centre”) Your dashcam video (file or link)  2️⃣ Google Form 📝 https://forms.gle/9P75hNf4Cb8yBKo97  ---------------------  Another wild moment from today’s UK dashcam compilation! Caught on camera: bad driving, close calls, and those daily near-misses we all witness on UK roads.  📺 Watch the full compilation on my channel!  #ukdashcam #dashcam #baddrivers #roadrage #shorts",[],1,04092026
474,F_lZ6RLxVf4,The Craziest Motercycle Crash On Film / We Will Be Right Back #meme,13112023,UChR-70DsgLaIbIBk-OuiinA,4914,"This is why you WANT a Dashcam!!  #SHORTS #Dascham,  #shorts If you have a crazy dashcam moment and wanna be featured on this channel feel free to send me the video to this email : shortdashcam1@gmail.com If you dont have a dashcam yet and are intrested here are the best selling dashcams on amazon go check it out :  https://amzn.to/3mJfwBz    Best Budget Dashcam On the market UNDER $50 https://amzn.to/3qD8Oyl      Best Overall Dashcam  https://amzn.to/3qxQh6q     A Memory Card to go with your new dashcam   All Copyrights belongs to their rightful owners. If you are the author of the fragment video and you either want to be credited or have it removed, please contact me at ShortDashcam1@gmail.com  Disclaimer: Clips featured in the following compilation are intended for educational and journalistic purposes. The commentary on each clip solidifies and clearly portrays my intent of teaching my viewers to be better drivers as well as express my take on what happens in the clip.      dashcam,car crash compilation,hit and run,caught on dashcam,car crash,car crashes,car crashes 2021,dashcam funny moments,funny youtube shorts compilation,dash cam,youtube shorts,shorts,#shorts,ytshorts,dash camera,car crach,roadrage,road rage,bad drivers usa,road rage 2021,worlds most dangerous roads,roads,road,police car,police,car accident,dangeres roads,most dangerous roads,dangerous roads,road rage karma,funny dashcam fails,driving fails",[],1,04092026
475,5_G8U4ZIWRg,CRAZY DRIVING SKILLS AVOIDED CAR CRASH,15042023,UCJZpPG8wegZJ3rsnc6-Bpnw,544906,Wham Baam Dashcam is filmed on location by the men and women who have Dash Cams in their cars; all suspects are innocent until proven guilty in a court of law.  📍📸 Looking for a dashcam?  We recommend the VIOFO A129 Plus Duo: https://amzn.to/3HDIXAl (Amazon Affiliate link; Purchasing a camera using this link supports the channel)  Welcome to the home of Dash Cam videos.   Submit your Dashcam video to be featured ▶ https://forms.gle/m4DNzNJQQ2Y7hwg2A Merchandise ▶ https://whambaam.com/ Voiceover recorded and edited by  ▶ Ben & Melissa Anderson of  @pnweventures    ▶ ALL VIDEOS ARE SUBMITTED TO OR FOR WHAM BAAM CHANNELS AND USED WITH ORIGINAL COPYRIGHT PERMISSION.  #whambaamdashcam #crash #dashcam #shorts,[],1,04092026
476,zmB1eW1IRQ4,Taxi crashes and lands on car in South Africa,14012016,UCSrfqygrr_KPhz1X5fIdJ3Q,129010,South Africa's notorious Taxi drivers are known for causing some serious accidents. Just look how this driver drives over a curb and then launches into a sign and finally lands on a car.  It looks like luckily no one was in the car that got squashed!  --  Find CapeTownGuy: Twitter: https://twitter.com/thecapetownguy Instagram: http://instagram.com/capetownguy Vine: https://vine.co/CapeTownGuy Facebook: https://www.facebook.com/capetownguy,[],1,04092026
477,G0HMyWebD6M,Raw Video: Site of Fatal Crash on Vasco Road Near Byron,25112021,UCF4LEacx9sDvAbEJnlaJfKQ,1736128,One person was killed and two others injured in a crash on Vasco Road in east Contra Costa County Thursday morning.,[],1,04092026
478,5riLuqdIqj4,Wild car crash caught on Fairfax police dash cam video; officer barely escapes,03052023,UC_YFbvKedjnVjqrZqBR4L8Q,66410,CLOSE CALL ⚠😱🚔🎥 | The police officer remarkably escaped injury! #Shorts #Police #Shocking #Video,[],1,04092026
479,AS18apbXgmw,"The Entitlement Is Crazy??? - Dashcam UK Road Rage, Bad Drivers",01092026,UCZyRT83aj4Gs9jIF_qgmSgg,14599,"Books Made To Be Enjoyed: https://www.amazon.co.uk/stores/author/B0F2JDRN7S/  ---------------------  👉 Clip Submissions: Want to feature your dashcam clip?  1️⃣ Email 📧 dashcamdiariesukyt@gmail.com Send:  Name (or say “anonymous”) Short description (optional) Location (e.g., “Rugby Town Centre”) Your dashcam video (file or link)  2️⃣ Google Form 📝 https://forms.gle/9P75hNf4Cb8yBKo97  ---------------------  Another wild moment from today’s UK dashcam compilation! Caught on camera: bad driving, close calls, and those daily near-misses we all witness on UK roads.  📺 Watch the full compilation on my channel!  #ukdashcam #dashcam #baddrivers #roadrage #shorts",[],1,04092026
480,73tPvfc3WjQ,Car Crash Compilation #144   car crashes,09062021,UCra6DSh-41G0y1OTLK8sOpg,71,"Watch the New Collection of Car Crashes 2021, here you will see a Crazy Driver, Stupid Drivers, Accidents, Car crashes and Crazy Russian Drivers. The compilation of car crashes, Car crashes is shown for informational purposes, so that you would drive carefully and safely. The car is the most dangerous means of transportation.  Telegramm - https://t.me/rus_car_crash Ficebook - https://www.facebook.com/groups/2902763956651269  #Drivingfails #Dashcam #BadDrivers",[],1,04092026
481,htAH5BeDBNM,Who is at Fault? Porsche GT3 Touring Near Crash #nurburgring #porsche,18072023,UCZ2eIJY0phalm_MG38kE26A,2314051,A description isn't available for this video,[],1,04092026
482,0w2mKGHilxQ,WATCH: Car crashes into doggie day care in Maryland,16052023,UCcT6w3xUyVshyR2_2vrMp1w,77816,No injuries were reported but two dogs escaped during the incident and were later found.,[],1,04092026
483,ZehieFrQsiQ,Parked police car creates domino effect as vehicles crash on icy Oregon road,07122022,UCVxBA3Cbu3pm8w8gEIoMEog,25710154,A parked police car slid down an icy road and crashed into multiple parked vehicles in Oregon. #shorts,[],1,04092026
484,TIan8w4IirA,70mph Pile Up,02072022,UC0-FyZgw7KD3aDXh92KgrsA,4717832,"This video speaks for itself. The lesson here is to drive for the conditions and always be able to stop in the space ahead of you. If the roads are slick, going highway speeds and tailgating the drivers ahead of you leads to this. Welcome to the winter wonderland. Put on some relaxing music and enjoy the chaos. Bridge decks are elevated and don't have residual ground heat so they freeze easier. They become slick very fast. Slow down and keep a safe distance.  Video by @TowTruckNate",[],1,04092026
485,xrvdYECa3rU,RUSSIAN DASHCAM- Crazy Drivers Car Crash Compilation #52,29082020,UCl3UYCmzIrk03MSjfxXnYpg,320199,"#carcrash #dashcamrussia #russiancarcrash   This car crashes russian compilation show you Car Crashes DashCam Compilation in Russia // USA // Europe. Enjoy watching. Drive safely and keep yourself and others safe.  In these type of russian dashcam car crashes russia videos I'm trying to show situations on the roads which are for educational purposes, so the road drivers can learn from other mistakes, not their own.   We do NOT own the video materials and all credits belong to respectful owners. In case of copyright issues, please contact us immediately for further credits or clip delete.  Video Link : https://youtu.be/xrvdYECa3rU Subscribe for more Videos :  http://bit.ly/320XmzI  Thanks for watching.",[],1,04092026
486,V5uSaEdkJx8,RUSSIAN DASHCAM- Crazy Drivers Car Crash Compilation #49,12082020,UCl3UYCmzIrk03MSjfxXnYpg,65979,"#carcrash #dashcamrussia #russiancarcrash   This car crashes russian compilation show you Car Crashes DashCam Compilation in Russia // USA // Europe. Enjoy watching. Drive safely and keep yourself and others safe.  In these type of russian dashcam car crashes russia videos I'm trying to show situations on the roads which are for educational purposes, so the road drivers can learn from other mistakes, not their own.   We do NOT own the video materials and all credits belong to respectful owners. In case of copyright issues, please contact us immediately for further credits or clip delete.  Video Link : https://youtu.be/V5uSaEdkJx8 Subscribe for more Videos :  http://bit.ly/320XmzI  Thanks for watching.",[],1,04092026
487,RDOJDebZzp8,BEST US DASH CAM PART 10 #compilation     #dashcam     #carcrash,30082026,UCjyDm5RVMDdS1XKxHZ05pzg,32904,A description isn't available for this video,[],1,04092026
488,-PtHbEHQiYU,Dashcam Footage Captures Moment Of Instant Karma | 10 News First,05112023,UC64A-bbH15b5kN5A32CErOA,126754436,"Dashcam footage has captured a moment of instant karma, with a road raging man getting the shock of a lifetime.  The footage, captured at an undetermined location in Victoria, shows a man exiting his vehicle, approaching the vehicle behind in full fight mode, before fleeing in fear as two Police officers emerge to give chase.  The metal soundtrack of the filming car? It only adds to things. This is cinema.  #dashcam #dashcamvideos #roadrage #karma  Subscribe to 10 News First to get the latest updates and breaking news: https://bit.ly/37DDbL1  Join the conversation and follow us on: Twitter: http://twitter.com/10NewsFirst Facebook: http://www.facebook.com/10NewsFirst/ Instagram: http://www.instagram.com/10NewsFirst/  10 News First airs at 5pm, seven nights a week in your local market on Network 10. Missed the bulletin? Catch up at https://10play.com.au/news  10 News First is based in Australia and is a division of Paramount.",[],1,04092026
489,oL8LeKILsQk,This Driver Didn't Check the Intersection... 😨,26082026,UCGztZGzg7kNnOw9_1t5a80g,107696,"🚗 New dashcam crashes and close calls regularly!  If you enjoyed this video, don't forget to 👍 Like, 💬 Comment, and 🔔 Subscribe for more insane dashcam moments!  Drive safe! 🚘  ⚠️ All videos are used for educational and entertainment purposes. #dashcam  #crash  #shorts #truck #car #reckless #recklessdrivers",[],1,04092026
490,A_t62W_0fs4,Crash caught on dashcam.,07052015,UC7JRLEJElrkQxbIpFQ--m4A,12739214,"Previously unknown medical condition caused a crash on 4/2/2015. (2021 update; I made an update about this video and you can watch it here:  https://youtu.be/lssmh4GH188 , or keep reading.) I have never passed out in 26 years, but suddenly passed out. I wasn't tired, sleepy or anything like that. The last thing i remembered was turning off the cruise control, then I just passed out. I woke up a split-second before hitting that last fencepost, but was so disoriented that I didn't hit the brakes for another two seconds. When I went into the ditch, apparently my body pitched forward and my foot mashed the gas pedal to the floor. That's why the tach went to 5K and the car drifted so much. Afterwards, I had severe shock and disorientation. State Farm refused to pay for the car's repair, even though I was just a few hours past the deadline for comprehensive coverage. The vehicle was covered by my truck's policy, as I had not gotten the Mustang's title paperwork finished and couldn't insure it until then. State Farm has 14 days of ""uninsured vehicle coverage"" offered. They also raised my rates and removed my safe driver discount, even though I have never been in an accident that was my fault in 8 years of driving. So that seems a bit unfair. I just hope that I can pay my medical bills, pay the car off, then fix it/get it fixed.  I didn't want to sell the rights, but it was the only option. I waited over a month before uploading the video. I also declined interviews, because I want to get over this. I have no wish for fame or fortune. The only reasons I uploaded this was to let my 13 subscribers know why I haven't uploaded recently and to show that horrible accidents can happen to anyone at any time. People seem hung up on the camera view, but my Duster has had the exact same perspective camera mount since July 2013. This video was not staged, as witness reports and Law Enforcement investigations can attest. The York Sheriff Dept. handled the investigation. And, as an update, my health is quite improved since then. Blood pressure adjusted to healthy levels, and no further symptoms. I had to wait a mandatory waiting period before I could drive again, and I passed it long ago and have not had any symptoms like this since. Apparently, once you get proper treatment for a medical condition like this you're good to go. I now drive just fine, but am much more cautious than I used to be. If I ever should feel the symptoms of passing out again, I'll simply stop the car and put it in park. Once you actually have passed out you can tell when it's going to happen. Thankfully, it appears I may never pass out again. And like my doctor said, this could happen to anyone else at anytime, so think about how you would feel if it happened to you.",[],1,04092026
491,Eu3ZnynhIaE,Tesla Autopilot 👀 saves Kid's Life 🚘⚡🔥 on Dashcam #shorts,20082023,UCCg102mTFrGqqAJdIQrbSSQ,216947,Introducing a jaw-dropping Tesla moment caught on dashcam! The driver remains unaware of a child crossing the path. Tesla's Full Self-Driving software senses the child and slams the brakes. The child emerges totally unharmed. Prepare to be amazed by the power of technology and Tesla's commitment to safety.   #shorts  #tesla  #elonmusk  #fullselfdriving  #electricvehicles  #dashcam  #teslaautopilot  #autopilot  #carcrash  #jaywalker,[],1,04092026
492,9FkL2p1m1Qs,part 142 | USA Dash Cam 2025 #dashcam #dashcamvideos #accidents #drivingfails #roadtrip #usa #shorts,17112025,UCsFxbPsMQjtXaqLdvuLnVYw,2599589,"Welcome to @DashCamMega Daily Dose of Real Road Footage!  We bring you the most shocking, educational, and entertaining dashcam videos from US. From near misses and road rage to crazy drivers and unbelievable moments caught on camera, our goal is to raise awareness, promote safer driving, and keep you informed.  📍 New videos weekly 🚨 Real footage – real lessons 🛑 Drive safe, stay alert, and subscribe for your daily reminder.",[],1,04092026
493,eeYmn_2JAPM,USA DASH CAM | FATAL CAR CRASH COMPILATION PART 5,26082026,UCv1-hovMVlnb-L2tI439ZCQ,468236,"#shorts #dashcam #usa #dashcamvideos #drivingfails   dash,dashcam,usadashcam,dashcamusa,americandashcam,usdashcam,drivingfails,usa",[],1,04092026
494,OdX8n-w4wF4,Dashcam shows runaway tire bounce into oncoming traffic seconds before fatal crash. #losangeles #chp,27082026,UCinjnmQEwCddOudyCC1v7qA,84534,The California Highway Patrol is looking for a driver whose runaway tire likely caused a crash that killed a motorcyclist on the 405 Freeway in Los Angeles.  Subscribe: https://www.youtube.com/ktla?sub_confirmation=1,[],1,04092026
495,3waezYdmdZk,SIDE SWIPE CRASH,07032023,UCJZpPG8wegZJ3rsnc6-Bpnw,280904,Wham Baam Dashcam is filmed on location by the men and women who have Dash Cams in their cars; all suspects are innocent until proven guilty in a court of law.  Welcome to the home of Dash Cam videos.   Submit your Dashcam video to be featured ▶ https://forms.gle/m4DNzNJQQ2Y7hwg2A Looking for a Dash Cam to buy? ▶ https://www.amazon.com/shop/whambaamteslacam Merchandise ▶ https://whambaam.com/ Voiceover recorded and edited by  ▶ Ben & Melissa Anderson of  @pnweventures    ▶ ALL VIDEOS ARE SUBMITTED TO OR FOR WHAM BAAM CHANNELS AND USED WITH ORIGINAL COPYRIGHT PERMISSION.  #whambaamdashcam #crash #dashcam,[],1,04092026
496,WBYEqmG3wwA,Fatal i-71 crash caught on dashcam video,30072020,UCNBmxc6FvKyxtCpUygcdINA,692033,"Dash cam footage from the OSHP shows the moment a semi truck slammed into an SUV that had stopped in the road, after being pulled over. Four people died in the crash.",[],1,04092026
497,wKtxYCNmHgU,Watch the scammer’s reaction when he sees the dashcam.,18102024,UCDEOB38c2U8XYsFBq5Oo1mg,160072988,"VIDEO CREDIT: @hudsonkuang2529   Insurance fraud attempt in Queens, NY 10-16-2024 PART 1 I was driving in the left lane of the Belt Parkway going East bound towards the Southern State Parkway. The silver Honda (LBB 8917) was in the middle lane, and they cut me off and slammed on the brakes coming to a full stop hoping I would hit them. I did not hit their car and because of that they reversed into my car for collision and acted as if they were injured while coming out of their vehicle.   I believe the intention was to say I hit their car for insurance fraud purposes. They had a tarp covering the rear windshield which fell off once they hit my car. You can see the driver is a male wearing a hat and you can see him switching to the passenger seat as well as the movement of the car before anyone gets out.   The first three passengers exit the car pretending to be hurt, while the fourth passenger who was driving slips out through the passenger seat and gets into a second vehicle.   That second vehicle was a red KIA SUV (KJH 3340) which was following me from behind and keeping distance so they wouldn't slam into me. The red KIA drove around and picked up the driver to get away.   The remaining three people’s demeanor changed once one of them noticed the dashcam. They only came out of the car with their phones ready to record the damage to both cars.   They were quick to ask for my insurance and quickly left after the exchange. I called the police at the time of the incident and reported it as an accident, and the police told me they no longer go to an accident if no one is injured and they are willing to exchange information.   I did not realize at the time that the driver switched and left in another car or that it was a set-up as I was driving by myself, and everything happened so fast.",[],1,04092026
498,Y9e3M8NTOWo,Horrible drivers of Atlanta #dashcam #crash #atl #dashcamvideos #crashcompilation,29082023,UCpOEXmDajgiEeb_veulP-ag,7131246,A description isn't available for this video,[],1,04092026
499,uEjwLKE0cCQ,CCTV video shows Tesla speeding through Paris street before fatal crash,16122021,UC4p_I9eiRewn2KoU-nawrDg,16998379,"Diners at the Sarawan Asian food restaurant were having a quiet evening on Saturday (December 11) when a car suddenly shot past the restaurant at high speed and crashed down the avenue.   Paris taxi company G7 has suspended the use of the 37 Model 3 cars in its fleet after the accident on Saturday (December 11) involving one of its drivers in which one person was killed and 20 injured.   Tesla told France there was no sign of technical fault in Paris taxi crash.  https://str.sg/3Yp5  Related video Tesla denies malfunction to blame for deadly crash caught on video in China (Nov 15, 2022) https://youtu.be/o1BIRZGkb58  SUBSCRIBE ➤ http://bit.ly/FollowST -------------------- WEBSITE ➤ http://www.straitstimes.com TELEGRAM ➤ https://t.me/TheStraitsTimes FACEBOOK ➤ https://www.facebook.com/TheStraitsTimes TIKTOK  ➤ https://www.tiktok.com/@straitstimes INSTAGRAM ➤ https://www.instagram.com/straits_times TWITTER ➤ https://twitter.com/straits_times PODCASTS ➤ http://str.sg/stpodcasts  The Straits Times, the English flagship daily of SPH Media, has been serving readers for more than a century. Launched on July 15, 1845, its comprehensive coverage of world news, East Asian news, Southeast Asian news, home news, sports news, financial news and lifestyle updates makes The Straits Times the most-read newspaper in Singapore.  Video: Reuters",[],1,04092026
500,-N30oe1aeB0,Video shows police chase person after downtown Toronto crash,01112024,UCs3o4RhBiP2wcwqkZR2QVLw,730208,Video obtained by CP24 shows the moment police officers pursue one person who jumped out of an alleged stolen truck that crashed into a downtown Toronto store.  #shortsvideo #shorts   Subscribe to CP24 to watch more videos: https://www.youtube.com/Cp24TorontoBreakingNews  Connect with CP24: For the latest news: https://www.cp24.com/ For the latest videos: https://www.cp24.com/video CP24 Live and Interactive: https://www.cp24.com/now CP24 on Twitter: https://twitter.com/CP24 CP24 on Facebook: https://www.facebook.com/CP24Toronto/ CP24 on Instagram: https://www.instagram.com/cp24breakingnews/ CP24 on TikTok: https://www.tiktok.com/@cp24breakingnews CP24 Breakfast on Twitter: https://twitter.com/CP24Breakfast CP24 Breakfast on Instagram: https://www.instagram.com/cp24Breakfast ---  CP24 is Toronto's #1 source for breaking news.,[],1,04092026
501,e7vKi5U85HA,TESLA AUTOPILOT CRASH,13122022,UCbMoDtZ6Ani-eyHzCvxeVCw,1322522,Joel was driving his Model 3 with autopilot engaged when the driver of a red Chevy Cobalt decided he wanted to trade lanes and paint with Joel's Tesla. Joel says Autopilot didn't even react to the guy hitting him after getting hit. All he got were warnings to take over and that autopilot couldn't continue driving anymore.  #whambaamteslacam  #shorts #tesla,[],1,04092026
502,tNg1_dmsPr8,Explosion on Ohio Freeway After Dump Truck Collision #shorts,17052023,UC9k-yiEpRHMNVOnOi_aQK8w,20960160,An explosion occurred on the side of an Ohio highway after a dump truck collided with a government agency vehicle.,[],1,04092026
503,_Z-QmKA4RKw,The Shocking Reality Behind Unimaginable Car Accidents Exposed #shorts #caraccident,31012023,UCd6wV8Rf3jO7_Pko2GZdOKA,22926913,The Shocking Reality Behind Unimaginable Car Accidents Exposed #shorts #caraccident    The Horrifying Truth Behind Unbelievable Car Accidents #shorts   Unbelievable Car Accident  #accidentnews #tata #tatamotors #tatapunch    This CCTV Footage Has 21 Millions Views Since It Was Published   Car Accident CCTV Footage     Thanks for 20 Million Views  Drive Carefully    #petrol #petrolpump  Hi Friends Welcome To Our Channel Deepoos Vlog  shorts viral shorts trending shorts  petrol pump petrol pump accident accident on petrol pump latest news punch tata tata punch live accident accident on pump 20 Million views youtube shorts shorts video shorts creator shorts ideas shorts viral shortsfeed shorts feed shorts trending rock squad shorts trending now Petrol pump accident  shorts gone viral cars Tata cars all tata cars tata cars 2022 Punch Tata build quality car accident traffic accident accident news tata motors tata nexon tata harrier tata safari tata altroz tata tiago tata tigor tata nexon ev tata nexon ev max tata nexon 2023 tata nexon facelift 2023 new tata nexon 2023 tata nexon cctv  Car accident  Tata punch car Accident  car crash Car accident on petrol pump gas station caught on camera Accident on petrol pump viral video car crash compilation road rage road rage 2023 driver justice idiots in cars car crashes car crash video new car crash video best of car crashes best of accidents Shocking  car accident  shocking car accidents bad drivers,[],1,04092026
504,tSYIb35KTfs,Driver nearly hits children exiting school bus,28122023,UCi7Zk9baY1tvdlgxIML8MXg,40113299,"Authorities in Minnesota are asking for the public's help in locating a driver who nearly hit students leaving a school bus last week.   According to the Pine County Sheriff's Office, the incident took place on Dec. 21 at around 3:22 p.m. on County Road 41 in Willow River.  Video footage from the school bus shows a motorist in a Ford Ranger pass another vehicle on the shoulder before driving past a school bus with its stop sign out. A couple of students were exiting at the time, and one had to run to get out of the way of the truck. #shorts   Credit: Pine County Sheriff's Office via Storyful  Subscribe to CTV News to watch more videos: https://www.youtube.com/ctvnews  Connect with CTV News: For live updates and latest headlines visit: http://www.ctvnews.ca/  For breaking news, fast, download the CTV News App: https://www.ctvnews.ca/app Must-watch stories and full programs at http://www.ctvnews.ca/video  CTV News on TikTok: https://www.tiktok.com/discover/CTV-News CTV News on X (formerly Twitter): https://twitter.com/CTVNews   CTV News on Reddit: https://www.reddit.com/user/CTVNEWS CTV News on LinkedIn: https://ca.linkedin.com/company/ctv-news  --- CTV News is Canada's most-watched news organization both locally and nationally, and has a network of national, international, and local news operations.",[],1,04092026
505,ru210b2n0YQ,Dashcam shows semi-truck colliding with electrical worker,26062025,UC_lz6fyCo2DaYbT86rVXwrw,185413,"Video from Bill Atkinson in Louisiana shows an 18-wheeler hitting a bucket with an electrical worker at a stoplight. The Denham Springs Police Department said the man suffered only minor injuries and was not taken to the hospital, and that the incident was under investigation.",[],1,04092026
506,Fe_ACeHP9Uk,The Driver Who Reacted Instantly Upon Seeing the Woman Driver #HanMoonChul #Dashcam #TrafficAccident,02092026,UCUtoNwV5gEY-n98R7ecmh-Q,59825,"영상제보 : streetoutlaws9999@gmail.com 도로위에서 황당하거나 억울한 일을 제보해주세요.  [시청 전 안내 말씀]  1. 제작 취지 및 기획 의도  본 영상물은 도로 위에서 빈번하게 발생하는 아찔한 교통사고와 이기적이고 잘못된 운전 행태를 조명하여 경각심을 일깨우기 위한 교육 목적의 자료입니다. 위험천만한 사고 상황과 타인에게 피해를 주는 행동들을 반면교사로 삼아, 시청자분들이 돌발 위기에 안전하게 대처하고 사고를 예방할 수 있도록 돕는 데 주안점을 두었습니다. 아울러 위기의 순간에 발 벗고 나선 시민들의 활약상이나 긴급 차량을 향한 올바른 양보 문화 등 모범적인 사례도 함께 소개하여 성숙한 교통 문화 정착에 기여하고자 합니다.  2. 오해 방지를 위한 당부  영상을 통해 잘못된 교통 문화를 지적하고 안전 운전을 강조하고자 하나, 화면에 등장하는 특정 인물이나 단체를 향한 무분별한 비난, 조롱, 마녀사냥을 조장할 목적은 결코 없습니다. 또한 사건의 긴박함을 생생하게 전달하기 위해 포함된 경적 소리나 사람들의 언쟁 등은 현장 상황을 객관적으로 보여주기 위한 장치일 뿐, 어떠한 폭력적이거나 적대적인 행동도 옹호하지 않음을 밝힙니다.  3. 저작권 및 출처 명시  본 채널의 영상 자료는 시청자분들의 제보 영상과 언론 보도 영상 및 유튜브 '한문철TV'와 그 외 다른 채널의 영상을 가지고, 시청자의 이해를 돕기 위해 AI를 통한 제보 음성 및 해설을 덧붙인 2차 창작물입니다. 해당 자료에 대한 모든 지식재산권은 원작자에게 귀속되어 있습니다. 사건의 전말을 가장 정확하고 생생하게 확인하시려면 반드시 원본 채널을 방문해 감상하시기를 적극 권장해 드립니다. 만약 권리자의 이의 제기나 요청이 발생할 경우, 지체 없이 콘텐츠를 내리거나 정정하도록 하겠습니다.",[],1,04092026
507,D7jewo0ayJ8,Flying Tyre From Truck Destroys BMW! 🚗⚠️ Live Dashcam #dashcam #shorts,25082026,UChTVQBBlKeVlQ7TNKU4tEmA,76610,"Terrifying dashcam footage showing the moment a heavy truck’s tyre detached at high speed on the highway and smashed directly into a BMW! Real footage capturing an unavoidable freak road hazard — a major reminder of why vehicle maintenance and staying alert on expressways is vital. 🚗 Subscribe for daily Indian road moments, dashcam clips, and road safety awareness! Backend tags: flying tyre accident, truck tyre fell off highway, truck wheel hits car, bmw accident dashcam, flying wheel crash india, indian highway dashcam, truck tyre burst accident, freak road accident, live car crash caught on camera, tyre burst highway crash, indian road accidents, road accident india viral, bmw crash shorts, runaway tyre accident, dashcam footage india, defensive driving india, car accident caught on camera  #shorts #flyingtyre #dashcamindia #bmwcrash #indianroads #roadsafety #caughtoncamera #highwayaccident #viralshorts",[],1,04092026
508,fQF5TP7sNlY,Viral Video: अचानक गाड़ी का गेट खोलते ही होगया बड़ा हादसा,30082026,UCIvaYmXn910QMdemBG3v1pQ,29227,"Viral Video: अचानक गाड़ी का गेट खोलते ही होगया बड़ा हादसा #scooty #accident, #two #wheeler #accident, #scooter #crash, #bike #accident #video, #road #accident, #scooty #crash, #traffic #accident, #careless #driving, #driving #fail, #accident #compilation, #dashcam #footage, #near #miss #accident, #street #accident, #driving #mistakes, #road #safety #tips, #accident #awareness, #two #wheeler #crash, #minor #accident  About Channel:  ज़ी न्यूज़ देश का सबसे भरोसेमंद हिंदी न्यूज़ चैनल है। जो 24 घंटे लगातार भारत और दुनिया से जुड़ी हर ब्रेकिंग न्यूज़, नवीनतम समाचार, राजनीति, मनोरंजन और खेल से जुड़ी खबरे आपके लिए लेकर आता है। इसलिए बने रहें ज़ी न्यूज़ के साथ और सब्सक्राइब करें |   Zee News is India's most trusted Hindi News Channel with 24 hour coverage. Zee News covers Breaking news, Latest news, Politics, Entertainment and Sports from India & World. ------------------------------------------------------------------------------------------------------------- You can also visit our website at: http://zeenews.india.com/hindi  Download our mobile app:  https://bit.ly/ZeeNewsApps  अब दिन की हर बड़ी ख़बर से रहें अपडेट, फॉलो करें ZEE News का WhatsApp चैनल: https://bit.ly/3ESf64y  Subscribe to our Youtube channel: https://www.youtube.com/c/zeenews/  Watch Live TV : https://youtube.com/live/TPcmrPrygDc  Like us on Facebook: https://www.facebook.com/ZeeNews/  Follow us on Instagram: https://www.instagram.com/zeenews/?hl=en  Get latest updates on Telegram: https://t.me/s/zeenewshindi1",[],1,04092026
509,WB7M08dHgY8,T-BONE CRASH CAUGHT ON DASHCAM,09092023,UCJZpPG8wegZJ3rsnc6-Bpnw,81666,Wham Baam Dashcam is filmed on location by the men and women who have Dash Cams in their cars; all suspects are innocent until proven guilty in a court of law.  ▶ ALL VIDEOS ARE SUBMITTED TO OR FOR WHAM BAAM CHANNELS AND USED WITH ORIGINAL COPYRIGHT PERMISSION.  #whambaamdashcam #crash #dashcam #shortsvideo #shorts,[],1,04092026
510,HmFndmqruIo,"WATCH as a car skids and crashes into Fayetteville, NC, church",23072025,UCBu0KdNokE4MqdkacvH37_A,5841718,A description isn't available for this video,[],1,04092026
511,FD1sacdeW8E,Dashcam Catches T-Bone Crash || ViralHog,12102021,UC3339WgBDKIcxTfywuSmG8w,170854,"Occurred on October 6, 2021 / Hardeeville, South Carolina, USA  A vehicle is t-boned at an intersection while making a left turn. Everyone walked away from the accident unharmed.  Contact licensing@viralhog.com to license this or any ViralHog video.  Make money from your videos! Submit footage here: https://viralhog.com/submit  Subscribe, Like, or Follow ViralHog: YouTube: https://www.youtube.com/viralhog Facebook: https://fb.me/viralhog Instagram: https://instagr.am/viralhog Twitter: https://twitter.com/viralhog TikTok: https://www.tiktok.com/@viralhog",[],1,04092026
512,b20J2X5jPBI,"Just Look At This... - Dashcam UK Road Rage, Bad Drivers",31082026,UCZyRT83aj4Gs9jIF_qgmSgg,6625,"Books Made To Be Enjoyed: https://www.amazon.co.uk/stores/author/B0F2JDRN7S/  ---------------------  👉 Clip Submissions: Want to feature your dashcam clip?  1️⃣ Email 📧 dashcamdiariesukyt@gmail.com Send:  Name (or say “anonymous”) Short description (optional) Location (e.g., “Rugby Town Centre”) Your dashcam video (file or link)  2️⃣ Google Form 📝 https://forms.gle/9P75hNf4Cb8yBKo97  ---------------------  Another wild moment from today’s UK dashcam compilation! Caught on camera: bad driving, close calls, and those daily near-misses we all witness on UK roads.  📺 Watch the full compilation on my channel!  #ukdashcam #dashcam #baddrivers #roadrage #shorts",[],1,04092026
513,UQx_XqVOWkU,Police chase near Great Northern mall ends in crash with child in car. #dashcam #shorts,21022024,UCo4Hpc0Emms1iogz5QKEWXA,8693,Welcome to The Dashcam Guardian!  People documenting the unpredictable side of the road.   Brace yourself for a raw and unfiltered look at unexpected moments on the asphalt. From minor fender benders to heart-pounding close calls and obviously major accidents. This is the reality of the open road. Buckle up and witness the chaos.   Drive safe out there! :)  Hope you enjoy the video!  Want to send your own videos? Send them to: thedashcamguardian@gmail.com  Linktree: https://linktr.ee/thedashcamguardian  #Dashcam #RoadSafety #DriveSafe #TrafficIncident #CarCam #OnTheRoad #BehindTheWheel #RoadTripMoments #SafeDriving #AccidentAwareness #RoadFootage #TrafficWatch #CarAdventure #DriveSmart #DriveAware #HighwayViews #SafeJourney #TrafficSnapshot #RoadObservers #StayAlert #Crash #Crashes #Accidents #thedashcamguardian,[],1,04092026
514,9kj6f2iSkrI,40-vehicle pileup caught on camera during Wisconsin snowstorm,12122013,UCR_4ULlVeCtzmEGkqPCr6Pg,1917637,"There's really no better way to demonstrate why you should slow down during a snowstorm than this.   A traffic camera from the Wisconsin Department of Transportation captured the scene on Sunday, Dec. 8, 2013, as car after car driving too fast for conditions slid and crashed during a snowstorm on Highway 41-45 near Lannon Road in Washington County. About 40 vehicles wound up being involved in the crash, though thankfully no one was seriously injured.",[],1,04092026
515,BXSREHYstkQ,"Woman crashes into lamppost, flips car during driving test",09062023,UCAKK8dbcSmckr2sWJhv5ezA,5391807,"A CCTV camera captured the moment a 63-year-old woman crashed into a lamppost during her driving test in Argentina on Wednesday (6/7).   The video that local media reports say went viral shows the woman driving over circuit bays and accidentally speeding up while trying to stop before the collision.   Local media reported that firefighters and Civil Defense teams assisted the woman out of the tipped vehicle, and she was taken to the hospital with minor injuries.",[],1,04092026
516,LB_nBzJGMhw,"BEST OF CAR CRASHES  | Hit And Run, Road Rage, Bad Drivers USA & CANADA | YEAR 2023 (So far)",11062023,UCnetiRHPnIMBCm-yY4m69qA,4711567,"🛑 Submit your clips: https://forms.gle/7LKzTdvHwnmZmZ439 ⚫ Contact me at dashcamlessons@gmail.com  ⚫ Links to the original videos:  1. Andre Dimitrov   2. Davon -  ---  ( Garden State Pkwy, NJ )  3. u/rockinmeow -  --- A week after my install, I have quality worthy of posting here. (  )  4. Brocklanders - https://youtu.be/6_UEp1bL8Yc --- 9/8/2022 Dashcam Crash on Kennett Pike ( Kennett Pike, PA )  5. Jaxton -  ---  ( Plano Texas )  6. Mike Burns - https://youtu.be/IVKu6fRMuiE --- Part 2 of young man totals my truck ( qew Niagara, Ontario, Canada )  7. Giants_ -  ---  ( Waco Texas )  8. Von Storm -  ---  ( Greenwood, IN )  9. Will PA -  ---  ( East Berlin, PA )  10. u/AZDOMEDASHCAM -  --- rear-end caught on the rear camera, clip submitted by a customer.  11. zzzSR20SleeperSentrazzz - https://youtu.be/Y-OuHKDP5dE --- Almost rear-ended. (  Huntsville AL )   12. Anonymous  13. Highway Hypnosis - https://youtu.be/ZhFLEztt9mE --- Car flips infront of me! ( Arizona )   14. Wickedcoddah -  ---  ( Woonsocket, RI )  15. u/sarbajit35 -  --- Truck loses control speeding in Eatontown NJ ( Eatontown NJ )  16. Flt Hwk -  ---  ( Richmond, VA )  17. SUBARUWRC555Jiffy - https://youtu.be/3QQfJ2JZs-g --- RED LIGHT RUNNER CRASH SALISBURY NC LONG MP4 (  )  18. Josh -  ---  ( West palm beach, FL )  19. u/Rubyysoho801 -  --- [Rexing V1P Max] Honda Fit turns in front of a semi ( Moab, Utahwhen )  20. I Love you -  ---  ( Long Island, NY )  21. Josh -  ---  ( Annandale, VA )  22. Perry -  ---  ( RT 495 Lowell MA )  23. Francis Creer - https://www.youtube.com/@franciscreer8869 --- Drunk driver on the wrong side of the highway, Happy Thanksgiving. (  )  24. Shawn Owen - https://youtu.be/4n_9yP9dGXg --- Dashcam video: car accident in Los Angeles involving multiple vehicles ( Los Angeles )  25. Andriy Che - https://youtu.be/ZhANaQ9sWf0 --- Car crash August 2, 2022 ( Barrie, Ontario, Canada )  26. u/MiracleMex714 -  --- Long time watcher, first time poster ( San Antonio, TX )  27. Rock The Shazbot - https://youtu.be/aHRWskkObKY --- Car accident ( Fox Lake, Illinois )  28. UCSB DashCam -  ---  ( University of California: Santa Barbara )  29. RisingODST - https://youtu.be/RoB-Gp71cwM --- Car Crash Tucson AZ October 16 2022 ( Tucson AZ )  30. Jeff Bambas - https://youtu.be/i7_m8GLObKU --- Car Crash on the 515 in Vegas ( Las Vegas, NV )  31. u/deemonstalker -  --- [ViofoA139,3CH] exterior views to a completely avoidable situation, such is life. ( Louisville, KY )  32. StrawDragon - https://youtu.be/Y5TTqS0jvb4 --- Nurse passes out and goes full send into another car. Both drivers suffered minor injuries. (  )  33. GTA - https://youtu.be/TWUGy3E8qZw --- 2022-08-02 Car Crash @ 404 & hwy7 ( 404&hwy7, Toronto )  34. Anonymous -  ---  ( St. Catharines, Ontario )  35. Michael Adam - https://youtu.be/BrI3HkDxFSY --- Car Wreck ( New Albany, Indiana )   36. Dmitriy Linko - https://youtu.be/xiacneJSih4 --- Car accident  (  )   37. Bob Classic - https://youtu.be/52bMqQnrrRg --- idiot does u turn in front of me. ( Crestwood Missouri )  38. bryan jones - https://youtu.be/4TFHxlkXHkI --- Hit and Run on Roosevelt Aug 18 2022 ( Little Rock, Arkansas )   39. Charles Knurek - https://www.youtube.com/user/cknurek/featured --- CT I-91S Car Accident on DashCam -- 29 Jul 2022   5. u/JustaOrdinaryDemiGod -  --- Changing two lanes without looking.  6. Shayaan L - https://youtu.be/nA-3jhgc4KI --- Dashcam ( Toronto, Canada )  9. Gunrunner_usmc -  ---  ( Lynnwood, WA )  10. Mariettadashcam - https://youtu.be/RfOr-UUBk9k --- Possible road rage with accident ( Marietta, GA )  12. Jack -  ---  ( Sarnia ON )  13. Jay Pea -  ---  ( 695 Towson Maryland )  16. Tonydek - https://youtu.be/y1lo-D6mThQ --- 8/7/22 box truck rear ends tow truck high speed rollover ( I44, Oklahoma )  17. u/Gman2k4 -  --- Another accident same intersection… (  )  18. u/erosol -  --- Prolly better than a million I've driven privately and commercially. Then some young dumb kid without insurance. Is what it is. ( Neenah, WI )  19. Vidfeet - https://youtu.be/Dc0H57AQf4o --- Double rear ender. ( Moines, Iowa )  20. Ignatius Tam - https://youtu.be/lUOfpvH7qDo --- T-boned but can’t understand why.. ( Surrey, BC, Canada )  21. Live Chattanooga - https://youtu.be/2Zk7a2QgXRA --- Car Accident From 8-9-2022. ( Chattanooga, TN )  22. Alen Keyboard - https://youtu.be/-0HhSANuu64 --- Idiot Drunk Driver ( Monroe Washington State )  23. TJ -  ---  ( Dunwoody, GA )  24. u/kcox1980 -  --- Solver SUV pulls out in traffic, causes an accident, then flees the scene. (  )  25. GMM3 -  --- Van pulled out in front of a pickup truck (  )  26. Zach C. -  ---  ( Winter Park, FL )   27. Highway Hypnosis - https://youtu.be/sRobo01kn6M --- 4 car pile up behind me. ( ALBUQUERQUE )   ⚫ My socials: Instagram: https://www.instagram.com/dashcamlessons/ TikTok: https://www.tiktok.com/@dashcamlessons Facebook: https://www.facebook.com/dashcamlessons  ⚫ Intro song: My Country - Ben Bostick",[],220,04092026
517,84u4ext_FZo,INSANE CAR CRASHES COMPILATION  || Best of USA & Canada Accidents - part 43,18102025,UCnetiRHPnIMBCm-yY4m69qA,1173772,🛑 Submit your clips: https://forms.gle/Z1PFpk2JrbMMuyc89  ⚫Looking for a dashcam for your car? We recommend VIOFO: A229 PRO 4K ▶ https://amzn.to/3W2Lnzi  (5% off promo code: dash4K229Pro) VS1 2K ▶https://amzn.to/3W85Xyo  (5% off promo code: dashVS1cam)  ⚫ Contact me at dashcamlessons@gmail.com  ⚫ Links to the original videos:  1. TJ  2. Zane G  3. JTGKirby  4. EV-zona - https://youtu.be/27ZKL8Max2c --- Accident  5. Karl Lowes  6. scanner “Scanner” - https://youtu.be/r9tjaZxbkIA  7. Corey Wilson  8. u/No-Conterxt-7205  9. diamond  10. Anonymous  11. Anonymous  12. GreekPitaDre  13. Christopher Grejdus - https://youtu.be/CFmGkeUQAqg  14. Natalie  15. caitycole  16. kait  17. Stay-at-home cat dad  18. AmPenner  19. October M Brian - https://youtu.be/YOsAFsrKCM0  20. rocket  21. Local 250 All The Way  22. Bengineer  23. Ravputin  24. Solyent Green  25. Trina  26. Hadino - https://youtu.be/tC6Vn1_ImPo  27. Anthony  28. u/alexaq1381  29. Anonymous  30. Sandi  31. Edlins - https://youtu.be/dy_Xz9oLcKs --- dashcam  32. BeanEN29  33. Bronco4.3  34. Anonymous  35. u/MrEndOfTheLine  36. u/SUPERCOOPER366  37. McKayla Joaquim  38. tainostouch  39. Jan-Michael @jmrp - https://youtu.be/NrNOtHJPK1E  40. Anonymous  41. bird with big dck - https://youtu.be/xUhbfZYZWSw  42. Yolando P  43. u/jm420a  44. Mike World and Technology - https://youtu.be/YaQjS9smO2c  45. u/BigMickPlymton  46. u/Suspence58  47.  RaD Nicanor - https://youtu.be/yiCIhMv3f3E  48. u/ve4edj  49. Eric  50. Mike World and Technology - https://youtu.be/q7dGRBaPEyc  51. u/Admiral_Flapjack_  52. Aumbomb  53. Krinkled  54. Mike World and Technology  55. lyss.a.cutie845  56. Rec4LMS - https://youtu.be/oVUqxHdDw6Q --- Accident  57. DarknessComes  58. Crazyman521  59. u/estrith22  60. BG  61. Anonymous  62. Anonymous  63. Russell T  64. Robert Lau (MochaChin) - https://youtu.be/pUUxjfKCZrY  65. u/starsblink  66. Anonymous  67. Richard Walker - https://youtu.be/ken0iOOucUc --- Truck Rear Ended  68. Anonymous  69. SigmaBing  70. u/AHRIISBEEST  71. u/Adventurous-Crab-299  72. EPI - https://youtu.be/l1JjwLBqoio   ⚫ My socials: Instagram: https://www.instagram.com/dashcamlessons/ TikTok: https://www.tiktok.com/@dashcamlessons Facebook: https://www.facebook.com/dashcamlessons  ⚫ Intro song: My Country - Ben Bostick,[],57,04092026
518,g6VfR2xUwO8,INSANE CAR CRASHES COMPILATION  || Best of USA & Canada Accidents - part 26,03112024,UCnetiRHPnIMBCm-yY4m69qA,1346779,🛑 Submit your clips: https://forms.gle/gyoznmQ9vXe8GCcXA  ⚫Looking for a dashcam for your car? We recommend VIOFO: A229 PRO 4K ▶ https://amzn.to/3W2Lnzi  (5% off promo code: dash4K229Pro) VS1 2K ▶https://amzn.to/3W85Xyo  (5% off promo code: dashVS1cam)  ⚫ Contact me at dashcamlessons@gmail.com  ⚫ Links to the original videos:  1. AccessRealEstatePros - https://youtu.be/xM6Ad41bPAA --- Be Careful out there  2. Mike Saleski - https://youtu.be/KrRq-ckfftQ --- Captiol Expressway Accident  3. ahman williams - https://youtu.be/TR0hU3cHW88 --- crash on i15 southbound  4. Anonymous  5. CGIDEON  6. Anonymous  7. QCDashCam - https://youtu.be/PPsqNP4Bxkw --- Tesla and Audi test  8. Richard Wheeler - https://youtu.be/84M1wvKk4qg --- Car Accident  9. Bob Belin - https://youtu.be/-XfONS4cXBk --- 20240402DryCreekCrash  10. HITMIXHYEPOCK71  11. Rick B  - https://youtu.be/VlCtBIsjCxo --- Rear ended at high speed   12.  Will B  13. u/tlcgogogo  14. Anonymous  15. Anonymous  16. Let's See How It Goes - https://youtu.be/sLjnJpMIOwQ --- Honda Rear Ended  17. u/riceilove  18. Cdmak254  19. trevor00412 - https://youtu.be/Y4IbtUN-fi4 --- Accident  20. u/springbby24  21. Calvin W - https://youtu.be/vXJBk46RaI8 --- Airdrie Car Crash  22. Anonymous  23. Eddie  24. Gabe - https://youtu.be/7qnN0unr-bk --- Wolfbox DashCam Video  25. thirty_one_zees  26. Baby Megatron - https://youtu.be/mzRtx-65jH0 --- She cheated death  27. Joel Ivory Johnson - https://youtu.be/Vvn8equ8qEs --- Atlanta Collision   28. Gualberto Figueroa - https://youtu.be/6RflUrw48LE ---  M_Accident_Part  29. Seventh Level Reptiles - https://youtu.be/sifrfBqiNVI --- Don't Use Your Phone  30. u/ejones10  31. u/golfishard1  32. jaantu - https://youtu.be/dQvJecN_KwI --- GMC Backing up  33. Teddy  34. etsonpina13  35. Jamo - https://youtu.be/PigGGM9Cv2A --- Greensboro NC ACCIDENT   36. AlkakT HC - https://youtu.be/ZWVlBUh_4gA --- 3/26/2024 - State Farm - Claim   37. AUTOBOT10  38. Joy  39. SJ  40. Anonymous  41. Jose Lorenzo - https://youtu.be/l-otUXf6MX0 --- Hit and Run  42. Thepopmario Games - https://youtu.be/pUsnDr64FSE --- Car Crash  43. Kammy  44. @ATT879 - https://youtu.be/VS9PpyCRaH4 --- Car crash  45. u/Exhausted_Love  46. Anonymous  47. Keen Observations - https://youtu.be/gCY4NkzFhwc --- Who’s at fault here?  48. I haz Dashcam - https://youtu.be/DlTyIA-yZfY --- Accident Indian School  49. Anonymous   50. Erik Espedal - https://youtu.be/twI57TtgNqI ---Car Accident   51. NepaliAmir - https://youtu.be/RMcystyOicM --- Mercedes￼ Car Crash   52. M M - https://youtu.be/JefHxlTuNCM --- Crazy driver hit and run away  53. Anonymous  54. SP Detectors - https://youtu.be/eA87Yais2Es --- car accident  55. Aj Clouds  56. Anonymous  57. James Russell - https://youtu.be/KX42nfxtfd8 --- 20240328181906  58. Will  59. u/thesystemmechanic  60. DeletedSoul  61. u/Vinceluck  62. u/drumad_   63. Anonymous  64. Wes Watkins - https://youtu.be/Ongr1fZAYaU --- Car crash on SR-19  65. Yoshinerd87  66. Anonymous  67. Anonymous  ⚫ My socials: Instagram: https://www.instagram.com/dashcamlessons/ TikTok: https://www.tiktok.com/@dashcamlessons Facebook: https://www.facebook.com/dashcamlessons  ⚫ Intro song: My Country - Ben Bostick,[],57,04092026
519,03IZDJajxPk,INSANE CAR CRASHES COMPILATION  || USA & Canada  - part 24,22092024,UCnetiRHPnIMBCm-yY4m69qA,689909,🛑 Submit your clips: https://forms.gle/gyoznmQ9vXe8GCcXA  ⚫Looking for a dashcam for your car? We recommend VIOFO: A229 PRO 4K ▶ https://amzn.to/3W2Lnzi  (5% off promo code: dash4K229Pro) VS1 2K ▶https://amzn.to/3W85Xyo  (5% off promo code: dashVS1cam)  ⚫ Contact me at dashcamlessons@gmail.com  ⚫ Links to the original videos:  1. Malik  2. Betty  3. Stealthy Wolf - https://youtu.be/7YsaxLdHRZs --- CAR CRASH  4. Stubbie Blue  5. u/lightcolorsfly  6. REDNECK IN VEGAS - https://youtu.be/0JyceohA1Ck --- Hit by a Drunk Driver  7. Anonymous  8. Iowa Drivers - https://youtu.be/1PD3qliHxuI --- Speeding Driver causes major accident!  9. I haz Dashcam - https://youtu.be/Vwg3nJ4gr90 --- Acciden  10. u/Nervous-Skirt2740  11. MedicVoyles  12. Anonymous  13. 1948 Chevy Guy - https://youtu.be/KodC9Z3teio --- Two Week Old Tesla  14. Anonymous  15. Road Misfit 187 - https://youtu.be/sORfLOqnIVs --- Caught on Dash Cam Accident  16. MN Dashcam Diary - https://youtu.be/xUs9NiLW_9U --- Shepard Road   17. M Vang - https://youtu.be/LlDgqfh0u4g --- Dash Cam  18. Idiotic nivin - https://youtu.be/4vqZEVAnh48 --- T-bone car crash  19. u/wllmshkspr  20. Norbert Eng - https://youtu.be/egJbW6YFxtg --- Accord rear ended   21. Commander Pound - https://youtu.be/dvkNnvbImVA --- Car Crash  22. Zigsterz21  23. Anonymous  24. kind2311 - https://youtu.be/Y0JPLUcAAs0 --- Hydroplane accident  25. Anonymous  26. jjo.vw  27. vandrew - https://youtu.be/C_D3S_dAsag --- Eglington McLaughlin Car Crash  28. No Thanx! - https://youtu.be/jwz93PsIsIg --- Turnpike Valentines Day Accident   29. Misterssippi - - https://youtu.be/_3ZNTpP_vSU --- Dash Cam Catches Hit and Run  30. Mick Reeves - https://youtu.be/fcTxnejf5Qk --- Last day  31. dredre27332 - https://youtu.be/ci_duV9klU8 --- Accident   32. Anonymous  33. JaerPR  34. SnappySyncSounds - https://youtu.be/_Can8mj-wWg --- Unexpected Collision  35. Wesley Abernethy - https://youtu.be/oJ0gPLrJn8A --- I'll show you  36. u/housevil  37. sargesarah - https://youtu.be/X1JBXwQn5DM --- Rear-end Wreck video  38. David Roberts - https://youtu.be/8pCPg0Ym1GA --- Truck and car go a spinning   39. Choup  40. Idaho Fluke - https://youtu.be/FJjdouP1I6E --- Fastest police response ever  41. Alexis  42. u/1kelpy  43. A B  44. Hector cam clips  45. AceAbe  46. emc002  47. Anonymous  48. amsh - https://youtu.be/q9oKfRaFHJs --- front dash cam accident  49. Riley  50. Lobeeto  51. Gabe Gordon - https://youtu.be/wOv6RoVaY6w --- Tesla Cam Crash  52. Hyra  53. u/rdup98  54. VaraAnn - https://youtu.be/zf2TAbYY2NE --- For insurance  55. u/fukalufaluckagus  56. Aidan Kelly  57. Anonymous  58. Quenton Wright - https://youtu.be/-QRXz9detY8 --- CAR ACCIDENT  ⚫ My socials: Instagram: https://www.instagram.com/dashcamlessons/ TikTok: https://www.tiktok.com/@dashcamlessons Facebook: https://www.facebook.com/dashcamlessons  ⚫ Intro song: My Country - Ben Bostick,[],51,04092026
520,HifljNDTP6U,MOST BRUTAL CAR CRASHES OF THE YEAR,30122023,UCnetiRHPnIMBCm-yY4m69qA,12660073,"🛑 Submit your clips: https://forms.gle/7LKzTdvHwnmZmZ439 ⚫ Contact me at dashcamlessons@gmail.com  ⚫ Links to the original videos:  1. Josh -  ---  ( West palm beach, FL )  2. u/Rubyysoho801 -  --- [Rexing V1P Max] Honda Fit turns in front of a semi ( Moab, Utahwhen )  3. Brocklanders - https://youtu.be/6_UEp1bL8Yc --- 9/8/2022 Dashcam Crash on Kennett Pike ( Kennett Pike, PA )  4. Taylor Riddiford -  ---  ( Batavia, Illinois )  5. IndependenceGuy -  ---  ( Monona, IA )  6. u/Rainebowraine123 -  --- Idiot makes an unprotected left in front of me. Car was 3k short of 500k miles. (  )   7. u/Oberon415  8. u/Higher2288  9. Andre Dimitrov -  --- Hit and Run. (  )   10. Friant Roulette - https://youtu.be/ORpjePv2TNc --- Multi Car Crash ( Fresno CA )   11. Alen Keyboard - https://youtu.be/-0HhSANuu64 --- Idiot Drunk Driver ( Monroe Washington State )  12. Anonymous  13. Everything Romeo_84 - https://youtu.be/Hh51oK7r1Ks --- Saw a hit-and-run this morning!   14. Ken Carter - https://youtu.be/sKWTJz1-xO8 ---  ( Fort Collins, Colorado )  15. Diabloein -  ---  ( Hammond, IN )   ⚫ My socials: Instagram: https://www.instagram.com/dashcamlessons/ TikTok: https://www.tiktok.com/@dashcamlessons Facebook: https://www.facebook.com/dashcamlessons  ⚫ Intro song: My Country - Ben Bostick",[],47,04092026
521,KKTA1tx7-b8,INSANE CAR CRASHES COMPILATION  || BEST OF USA & Canada Accidents - part 12,25112023,UCnetiRHPnIMBCm-yY4m69qA,2549858,"🛑 Submit your clips: https://forms.gle/7LKzTdvHwnmZmZ439 ⚫ Contact me at dashcamlessons@gmail.com  ⚫ Links to the original videos:  1. Taylor Riddiford -  ---  ( Batavia, Illinois )  2. IndependenceGuy -  ---  ( Monona, IA )  3. Ken Carter - https://youtu.be/sKWTJz1-xO8 ---  ( Fort Collins, Colorado )  4. u/Oberon415 -  --- Close call, almost ran over in own yard. Tree saved the house. (  )  5. Auguin - https://youtu.be/M5WYymrpc88 --- Bozo on Shallowford Road in Roswell GA causes wreak ( Roswell GA )  6. u/NotInMyBand -  --- Car Hits F150  7. Anonymous  8. u/05sti4u2 -  --- This is why you wear your seatbelts kids (  )  9. u/canadianisarace -  --- Turn now look later ( Houghton, Michigan )  10. DWag - https://youtu.be/gxgCknu1PPc --- Crash Caught on Dashcam Tucson, AZ ( Tucson, AZ )  11. Friant Roulette - https://youtu.be/-JlK8Fo9MAE --- Ford vs. Mazda: Red Light Collision ( Fresno, California )   12. Dry_Studio9404 -  --- Bizarre car drives across median (  )  13. u/skulltima -  --- Red? nah ... not for this scion! (  )  14. u/Loqol -  --- Idiot smashes into a minivan and runs (  )  15. Comet Dashcam - https://youtu.be/_36wVdIHi08 --- Red Light Runner Causes Crash (  )  16. TruckerWife - https://youtu.be/dFHqytobt1k --- car accident 5 1 23 (  )  17. Anonymous  18. Jackie Albon - https://youtu.be/6wSAmdQgwBI --- dash cam footage ( I-75, Clarkston, Michigan )  19. Nick -  ---  ( Indianapolis, IN )  20. u/AmericanAssKicker -  --- Crazy that everyone walked away! Dude who caused it asked, ""did I c.... (  )  21. Jimena Guild - https://youtu.be/nyNnN9tMsXU --- Deliberate hit and run  22. Chum -  ---  ( Scranton, PA )  23. @bennytalksalot -  ---  ( CA )  24. John Dawson - https://youtu.be/XMmvSxWfvCo --- CRAZY 4/20 Hollywood Car Crash Dash Cam ( Hollywood )  25. Anonymous  26. u/slyredone -  --- Curb saves my neighbors from a 17yo speeding in a Tesla. (  )  27. Idaho Fluke - https://youtu.be/U5JowJoSI9w --- T bone wreck 17th and ashment ( Idaho falls idaho )  28. Andy -  ---  ( Milwaukee, WI )  29. ATLDriver - https://youtu.be/lQ7zOKyIAxQ --- Insane Car Accident - Pedestrian Narrowly Escaped (  )   30. Shawn Fisher - https://youtu.be/JKhuxcwv_d8 --- Truck Rear-ends another parked Truck ( Kelowna BC )  31. Jupiter Rising - https://youtu.be/Hy0qJW43MOs --- DashCam: Guy pulled out in front of me. Scared the sh*t out of me!! (  )   32. NCRdashcam (formerly Ottawa Dashcam) - https://youtu.be/HUbzOeZBEEk --- Not a good day for a Mustang  33. u/castle_crossing -  --- Whitelining fail ( Bronx, NY )  34. Anonymous  35. u/SlowCriticism -  --- [Garmin DC Mini] Audi driver decides to speed in the LA rain ( LA )  36. SJR559 -  ---  ( Fresno, CA )  37. Anonymous  38. unclegadget1971 - https://youtu.be/zZmxmCX6ob4 --- Neighbour crashes into Amazon Delivery driver (  )  39. Jesse -  ---  ( Chambersburg Pennsylvania  )   40. u/Miss_X2m1 -  --- Ouch! (Sorry, No sound). ( Saddle Brook, NJ )  41. John Donegan - https://youtu.be/OU-Yzqn2Q98 --- Car Accident 230430 Front Facing Cam A2023 0430 194607 097A (  )  42. thedoubtfultechnician8067 - https://www.youtube.com/@thedoubtfultechnician8067 ---  ( Allentown )  43. u/Yaibisalki -  --- 18 Wheeler Says Hi!  44. Anonymous  45. Anonymous  46. Nushgala -  ---  ( Torrance, California )  47. Michael Angel - https://youtu.be/ACS9ZqyR0Kc --- August 19, 2020  48. Mimy Russo - https://youtu.be/x03S-SNbSe4 --- Road rage Lakeside 5/8/2023 ( Lakeside )  49. u/ComprehensiveCat7515 -  --- Idiot Cut in Line to Make the Left Only to Receive Instant Karma ( Zelienople, Pennsylvania )  50. Some Guy from Jersey  -  ---  ( Toms River, NJ )  51. kitachi  52. Friant Roulette - https://youtu.be/MSFbfnn2D2M --- Dashcam Video Shows Accident At Friant And Shepherd 2021 ( FRESNO )  53. Anonymous  54. Kim M -  ---  ( FT WASHINGTON, MD )  55. u/blind_spectator -  --- [Garmin Mini2] That parked car came out of nowhere   56. Nepo and Janiel - https://youtu.be/sdOUv5IkaBo --- Rear End Road Accident  57. respibob - https://youtu.be/vOai2yjqpNA --- Accident at CVS   58. 1ofHenrysMen - https://youtu.be/VFDIFPWQ_xA --- Minor accident   59. u/Dirk_13 -  --- Wow crazy!!!    60. Katamarino -  ---  61. u/Cerealism15 -  --- When you're drunk on the highway at 6:30 in the morning.  62. Corivus De Lan - https://youtu.be/H2XKhe8K3dk --- Redight runner in mesa ( Mesa )  63. WhyBrynn   64. Big Foot - https://youtu.be/eB-qjDRKP6s --- HIT AND RUN , CASH REWARD WITH SOLID LEAD.   65. Buenonacho4893   66. St3rling   67. Dawson   68. Tripping W/JessiJames - https://youtu.be/mjsDyXeZ1XM --- Dashcam: Crash  69. p boehlke - https://youtu.be/WUdLHyjDRYA --- car accident ( Lake City )  70. SebasPL - https://youtu.be/AEaA1hrtjcc --- car accident  71. Marissa Gonzales - https://youtu.be/SyzT4llkWk8 --- Rear ended  72. cjordanhouston  ⚫ My socials: Instagram: https://www.instagram.com/dashcamlessons/ TikTok: https://www.tiktok.com/@dashcamlessons Facebook: https://www.facebook.com/dashcamlessons  ⚫ Intro song: My Country - Ben Bostick",[],47,04092026
522,T5LLlH8cZNw,INSANE CAR CRASHES COMPILATION  || BEST OF USA & Canada Accidents - part 18,05052024,UCnetiRHPnIMBCm-yY4m69qA,523916,"🛑 Submit your clips: https://forms.gle/7LKzTdvHwnmZmZ439  ⚫Looking for a dashcam for your car? We recommend VIOFO: A229 PRO 4K ▶ https://amzn.to/3VnTTZH  (5% off promo code: dash4K229Pro) VS1 2K ▶ https://amzn.to/3PsKVqp  (5% off promo code: dash2KVS1)   ⚫ Contact me at dashcamlessons@gmail.com  ⚫ Links to the original videos:  1. Eric Allen  2. Kat  3. wolvesone - https://youtu.be/mkccA4qwg4Q --- Roll over MVA  4. clark hepworth - https://youtu.be/VXBaREk_v1c --- Accident Dezavala  5. u/idontknowanything0  6. compton101 - https://youtu.be/rPeJXMIEgko --- car accident  7. Anonymous  8. The Lone Wanderer - https://youtu.be/TNM7QgB1fOg --- Crazy street racing crash caught on dash-cam in Vincent.  9. Spanaway Reaper  10. u/chronzz  11. Reserector - https://youtu.be/W7kMLM_zQcs --- Almost taken out  12. u/MobiusTech  13. Sam Ball - https://youtu.be/iDuKdwBxJLo --- Oakland hit and run accident   14. Feathers, Fur, and Fins - https://youtu.be/0YTEmHEiBBE --- Dump Truck T-Bones Dodge Ram Wreck Dashcam  15. CarCamCrash - https://youtu.be/yRgOLG-rMoI --- Car DashCam Crash  16. Anonymous  17. Stromkreis  18. u/brownmagpie  19. just-car-driving -  --- T-Type Intersection Car Accident Caught on Dashcam   20. DrZorroMD - https://youtu.be/AlGxSZA_EvM --- Bad Uber driver causes crash by driving backwards  21. July  22. Amy  23. u/NekoSeragaki  24. James Sprague - https://youtu.be/DoP96qdtVFQ --- Houston Hit and Run  25. Anonymous  26. Leo v  27. O'Fallon, MO  28. Ken Morgenstern - https://youtu.be/Fygs-krZmJ0 --- Wreck In Rockwall   29. PoweredByAudio - https://youtu.be/q53FtTiNB4s --- CSUMB Accident  30. Brandon  31. Rock Well  32. Rob Flynn II - https://youtu.be/NsUzRDf2O78 --- Accident  33. Benjamin Kleveland - https://youtu.be/rL7c7g0LF7M --- Fort Worth Crash   34. Brooklyn Bridge - https://youtu.be/YByTh1TI9ew --- Wrangler gets rear-ended  35. Sannydanchez  36. Cruton  37. baktash khan - https://youtu.be/ODqBqbhdqFw --- Hit and run in king street  38. u/Johndillermand666  39. u/Awii81  40. Alanslair - https://youtu.be/7UkPgKMyqVU --- Car fender bender  41. Kinks - https://youtu.be/qCXORSLZUaI --- Car dash cam   42. u/Like2PointThingsOut  43. HISTORY SMITH - https://youtu.be/9xxqnVwqfoE --- Dashboard camera  44. chase hiatt - https://youtu.be/rX7u4VHY3M4 --- ""It looked like a good place to pass  45. Joel Swanson - https://youtu.be/gkL_TFn5NSo --- Driving Too Fast For Conditions  46. HappyCamper1992 - https://youtu.be/eZdaq11De4I --- Bad driver attacks fedex driver  47. Anonymous  48.  Kano530 - https://youtu.be/mDre0RP9riw --- CAR WREC  ⚫ My socials: Instagram: https://www.instagram.com/dashcamlessons/ TikTok: https://www.tiktok.com/@dashcamlessons Facebook: https://www.facebook.com/dashcamlessons  ⚫ Intro song: My Country - Ben Bostick",[],41,04092026
523,yAoG1q8emTs,"BEST OF NEW JERSEY DRIVERS 2023  |  30 Minutes of Road Rage, Accidents, Convenient Cop & More",18112023,UCnetiRHPnIMBCm-yY4m69qA,534026,"🛑 Submit your clips: https://forms.gle/7LKzTdvHwnmZmZ439 ⚫ Contact me at dashcamlessons@gmail.com  ⚫ Links to the original videos:  1. Anonymous  2. Z. Fisher -  ---  ( Rockaway, NJ )  3. Vinny339 - https://youtu.be/cgOEo0nWxG4 ---  ( Elizabeth, NJ )  4. B-Mart -  ---  ( Matawan NJ )   5. Jerseys' Finest -  ---  ( Secaucus, NJ )  6. b_thebeat05 -  ---  ( Atlantic City, NJ )   7. Daniel -  ---  ( NJ Bogota )  8. Joe Bananas - https://youtu.be/Ai4vXWt71u --- Mustang jumps in front of me to brake check for several miles. ( Parsippany NJ )  9. Alti.kev -  ---  ( Elizabeth, NJ )  10. Clifford Taege - https://youtu.be/JMWXyG57aaw --- Hit and run ( Lakehurst NJ on route 70 )  11. Anonymous  12. David B -  ---  ( NJ turnpike )  13. NAY2GAS - https://youtu.be/hEVEP5DiAH0 --- Road Rage in Jersey City Heights, Liberty & Carlton Avenues - This woke me up! WTF ( Jersey City, New Jersey )  14. u/blind_spectator -  --- [Garmin Mini2] That parked car came out of nowhere ( I95N, Fords, NJ )  15. Some Guy from Jersey  -  ---  ( Toms River, NJ )  16. 8 8 - https://youtu.be/Oy3MfTfR6CQ --- N7 4 SCR N J Bentley Continental Brake Checker ( Woodbridge Township, New Jersey )  17. pocketaces -  ---  ( Iselin, NJ )  18. u/Miss_X2m1 -  --- Ouch! (Sorry, No sound). ( Saddle Brook, NJ )  19. KeepMeBusy - https://youtu.be/WQPW2fl7dbU ---  What was in a hurry when you were driving ? ( Route 1 S, NJ )  20. Nickolas -  ---  ( Old Bridge, NJ )   21. GadgetPimp - https://youtu.be/1mu0kzipUtU --- Tesla Dash Camera Road Rage Accident ( Elizabeth NJ )  22. 2K16.DashCams - https://youtu.be/g2weGFnjobM --- Where they not looking? ( South Plainfield, NJ )  23. Garry from Hillsborough NJ -  ---  ( Bridgewater  New Jersey  )  24. Random-Acts-of-Random - https://youtu.be/MfXKTz1dX4c --- How DARE you call me a KAREN! ( New Jersey )  25. SaRule0 -  ---  ( Bridgewater NJ )  26. u/9009RPM -  --- I'm sorry for you cutting me off? Full video for context. Stay classy New Jersey. (  )   27. Nickolas -  --- I-287 ( Somerville, NJ ) Two jokers going at it for a while and bonehead cop does nothing lmao New Brunswick, NJ  28. videophantum - https://youtu.be/yYScfnVC_ns --- BRIDGE BOZO ( Between New Jersey and Staten Island, NY )  29. Anonymous  30. Greg B -  ---  ( Newark NJ )  31. Eyefootage - https://youtu.be/4Ag0WdJNkm0 --- Road Rage in Burlington NJ ( Burlington NJ )  32. Jacovis -  ---  ( Toms River NJ )  33. Sean S -  ---  ( Emerson, NJ )   34. Gemini_0675 - https://youtu.be/7qPkqP5tmZ4 --- Instant Karma. ( Brunswick NJ )  35. neptune was here - https://youtu.be/IXmg02Dulcc --- Tesla Road Rage at 5 AM (I-95/NJ Turnpike)|[4k, 60fps] ( I-95/NJ Turnpike )  36. Dylan M. -  ---  ( Manasquan, NJ )  37. Noelle Diane - https://youtu.be/-DP9v2s5tE --- Road Rage NJ - Car Almost Hit On Wrong Side of Road! (  )  38. JazzyChaz -  ---  ( Near Trenton, NJ )  39. NJ Driver -  ---  ( Sayreville, NJ )  40. Anonymous  41. Ragman - https://youtu.be/OjwiahZjEvM --- Mercedes driver rear end my Tesla and tries to weasel out of insurance claim! #accident #rearend ( NEW JERSEY )  42. safeti01 -  ---  ( Hasbrouck Heights, NJ )  43. u/Dirk_13 -  --- Wow crazy!!! ( NJ Essex 280 )   44. Nickolas -  ---  ( Peapack & Gladstone, NJ ) Dunellen, NJ  Edison, NJ  45. Cat Man - https://youtu.be/ZPY9fwtPfvs --- Instant Karma ( New Jersey )  46. jwow -  ---  ( Monmouth County, New Jersey )  47. Jersey Shore Countermeasure - https://youtu.be/Ga1J0rFYb_A --- Rear ended on Lakewood rd waiting to turn left onto Herbersville Rd in Howell, NJ. ( Howell, NJ )  48. Mandi -  ---  ( Mt Holly/NJ )  49. ndeclari - https://youtu.be/Wr5vw7iwFEA --- Those tricky 1-way Stop intersections ( Whippany NJ )  50. Anonymous  51. Nickolas  52. Ghost -  ---  ( Paterson, NJ )  53. jt8913 -  ---  ( New Jersey )  ⚫ My socials: Instagram: https://www.instagram.com/dashcamlessons/ TikTok: https://www.tiktok.com/@dashcamlessons Facebook: https://www.facebook.com/dashcamlessons  ⚫ Intro song: My Country - Ben Bostick",[],32,04092026
524,QNMre-3Otog,Best of Dutch Dashcam - 2026 #3,26052026,UCGXllzA9s6Sfcl8Y4M3Qhhw,674214,"Also want a *BlackVue* *Elite?* Check it out here: https://bit.ly/4tNAmPS We are also *giving* *away* a BlackVue Elite 8 2CH! On Monday, June 15, we’ll pick a winner from the comments under this video!  Welcome to Dutch Dashcam, episode 3 of 2026! Once again, we’re riding along with viewers from all across the Netherlands, featuring all kinds of traffic moments. From questionable overtaking manoeuvres and creative right-of-way situations to unexpected braking, near misses, and drivers who interpret the rules of the road just a little differently. Sometimes tense, sometimes frustrating, and often quite remarkable to watch.  Sit back, relax, and enjoy a new collection of striking dashcam footage from Dutch roads.  Enjoy watching!    --- 🎥 *Got* *footage* *of* *your* *own?* *Share* *it!*  🌐 Website: https://dutchdashcam.com 📩 Or via email: dutchdashcam@hotmail.com For large files, feel free to use WeTransfer, OneDrive, or send a link to your (unlisted) YouTube video. --- 📢 Stay Up to Date! Don’t forget to like and subscribe for more of the best dashcam videos! Hit the notification bell so you never miss a new upload. Subscribe here: https://www.youtube.com/@DutchDashcam?sub_confirmation=1 --- 📱 Want daily dashcam content between uploads? Follow us on Instagram, TikTok or Facebook! Instagram: https://www.instagram.com/dutchdashcam_official/ TikTok: https://www.tiktok.com/@dutchdashcam_official Facebook: https://www.facebook.com/TheRealDutchDashcam --- #DutchDashcam #Dashcam  #DashcamFootage #baddrivers #traffic #roadcam #nearmiss  --- 🎵 Intro & Outro Music Credits: Music: TheFatRat - Xenogenesis Watch the official music video: https://tinyurl.com/xenogenesistfr Listen to Xenogenesis: https://thefatrat.ffm.to/xenogenesis Follow TheFatRat: https://ffm.bio/thefatrat",[],27,04092026
525,wsgFEXV-buI,INSANE 30 CAR PILE-UP CRASH CAUGHT ON TESLACAM,25122022,UCbMoDtZ6Ani-eyHzCvxeVCw,1716053,"Tesla is caught in a massive crash, including 12 semi trucks and 18 cars. 20 Tesla owner share their experiences in crashes, near misses, hit & runs, and other Tesla Sentry Mode events in Episode 179 of Teslacam Stories, the ultimate Tesla show.   🧑‍⚖️‍📝 If you’re ever injured in an accident and want to get the compensation you deserve, you can check out Morgan & Morgan. Their fee is free unless they win. For more information, go to https://forthepeople.com/whambaam or dial Pound LAW (Pound 529) from your cellphone.   ⚡Submit your Teslacam or Tesla Sentry video to be featured:  https://forms.gle/YFtXSeDScYQAJvwg7  Teslacam Stories is a series of Tesla owners' real experiences told by the Tesla Dashcam and Sentry Mode videos. All incidents are recorded from Tesla vehicles and submitted to this channel by other Tesla enthusiasts. I contact each person who sends me their videos to talk with them and learn more about their story and to follow up on what happened after what we see on their video. Voice-over and captions are added to describe what happened, and why. I believe that this additional information regarding the incident gives the videos a newsworthy value.   From the footage and additional information, a viewer can learn the consequences of bad driving and can educate his/her self with better driving safety. This process also gives the videos a great educational value. It is my desire to add my own unique and creative value in a transformative way to ensure you enjoy and learn from the videos being presented.   ⚡ Voiceover recording and editing by Ben and Melissa Anderson from the Pacific Northwest EVentures channel:  @pnweventures    ⚡ All videos are submitted to or for Wham Baam channels and used with original copyright permission.  #whambaamteslacam  #tesla #autopilot",[],24,04092026
526,Yc2NoDaFeJw,"Nissan Altima Wrecks 4 Vehicles, Including A Bus! +19 more | Dashcam Stories #158",25102025,UCJZpPG8wegZJ3rsnc6-Bpnw,187954,"20 accidents filmed by dashcams featuring unbelievable crashes, daring escapes, and road rage in the 158th episode of Dashcam Stories.   Looking for a dashcam solution for your car? We recommend these two cameras from VIOFO: A119 Mini 2 ▶ https://amzn.to/3G5s2bE (5% off promo code: WHAMBA119MN) A229 PRO 4K ▶ https://amzn.to/4keWcXS (5% off promo code: WHAMBA229PRO) (affiliate link that may earn us commission)  - Purchasing a product through these affiliate links may earn us a commission and is a great way to support the channel at no extra cost!   Submit your dashcam video ▶ https://linktr.ee/whambaam Join Patreon and our Discord ▶ https://patreon.com/whambaam Buy our merch ▶ https://whambaam.com Voiceover recorded and edited by ▶ Ben & Melissa Anderson of @pnweventures   ALL VIDEOS ARE SUBMITTED TO OR FOR WHAM BAAM CHANNELS AND USED WITH ORIGINAL COPYRIGHT PERMISSION.  #whambaam #dashcam #crash",[],23,04092026
527,99U_zeOODxE,BEST OF SEMI TRUCK CRASHES COMPILATION - 2,09032025,UCKIrZr7WuPFgFy7OfkAuHOw,417380,"In this ""Best of Semi Truck Crashes"", you will see driving fails, car crashes, and semi-truck crashes caught on dashcam. All the bad drivers are from America & Canada.  ✪ Submit your Dashcam video for the feature here: https://forms.gle/FnavwQg5WwkNkS6r8 Or sent to Email: megadrivingschoolyt@gmail.com  Got an Issue? Email me: megadrivingschoolyt@gmail.com  #semitrucks  #cars #drivingfails .",[],20,04092026
528,DNPXrlLvmMk,"BEST OF BRAKE CHECKS GONE WRONG 2022 | Insurance Scams, Road Rage, Instant Karma, Liars on Dashcam",27122022,UCnetiRHPnIMBCm-yY4m69qA,959193,"🛑 Submit your clips: https://forms.gle/7LKzTdvHwnmZmZ439 ⚫ Contact me at dashcamlessons@gmail.com  ⚫ Links to the original videos:  1. Hearsemanjeff -  ---  ( I-12 Hammond LA )  2. Anonymous -  --- Hit and run road rage, 3/15/22, Houston, TX  3. daRuckus - https://youtu.be/D39vHL_uXzo --- brake check gone wrong  4. 05 Chevy -  ---  ( Katy, TX )   5. Jason -  ---  ( Houston, TX )   6. Anonymous -  --- insurance scam (  )  7. BRADY SNEARLY  -  ---  ( Huntsville, TX )  8. joey roo - https://youtu.be/u3LK5dOsr-8 --- brake check accident  9. Holy - https://youtu.be/oOfYfpvlkb --- Illegal brake check on Hwy 401 Express (  )  10. David -  ---  ( Long Beach )   11. MtnTigger - https://youtu.be/Uyz1ZzTxCTg --- Walmart accident ( McHenry Illinois )  12. David D -  ---  ( New York )  13. Ridiculous truck drivers - https://youtu.be/pZzemYffcb0 --- Brake check goes wrong  14. Baloney_Tugboat -  --- fraud (  )  15. kryptoknightkid - https://youtu.be/drlZACVwG0E --- stupid druver  16. roadrashrick -  break check ( Titusville, FL )  17. u/LeroyTheSamurai -  --- When I asked what he was trying to do, he said “I shouldn’t have been trying to pass him” (  )  18. Bad Drivers Of New York State - https://youtu.be/i2LT9Jtkbv0 --- Brake check crash (fixed audio) ( west Milford NJ )  19. The Don of Time - https://youtu.be/9Fwq8D4Itzo --- Uber Driver Gets Brake Checked and Causes Car Wreck Accident ( Lawrence Kansas )   20. Noobidy - https://youtu.be/3zC7PDRutV --- TWISTED Hit & Run - Redneck Road Rage ( Chesapeake, VA )  21. Aaron Smith - https://youtu.be/ngZ8piGi2QM --- Hit and Run on Newtown Pike ( Newtown Pike )  22. DodgingStupidTourist -  ---  ( Pigeon Forge, TN )  23. Z -  --- scam ( US 31 S - Westfield/Carmel  )  24. Good Citizen - https://youtu.be/DoCAy9yhPwQ --- Car accident  25. algonquinpaddler62 - https://youtu.be/dqKG-hFwq-g --- Stupid Driver in Dutton Ontario   26. Andy Pacelli - https://youtu.be/XsvY0qKhSAs --- Car rear ended. ( Tilton NH )  27. u/PM_UR_GUN_PICS_PLS -  --- Typical day in Hawaii, and I’m still the one that got cited.  28. Bob Classic - https://youtu.be/52bMqQnrrRg --- idiot does u turn in front of me. ( Crestwood Missouri )  ⚫ My socials: Instagram: https://www.instagram.com/dashcamlessons/ TikTok: https://www.tiktok.com/@dashcamlessons Facebook: https://www.facebook.com/dashcamlessons  ⚫ Intro song: My Country - Ben Bostick",[],18,04092026
529,24370gEz1Q4,Double-Decker Bus Crash Compilation 1,09022024,UCVtZOT0tO1ZxBB5dzq3oK_w,1944733,PLAYLIST WITH (most of) THE ORIGINAL VIDEOS IS IN THE DESC.   Crashes involving double-decker buses (from various countries).  Playlist: https://www.youtube.com/playlist?list=PL1Q8sOtlTMDKytia7hjAcrfv7XVSGLa4d     #doubledeckerbus #carcrash #transit #uk #bus #buscrashes,[],15,04092026
530,_IVQ0ZoVdt0,"Car Crashes RUSSIA 2020 ► Car Crash Compilation, Dashcam Russia & Road Rage #carcrashrussia",02092026,UCMdGIG4ERDmzEEq0oQTXxYg,12,A description isn't available for this video,[],15,04092026
531,5RFK4N5IqVI,High-Speed Police Chases That Ended In Tragic Crashes,11052025,UCIQkGIHyMsYDEuQ93uEDXoA,4771877,"High-Speed Police Chases That Ended In Tragic Crashes Most BRUTAL High-Speed Police Chases Caught on Dashcam 2025! #police #cops #policechase #policepursuit   Welcome to Most Wanted US—your ultimate destination for the most heart-racing police chases on the web! 🔥 From wild high-speed pursuits to dangerous criminals on the run, we bring you the most intense police dashcam moments caught on camera.    Please note: Video thumbnails are for illustrative purposes and may not represent the actual content. Thank you for your understanding!  Credits:      Music:  Single Combat by Soundridemusic      Link to Video: https://www.youtube.com/watch?v=NsKs4DuDQms&list=LL&index=2    🔴Disclaimer ► All individuals shown are presumed innocent until proven guilty in a court of law. ► This content is created for educational and informational purposes, promoting legal awareness and safety. All video clips shared are purely educational and intended to inform viewers about real-life law enforcement scenarios. ► Copyright Disclaimer: Under Section 107 of the Copyright Act 1976, allowance is made for ""fair use"" for purposes such as criticism, comment, news reporting, teaching, scholarship, and research. Fair use is a use permitted by copyright statute that might otherwise be infringing. Non-profit, educational, or personal use tends to favor fair use.",[],14,04092026
532,aSL1YpF6dx8,50 Most Unbelievable Car Crashes Compilation - Ultimate Dashcam Crashes & Idiots on the Road #22,01092026,UC0tqyNgznz9Jef8u5hGfPNA,75,"🚗 50 Most Unbelievable Car Crashes Compilation — get ready for some of the most intense dashcam crashes, bad drivers, close calls, and idiots on the road caught on camera! From shocking car crashes and reckless drivers to road rage, near misses, and split-second escapes, this ultimate dashcam crashes compilation shows just how unpredictable the road can be. Every moment is a reminder that one bad decision, one distraction, or one second of hesitation can change everything. In this video, you'll see: • Unbelievable car crashes caught on camera • Ultimate dashcam crashes and traffic accidents • Idiots on the road and bad drivers • Reckless driving and road rage • Near misses and incredible close calls • Unexpected driving moments caught on dashcam Which moment shocked you the most? Let us know in the comments below. 👍 If you enjoy car crash compilations, dashcam crashes, idiots on the road, bad drivers, road rage, and unbelievable moments caught on camera, subscribe to DASHCAM CRASHES for more incredible moments from roads around the world. Real Crashes. Crazy Drivers. Caught on Camera. Credits:      Music: High Impact by ArcticFoxMusic      Link to Video: https://www.youtube.com/watch?v=cypqGpxAX_0 ⚠️ SAFETY NOTICE This video is presented for documentary, commentary, educational, and awareness purposes. It is not intended to encourage dangerous, reckless, or illegal driving. Always obey traffic laws, stay alert, and drive responsibly. ©️ COPYRIGHT & FAIR USE NOTICE The clips featured in this video have been selected, edited, trimmed, arranged, and presented with original commentary and context to create a new viewing experience and provide additional informational, educational, and entertainment value. Some materials featured in this video may belong to their respective copyright owners. We acknowledge and respect the intellectual property rights of all creators and rights holders. This video is intended to be consistent with the principles of fair use under Section 107 of the U.S. Copyright Act of 1976, which may permit limited use of copyrighted material for purposes such as criticism, commentary, news reporting, teaching, scholarship, and research. Fair use is determined on a case-by-case basis. If you are a copyright owner and believe that your material has been used in a way that requires attention, please contact us so we can review the matter and take appropriate action where necessary. #DashCam #CarCrashes #DashcamCrashes #IdiotsOnTheRoad #BadDrivers",[],14,04092026
533,qinF8Azew3Y,TRAM CRASHES💥 AND CLOSE CALLS (+ crazy situations) Honest Guide,24012021,UCt7oj318jVQi7vRbc1bNjJA,2545092,"Prague tram drivers have a really tough job. They have to look out for pedestrians and cars. And sometimes even Lime scooters. Here are the craziest situations they go through. Like what we do? Consider supporting us on Patreon, thank you! http://patreon.com/honestguide  Follow the Prague tram drivers on their social media here:  https://www.youtube.com/c/NaKoleji https://www.instagram.com/tramvajacka https://twitter.com/JChodounsky https://twitter.com/ridicprazsky https://www.instagram.com/radapetr https://twitter.com/Tramvajak_Praha https://www.youtube.com/user/willyjeff85  Looking for a great book about Prague? Try ours: https://honest.blog/shop/honest-guide-en/ (Best places for beer, coffee & food included)  Honest Guide on Instagram: https://instagram.com/realhonestguide Janek's Instagram: https://instagram.com/janekrubes/  Honza's Instagram: https://instagram.com/honzamikulka/   Facebook: https://www.facebook.com/HonestPragueGuide/  Music we use for our videos: https://bit.ly/HonestMusic (If you are a creator, this is a good source where to find original music for your projects. If you click the link, you'll get 2 months for free. This is an affiliate link and we may earn a commission if you purchase through our link.)  0:00 Crash test 0:23 Close calls with cars 1:05 People vs trams 2:35 Lime scooter vs tram 2:50 Crashes with cars 3:34 Tram vs bus 4:38 Kudos to Prague tram drivers 5:40 Czech Word  Thank you for your support! Honza Mikulka & Janek Rubeš, Prague based journalists  #HonestGuide","[{'title': 'Crash test', 'timestamp': '0:00:00'}, {'title': 'Close calls with cars', 'timestamp': '0:00:23'}, {'title': 'People vs trams', 'timestamp': '0:01:05'}, {'title': 'Lime scooter vs tram', 'timestamp': '0:02:35'}, {'title': 'Crashes with cars', 'timestamp': '0:02:50'}, {'title': 'Tram vs bus', 'timestamp': '0:03:34'}, {'title': 'Kudos to Prague tram drivers', 'timestamp': '0:04:38'}, {'title': 'Czech Word', 'timestamp': '0:05:40'}]",14,04092026
534,-aOQG457sMs,50 Most Unbelievable Car Crashes Compilation - Ultimate Dashcam Crashes & Idiots on the Road #21,31082026,UC0tqyNgznz9Jef8u5hGfPNA,92,"🚗 50 Most Unbelievable Car Crashes Compilation — get ready for some of the most intense dashcam crashes, bad drivers, close calls, and idiots on the road caught on camera! From shocking car crashes and reckless drivers to road rage, near misses, and split-second escapes, this ultimate dashcam crashes compilation shows just how unpredictable the road can be. Every moment is a reminder that one bad decision, one distraction, or one second of hesitation can change everything. In this video, you'll see: • Unbelievable car crashes caught on camera • Ultimate dashcam crashes and traffic accidents • Idiots on the road and bad drivers • Reckless driving and road rage • Near misses and incredible close calls • Unexpected driving moments caught on dashcam Which moment shocked you the most? Let us know in the comments below. 👍 If you enjoy car crash compilations, dashcam crashes, idiots on the road, bad drivers, road rage, and unbelievable moments caught on camera, subscribe to DASHCAM CRASHES for more incredible moments from roads around the world. Real Crashes. Crazy Drivers. Caught on Camera. Credits:      Music: High Impact by ArcticFoxMusic      Link to Video: https://www.youtube.com/watch?v=cypqGpxAX_0 ⚠️ SAFETY NOTICE This video is presented for documentary, commentary, educational, and awareness purposes. It is not intended to encourage dangerous, reckless, or illegal driving. Always obey traffic laws, stay alert, and drive responsibly. ©️ COPYRIGHT & FAIR USE NOTICE The clips featured in this video have been selected, edited, trimmed, arranged, and presented with original commentary and context to create a new viewing experience and provide additional informational, educational, and entertainment value. Some materials featured in this video may belong to their respective copyright owners. We acknowledge and respect the intellectual property rights of all creators and rights holders. This video is intended to be consistent with the principles of fair use under Section 107 of the U.S. Copyright Act of 1976, which may permit limited use of copyrighted material for purposes such as criticism, commentary, news reporting, teaching, scholarship, and research. Fair use is determined on a case-by-case basis. If you are a copyright owner and believe that your material has been used in a way that requires attention, please contact us so we can review the matter and take appropriate action where necessary. #DashCam #CarCrashes #DashcamCrashes #IdiotsOnTheRoad #BadDrivers",[],13,04092026
535,cB-jkq7d0TY,North American Car Crash Compilation - 891 | Driving Fails | Dash Cam USA,16022026,UCKIrZr7WuPFgFy7OfkAuHOw,33820,"Welcome to the wildest dashcam compilation yet. In this video, we’re breaking down the best car crashes, brutal road rage, and mind-boggling bad drivers from across the USA and Canada.  Treat this as a quick driving school lesson on what NOT to do out there on the roads. In this video, we analyze these dangerous situations to help you learn how to drive more defensively, identify potential hazards before they happen, and understand the critical mistakes that lead to these accidents. Stay safe and watch closely - there is a lesson in every clip.  ✪ Submit your Dashcam video for the feature here: https://megadrivingschool.com/submit Or sent to Email: megadrivingschoolyt@gmail.com  Got an Issue? Email me: megadrivingschoolyt@gmail.com  What you'll see in this caught on dashcam video: 00:00 Changed Lanes Mid-Intersection, Who Was Really at Fault? 00:24 Speeding Driver Tries to Pass Near a School and Crashes? 00:46 Uber Driver Turns Into Oncoming Lane and Blocks Traffic? 01:26 Road Rage Escalates, Did He Really Throw Rocks at Me? 01:48 Lexus Pits a Police Car and Tries to Drive Away? 02:10 Car accident caught on dashcam? 02:45 Close Call in a Double Turn Lane, Who Had the Right of Way? 02:59 Rear-End Crash in Davie Florida, What Led to This? 03:19 Sudden Lane Change Without Checking, Why Risk It? 03:37 Car crash caught on dashcam? 03:56 Ice Storm Spinout at the Top of the Hill, Could It Be Avoided? 04:21 Car accident caught on dashcam? 04:42 Wild Dashcam Moment Just Outside Nashville, What Happened? 04:59 Car crash caught on dashcam? 05:19 Level 3 Snow Emergency and Still Sliding Out on OH-315? 05:48 Morning Crash at Union Turnpike and Springfield Blvd, Who’s Liable? 06:08 Car accident caught on dashcam? 06:32 Offered My Footage to the White SUV, Would You Have Stopped? 06:55 Why Did This Impala Suddenly Slam Into the Guardrail? 07:12 Cruising in the Left Lane Then Spinning Off the Road, How? 07:39 Honked Once and She Tried to Swerve at Us? 07:56 Running Across Traffic From Behind Cars, What Was the Plan? 08:13 Snow and Slush Near Miss, Would You Have Stopped in Time? 08:27 Road Rage or Just Terrible Driving, What Do You Think? 08:44 Inches From Disaster, How Did We Both Avoid Contact? 09:03 Green Light for Me, So Why Did Two School Buses Run Red? 09:21 Man Power Walks Into Traffic on Pettit Ave, Why? 09:39 High-Speed Pursuit Ends in Felony Convictions, Worth the Risk? 11:26 End  #dashcam #car #automobile  ------------------------------------------------------------------------- Educational Disclaimer: These car crashes in usa and Canada are curated strictly for traffic safety analysis, accident awareness, and educational purposes. Drive safe!","[{'title': 'Changed Lanes Mid-Intersection, Who Was Really at Fault?', 'timestamp': '0:00:00'}, {'title': 'Speeding Driver Tries to Pass Near a School and Crashes?', 'timestamp': '0:00:24'}, {'title': 'Uber Driver Turns Into Oncoming Lane and Blocks Traffic?', 'timestamp': '0:00:46'}, {'title': 'Road Rage Escalates, Did He Really Throw Rocks at Me?', 'timestamp': '0:01:26'}, {'title': 'Lexus Pits a Police Car and Tries to Drive Away?', 'timestamp': '0:01:48'}, {'title': 'Car accident caught on dashcam?', 'timestamp': '0:02:10'}, {'title': 'Close Call in a Double Turn Lane, Who Had the Right of Way?', 'timestamp': '0:02:45'}, {'title': 'Rear-End Crash in Davie Florida, What Led to This?', 'timestamp': '0:02:59'}, {'title': 'Sudden Lane Change Without Checking, Why Risk It?', 'timestamp': '0:03:19'}, {'title': 'Car crash caught on dashcam?', 'timestamp': '0:03:37'}, {'title': 'Ice Storm Spinout at the Top of the Hill, Could It Be Avoided?', 'timestamp': '0:03:56'}, {'title': 'Car accident caught on dashcam?', 'timestamp': '0:04:21'}, {'title': 'Wild Dashcam Moment Just Outside Nashville, What Happened?', 'timestamp': '0:04:42'}, {'title': 'Car crash caught on dashcam?', 'timestamp': '0:04:59'}, {'title': 'Level 3 Snow Emergency and Still Sliding Out on OH-315?', 'timestamp': '0:05:19'}, {'title': 'Morning Crash at Union Turnpike and Springfield Blvd, Who’s Liable?', 'timestamp': '0:05:48'}, {'title': 'Car accident caught on dashcam?', 'timestamp': '0:06:08'}, {'title': 'Offered My Footage to the White SUV, Would You Have Stopped?', 'timestamp': '0:06:32'}, {'title': 'Why Did This Impala Suddenly Slam Into the Guardrail?', 'timestamp': '0:06:55'}, {'title': 'Cruising in the Left Lane Then Spinning Off the Road, How?', 'timestamp': '0:07:12'}, {'title': 'Honked Once and She Tried to Swerve at Us?', 'timestamp': '0:07:39'}, {'title': 'Running Across Traffic From Behind Cars, What Was the Plan?', 'timestamp': '0:07:56'}, {'title': 'Snow and Slush Near Miss, Would You Have Stopped in Time?', 'timestamp': '0:08:13'}, {'title': 'Road Rage or Just Terrible Driving, What Do You Think?', 'timestamp': '0:08:27'}, {'title': 'Inches From Disaster, How Did We Both Avoid Contact?', 'timestamp': '0:08:44'}, {'title': 'Green Light for Me, So Why Did Two School Buses Run Red?', 'timestamp': '0:09:03'}, {'title': 'Man Power Walks Into Traffic on Pettit Ave, Why?', 'timestamp': '0:09:21'}, {'title': 'High-Speed Pursuit Ends in Felony Convictions, Worth the Risk?', 'timestamp': '0:09:39'}, {'title': 'End', 'timestamp': '0:11:26'}]",12,04092026
536,U82XbYOk4qg,50 Most Unbelievable Car Crashes Compilation - Ultimate Dashcam Crashes & Idiots on the Road #23,02092026,UC0tqyNgznz9Jef8u5hGfPNA,73,"🚗 50 Most Unbelievable Car Crashes Compilation — get ready for some of the most intense dashcam crashes, bad drivers, close calls, and idiots on the road caught on camera! From shocking car crashes and reckless drivers to road rage, near misses, and split-second escapes, this ultimate dashcam crashes compilation shows just how unpredictable the road can be. Every moment is a reminder that one bad decision, one distraction, or one second of hesitation can change everything. In this video, you'll see: • Unbelievable car crashes caught on camera • Ultimate dashcam crashes and traffic accidents • Idiots on the road and bad drivers • Reckless driving and road rage • Near misses and incredible close calls • Unexpected driving moments caught on dashcam Which moment shocked you the most? Let us know in the comments below. 👍 If you enjoy car crash compilations, dashcam crashes, idiots on the road, bad drivers, road rage, and unbelievable moments caught on camera, subscribe to DASHCAM CRASHES for more incredible moments from roads around the world. Real Crashes. Crazy Drivers. Caught on Camera. Credits:      Music: High Impact by ArcticFoxMusic      Link to Video: https://www.youtube.com/watch?v=cypqGpxAX_0 ⚠️ SAFETY NOTICE This video is presented for documentary, commentary, educational, and awareness purposes. It is not intended to encourage dangerous, reckless, or illegal driving. Always obey traffic laws, stay alert, and drive responsibly. ©️ COPYRIGHT & FAIR USE NOTICE The clips featured in this video have been selected, edited, trimmed, arranged, and presented with original commentary and context to create a new viewing experience and provide additional informational, educational, and entertainment value. Some materials featured in this video may belong to their respective copyright owners. We acknowledge and respect the intellectual property rights of all creators and rights holders. This video is intended to be consistent with the principles of fair use under Section 107 of the U.S. Copyright Act of 1976, which may permit limited use of copyrighted material for purposes such as criticism, commentary, news reporting, teaching, scholarship, and research. Fair use is determined on a case-by-case basis. If you are a copyright owner and believe that your material has been used in a way that requires attention, please contact us so we can review the matter and take appropriate action where necessary. #DashCam #CarCrashes #DashcamCrashes #IdiotsOnTheRoad #BadDrivers",[],12,04092026
537,OBIaTEtz5Cs,Car Crash Compilation # 49,07072013,UC-7lU2bRA9O626_-R1_T80w,620807,All crashes in this video are non-fatal.Take this video as a learning tool. This video is only for educational purposes. Be careful on the road. Drive safely and keep yourself and others safe. ✔SUBSCRIBE http://goo.gl/SFB0HI  ✔FACEBOOK Facebook http://goo.gl/zNxVZx  ✔Watch Dash Cam Videos http://www.youtube.com/user/Portreem,[],12,04092026
538,HSeIOg4SyOg,TESLA AUTOPILOT PREDICTS CRASH COMPILATION | TESLACAM STORIES #16,23082020,UCbMoDtZ6Ani-eyHzCvxeVCw,758165,"10 videos on how Tesla Autopilot handles crashes and incidents. In this episode of Teslacam Stories we get to see Autopilot in real life, and how it avoids some gnarly events.  ⚡Want to get started with your own Teslacam videos? I recommend Samsung T5 SSD for Tesla Dashcam and Sentry Mode:  https://amzn.to/345q8SX   ⚡A guide how to install and get started with Teslacam and Sentry Mode in Tesla: https://youtu.be/HX5-ciXZ7dg  Teslacam Stories is a series of Tesla owners real experiences told by the Tesla Dashcam and Sentry Mode videos. Many incidents are recorded from my Tesla Model 3, and some videos are submitted to this channel by other Tesla enthusiast. I contact each person who send me their videos to talk with them and learn more about their story and to follow up what happened after what we see on their video. Voice over and captions are added to describe what happened, and why. I believe that this additional information regarding the incident gives the videos a newsworthy value.   From the footage and additional information, a viewer can learn the consequences of bad driving and can educate his/her self with better driving safety. This process also gives the videos a great educational value. It is my desire to add my own unique and creative value in a transformative way to ensure you enjoy and learn from the videos being presented.   ⚡ New Teslacam Stories episodes released every Sunday.  See all episodes here: https://www.youtube.com/playlist?list=PLf1S71fZNxR5Z7wAeJMReVfHqANQW9uUk  ⚡ Voiceover recorded and edited by Ben Anderson of Redeemed Recordings. Find more original content at https://redeemedrecordings.com  ⚡Submit your Tesla Dashcam or Tesla Sentry video to be featured:  https://bit.ly/2CGgR8s or by email teslacam.sentry@gmail.com   ⚡ ALL VIDEOS ARE SUBMITTED TO OR FOR WHAM BAAM TESLACAM CHANNEL AND USED WITH ORIGINAL COPYRIGHT PERMISSION.  #whambaamteslacam #tesla #teslamodel3   ****** Music from Chris Haugen and Bensound: https://bensound.com ******","[{'title': 'Intro', 'timestamp': '0:00:00'}, {'title': 'What is Autopilot', 'timestamp': '0:00:25'}, {'title': 'Autopilot Crashes', 'timestamp': '0:01:00'}]",11,04092026
539,LbHlC_TgKiA,Brutal PIT Takedowns Caught on Police Dashcam,20102025,UCGs93b1vxGYLWyuksFGBGhQ,316247,"Welcome to Mind Rush — where speed meets reality. 🚔💨 Experience the world’s most intense, adrenaline-charged police pursuits, high-speed chases, and unbelievable real-life moments — all captured on camera. From wild freeway pursuits to extreme vehicle takedowns, every clip puts you right in the middle of the action.  Feel the intensity, precision, and split-second decisions that define real law enforcement encounters. Whether it’s dashcam footage, aerial tracking, or roadside arrests, Mind Rush delivers nonstop, edge-of-your-seat excitement and authentic real-world drama.  🎥 Our mission: To educate, inform, and raise awareness about public safety, law enforcement procedures, and the reality of high-speed pursuit situations. All footage is shared under educational, documentary, and news reporting purposes in full compliance with YouTube policy.  ⚡ Subscribe now and hit the bell 🔔 to join the Mind Rush community — where every second counts and the rush never stops.  MIND RUSH LICENSES https://pastebin.com/ehqykxPS  DISCLAIMER: Under Section 107 of the Copyright Act 1976, “Fair Use” is permitted for purposes such as criticism, comment, news reporting, teaching, scholarship, and research.  Business Inquiries For licensing, footage use, or collaboration requests, contact: 📩 contact@mind-rush.com  #MindRush #PoliceChase #DashcamFootage #HighSpeedPursuit #CaughtOnCamera #IntenseChases #PoliceVideos #AdrenalineRush #WildChases #CopCam #CrazyPoliceChases #YouWontBelieveThis #ViralDashcam #ChaseCam #UnbelievableFootage #PolicePursuit #NextLevelChase #RealOrFake #JawDroppingMoments",[],10,04092026
540,2iWG3tJAYjk,"Car Crash Compilation - Bad Drivers & Driving Fails 2022 (USA, EU & MORE)",23012022,UCV98lDQ42J3PDjNQIpdoYmg,4629287,"Do you want your own dashcam? Azdome Dashcam: https://www.azdomes.com/?ref=3h0weyxsuc Use Code: JKWCOMPILATIONS for 10% off.   In this video you can see crazy car crashes from 2021 in USA, EU & more. If you like dashcam and car video's please subscribe, so you never miss a new video!  I do not own any clips used in my videos. If you have a problem, please contact me.  subscribe: https://www.youtube.com/channel/UCV98... watch more: https://youtube.com/playlist?list=PL2...  #carcrash #drivingfails #carcrashcompilation  tags: car crash compilation 2021,car crash compilation,car crash compilation usa,driving fails,driving fails in canada,car crash compilation usa 2021,car crash 2021,driving fails in usa,car crashes 2021,car crash,car fails,road rage compilation car crash,fails compilation,fails,car crashes 2021 usa,compilation,car crashes 2021 russia,worst driving fails,road rage 2021,dash cam australia 2021,crash compilation,craziest dash cam car crash compilation 2021,driving fails,driving fails in canada,driving fails in usa,car fails,fails,driving fail,driving school,dash cam fails,funny fails 2021,driving fails in america,usa driving fail,driving test,close calls,driving,road fails,car driving,fails compilation,usa driving fails,worst driving fails,crazy truck driving fails,north american driving fails,driving faults,bad driving,driving fails compilation 2021,failed driving test,driving exam,car fails,driving fails,car crash,driving fails in canada,car,car crashes,fails,car crash compilation,car crash compilation usa,driving fails in usa,car crashes in america,funny car fail,funny car fails,close calls,car fail,car crash usa,supercar fails,funny fails,car fails uk,crash car,dash cam fails,fails 2020,road fails,fails compilation,car fails 2020,best car fails,ricer car fails,car fails funny,car accident,car repair fails,",[],9,04092026
541,cUBbwkXtYaE,Dutch Dashcam 2023 - 1,10042023,UCGXllzA9s6Sfcl8Y4M3Qhhw,1243696,"The first Episode of 2023 is there! A good 15 minutes of the best videos from the Dutch roads. Watch, learn and enjoy the drivers we have managed to capture on camera. Accidents, collisions and misery in general on the roads of Holland, it's all there! Enjoy!   *Share* *your* *videos!* https://forms.gle/XbaR7SSokZhQ63bu9 Or submit your clips to *dutchdashcam@hotmail.com* Large files can be sent with for example WeTransfer, Onedrive or a link to your own (hidden) Youtube video. Indicate wether you want anything to be blurred or muted, and we will make it happen!  Be sure to subscribe: https://www.youtube.com/dutchdashcam?sub_confirmation=1 Follow DD on twitter: https://twitter.com/DutchDashcam Like DD on Facebook: https://fb.me/TheRealDutchDashcam  #DutchDashcam  Credits for intro music: TheFatRat & Tasty Records  Song: https://www.youtube.com/watch?v=2Ax_EIb1zks TheFatRat: https://www.youtube.com/channel/UCa_UMppcMsHIzb5LDx1u9zQ Tasty Records: https://www.youtube.com/user/TastyNetwork",[],8,04092026
542,xmXi-n25g8Y,☆NEW☆ Ultimate Russian Fatal Car Crash Compilation November 2013  Watch only from Russia HD 1080dpi,09122013,UCtTwNTWdUP_zBxDlIjTRcvQ,1110,A description isn't available for this video,[],8,04092026
543,c4wK61LzA40,Japan Car Crash Compilation - Fear of accidents & Bad Drivers & Driving Fails #9,05042023,UCnEpSBXMtRrObI89vS8jlUg,1445133,"This dashcam caught a video featuring driving fails, instant karma, car crashes, good drivers, and bad drivers from Japan. This video has a great educational value which will help the viewer to learn safe driving as well as better road safety. Also, from the footage and additional information, a viewer can learn the consequences of bad driving and can educate his/her self with better driving safety. This process also gives our video a great educational value.  In addition, Japan, like the UK, drives in the left lane, and I think people in the right lane can learn about movements that are unfamiliar to them. I hope you find it useful when you travel abroad in the future.  Idiots In Cars - Idiots In Cars Compilation | Idiots In Cars Idiots In Cars / Idiots In Cars ~ Idiots In Cars Caught On Dash Cam  If you want me to remove any MUSIC or CLIPS, please contact to me.  ● Music Released and Provided by Tasty  ● Song Title: TheFatRat - Xenogenesis ● Music Video: https://youtu.be/_nabH71Bgyc ● Label Channel: http://youtube.com/TastyNetwork ● Album Download: https://tasty.network/2Ui29Le",[],8,04092026
544,Ov8xTCdqf7M,Car Crash Dashcam Compilation 2022 Russia // USA // Europe,05082022,UCHjaNjQdw6OW3lFVfDCSm8A,2865,"TO SUBMIT YOUR VIDEO: Please fill out this form https://forms.gle/b1Y5mkiDwAe67qz36 Email Your Clip To:vm643211@gmail.com.  AFTER WATCHING DIFFERENT DASH CAM VIDEOS EXPERIENCE, THESE ARE THE TOP 5 BEST DASH CAM.BUY NOW 1️⃣Rove R2-4K Dash Cam-https://amzn.to/3ywepvz 2️⃣REDTIGER F7N 4K Dual Dash Cam -https://amzn.to/3OpdsKS 3️⃣BLACKVIEW 4K DASHCAM-https://amzn.to/3NoO9ag 4️⃣VANTRUE DASHCAMhttps://amzn.to/3ymlD57 5️⃣REXING DASH CAMhttps://amzn.to/3OkrdKK  This content is both Transformative and Educational in nature. The video complies with the Content Quality section of the YPP Policies, as editing adds creative value that makes the content unique. *ALL VIDEOS ARE GRANTED PERMISSION FROM ORIGINAL OWNERS* Special thanks to the video submitters! Check them out: Sources: Break checkhttps://www.youtube.com/watch?v=NbHeacs6Rws&t=0s Addicted To LED's - https://youtu.be/qXbcHNOe8Qc --- South Florida Driving - Dash Cam Compilation 14 - Instant Karma & Illegal U-Turns/Left Turns (  )  Spats Bear - https://youtu.be/KUrYT9Wm3uU --- Instant Karma for Reckless Mercedes Driver! 3/16/22 ( Pittsburgh, PA  srt8u - https://youtu.be/CLWm0K71nU0 --- Police chase 9/18/20 Wilmington, Ohio (  ) JerseyIdiotDrivers - https://youtu.be/UPCFvoYnjao --- Driver gets caught ( on Garden State Parkway, NJ )  WRONG WAY DRIVER - Vancouver, Washington. July 16, 2022https://www.youtube.com/watch?v=DYGHXs1SJQE this is why insurance is high guys lolhttps://www.youtube.com/watch?v=J8FOz5pH468 Bad driver cuts me offhttps://www.youtube.com/watch?v=5Zs_EOUkNM4 IDIOT https://www.youtube.com/watch?v=FNn4rV6NiLQ Almost ran over both of them ioihttps://www.youtube.com/watch?v=vWo5K59gASk Wrong way car on one way street - Dashcamhttps://www.youtube.com/watch?v=j1JDq44DWfI More Random Idiots in Hampton Roads, Virginiahttps://www.youtube.com/watch?v=-xLvpxgOkh8&t=0s Honda Civic hit me on 75s merge #dashcam #baddriversofatlhttps://www.youtube.com/watch?v=bfdmW1k3zrQ&t=0s Garmin 5-25-2022https://www.youtube.com/watch?v=cUEh3mq3E6k&t=0s Nearly Gotten Hithttps://www.youtube.com/watch?v=-h3vy4xlmDQ&t=0s Hit and Run June 15, 2022 Memphis, TN Horn Lake Rd at Levihttps://www.youtube.com/watch?v=F1Xf4tY-dfA&t=0s Here’s my YouTube link addresshttps://m.youtube.com/watch?v=_TN6TI1GOEc  CREDITS TO EVERYONE WHO DESERVES #car crashes #road dashcam #bad drivers #bad drivers USA UK ITALY # OMG # Car fails #Today # road rage #instant karma BEST DASH CAM WITH BUILT IN GPS BOTH ANGELS AND NIGHT VISIONS-https://amzn.to/3b7evjS GET THE BEST DASH CAM THROUGH THIS LINK https://www.vantrue.us/?ref=lBZu7fUc",[],8,04092026
545,k8JUf_N5keY,✦ Tram And Car Crash Compilation May 2018 HD  ✦,20052018,UCTcAJIdv-3suxA8V0rGBk8g,1429276,"Tram vs Car. Tram vs Truck. Tram vs Bus, Tram vs Tram! It's all in here.   All Accidents are non-fatal. Video is for educational purposes only. Please remember to drive safely and take videos like this as a learning tool!   Thanks for stopin by everyone hope you enjoy new car crash compilation 2018.We are uploading every day videos about car crashes on road recorded from all around the world.hope you like it.   *********************************************   We are workin every single day to create for you unique compilation  Every view and sub is very much appreciated    -This is our own compilation of Car Crashes .  ©  -In our videos there are no seriously injured people and we are avoiding motorcycle crashes becouse of high risk of gettin killed in a Traffic accident.     Subscribe to our channel https://goo.gl/wZgYNv  See Newest Car Crash Accidents on the road January, February ,March  2018 :  https://goo.gl/R9qHJ8  In these type of videos Im trying to show situations on the roads which are for educational purposes, so the drivers can learn from other mistakes, not their own.  *********************************************  https://www.fiverr.com/theranker Amazingly Successful Brand Videos",[],8,04092026
546,FYwQGD6pGxE,"ULTIMATE CAR CRASHES USA, CANADA, RUSSIA & MORE | Car Crash Compilation 2021 | Road Rage #16",09102021,UCRT6jcGLwwWMCiOyzEo2sMg,13652,"This is a Car Crash Compilation/Dashcam video featuring driving fails, bad drivers, instant karma, funny moments from 2021 (USA, CANADA, UK, AUSTRALIA, RUSSIA & MORE)  👉 WATCH OUR CAR CRASH COMPILATION PLAYLIST: https://bit.ly/3o9AgE8  👉 Would you like to buy a dashcam?  👉 BEST SELLERS DASHCAM: https://amzn.to/3C8NaWx  This video is created for the educational purposes to study behave on the road. Watch, analyze and never make such mistakes on the road. Learn from the mistakes of others.  THIS CHANNEL IS FOR IMPROVING ROAD SAFETY. For more video's: Subscribe to the channel. Write comments and like! THANKS FOR WATCHING!  -SUBMIT A CLIP TO BE FEATURED: carcrashuniversity@gmail.com  🔴 If you own the copyright of any video posted on the channel, please contact this email👉 carcrashuniversity@gmail.com  ---------------------------------------------------------------------------------------------------------------------------------------- DISCLAIMER: Under Section 107 of the Copyright Act 1976, allowance is made for ""fair use"" for purposes such as criticism, comment, news reporting, teaching, scholarship, and research. Fair use is a use permitted by copyright statute that might otherwise be infringing.  -This video has no negative impact on the original works (It actually helps people to understand how carefull you need to be on the road!  -This video is used for teaching purposes.  We do NOT own the video materials and all credits belong to respectful owners. In case of copyright issues, please contact us immediately for further credits or clip delete.  #roadrage #roadragekarma #usaroadrage #crash #bestofroadrage #carcrashcompilation #carcrashescompilation2021 #russianroadrage #dashcamrussia2021 #dashcamusa2021 #dashcamcanada2021",[],7,04092026
547,_pccGggeW7Y,DISTRACTED DRIVERS #1 Crashing while using a Phone || Dash Cam Compilation,10062019,UCM9Bwpf5RucT6j516NAA8sg,200786,"Texting and driving is a big no-no. Watch these dash cam accidents showing how idiotic it is.  Check out Alex's channel: https://www.youtube.com/SquidTips  Psst, you there. Wanna buy a dash cam or related accessories? Here are some Amazon Affiliate links (anything purchased through these helps the channel keep going): 👉 Vantrue N2 Pro Uber Dual Front and Inside Dash Cam - https://amzn.to/2HVYMTN 👉 Vantrue compatible memory card 128GB - https://amzn.to/2IlPu2j 👉 Vantrue Hardwire Kit - https://amzn.to/2HWGqSH  👉 Garmin Dash Cam 55 - https://amzn.to/2WLnApI 👉 Garmin compatible memory card 64GB - https://amzn.to/2MtF0mQ 👉 Garmin compatible Power Hardwire Kit - https://amzn.to/2MFlggi  👉 Papago GoSafe 550 w/ 8GB Memory Cards- https://amzn.to/2JZG6Vb  DISCLAIMER: All Accidents are non-fatal. Video is for educational and entertainment purposes only. Please remember to drive safely and take videos like this as a learning tool!  Please hit the LIKE button! Subscribe for more videos! https://bit.ly/2IGl8Gl  Support the channel: https://www.patreon.com/BestDashCamAccidents One-time donation: https://www.paypal.me/BestDashCamAccidents  Like us on Facebook: https://www.facebook.com/BestDashCamAccidents1/ Follow us on Twitter: https://twitter.com/BDCA_Official Follow us on Instagram: https://www.instagram.com/bestdashcamaccidents1/  E-mail: bestdashcamaccidents@gmail.com  Original Videos: #1 - https://youtu.be/YrrXEXpuetM #2 - https://youtu.be/SwH5uLwy68w #3 - https://youtu.be/bZoI-U1kDgc #4 - https://youtu.be/gbcRuPMGcPI #5 - https://youtu.be/E_uhcW0tySo #6 - https://youtu.be/ax0l7KgEWXY #7 - https://youtu.be/D1YR6WtHm4I #8 - https://vimeo.com/233135447 #9 - https://youtu.be/nbmKQekYadw #10 - https://youtu.be/sLNNnfT6o2Q #11 - https://youtu.be/h2PtKsbsmrU #12 - https://youtu.be/QoSOEtzWPlU #13 - https://youtu.be/5P4M7s7Vv-g #14 - https://youtu.be/dCHdZxO4_tQ #15 - https://youtu.be/7oPDtud_-BY #16 - https://youtu.be/_YUy5ynIQDw #17 - https://youtu.be/spgZZq12lUY #18 - https://youtu.be/bmalLEs-O6M #19 - https://youtu.be/spgZZq12lUY #20 - https://youtu.be/Eq-n8CHlxPE #21 - https://youtu.be/hanjXZYIfko #22 - https://youtu.be/aCx4MfxbOVA  If any of the materials used in this video belongs to you, please contact us IMMEDIATELY for further credits or removal.  #bestdashcamaccidents #crashcompilation #textinganddriving #crashcommentary #dashcam #roadcam #dashcamcompilation",[],7,04092026
548,-MfV2ACNje4,"Dashcam Russia 2019-2021 || Russian Car Crashes, Near Misses, Bad Driving, Accidents Compilation New",06122021,UC5PYebaTivUwvjse7LOEbOw,11567,"Dash Cam Russia, Dashcam Russia 2021, Russian Dash Cam, Russian Dash cam 2021, Russian Car Crashes, Russian Car Crash Compilation, Russia Near Misses, Russia Dashcam Accident, Russia Accident, Russia Bad Driving, Russia Car Crash In This Video.   Credits (thanks to all)  00:00 clip1  00:14 clip2  00:39 clip3  00:53 clip4  01:12 clip5  01:27 clip6  01:38 clip7  01:47 clip8  02:07 clip9  02:31 clip10  02:51 clip11  02:59 clip12  03:17 clip13  03:26 clip14  03:40 clip15  03:58 clip16  04:53 clip17  05:11 clip18  05:25 clip19  05:41 clip20  05:59 clip21  06:25 clip22  07:06 clip23  07:28 clip24  07:42 clip25  08:02 clip26  08:18 clip27  08:44 clip28  09:08 clip29  09:35 clip30  09:48 clip31  09:58 clip32  10:33 clip33  10:47 clip34  11:04 clip35  11:26 clip36  11:45 clip37  12:02 clip38  12:20 clip39  13:16 clip40     :) dont forget subscribe   #carcrashcompilation #carcrashcompilation2021 #dashcamaccident #russiancarcrashcompilation #russiacrashes",[],7,04092026
549,Ps54PZSmNA4,Crashes Caught On Camera - Cars/Pedestrians vs Trams,16012022,UCt7oj318jVQi7vRbc1bNjJA,323998,"Being a tram driver is not easy. Watch for yourself. Get Surfshark VPN at https://surfshark.deals/honestguide - Enter promo code HONESTGUIDE for 83% off and 3 extra months for FREE!  Want to see more crashes? Watch our previous video https://youtu.be/qinF8Azew3Y  Do you want to follow Prague tram drivers on social media? Here are some of our favourite ones https://www.youtube.com/c/NaKoleji https://www.instagram.com/tramvajacka https://twitter.com/JChodounsky https://twitter.com/ridicprazsky https://www.instagram.com/radapetr https://twitter.com/Tramvajak_Praha https://www.youtube.com/user/willyjeff85  Like what we do? We create 2 EXTRA videos every week on  http://patreon.com/honestguide Thank you for supporting our creative journey 💛  Our BOOK 🗺️ https://honest.blog/shop/honest-guide-en/ (Best places for beer, coffee & food included)  Honest Guide 📸 https://instagram.com/realhonestguide Janek 🎤 https://instagram.com/janekrubes/  Honza 🎥 https://instagram.com/honzamikulka/   Facebook 👥 https://www.facebook.com/HonestPragueGuide/  The music we use for our videos 🎵 https://bit.ly/HonestMusic  0:00 Watch out for the- 0:30 Close call situations 1:24 Passing tram from the left 2:39 Trams vs Pedestrians 4:01 AD: Surfshark 5:18 Crashes 6:57 We LOVE trams  Thank you for your support! Janek Rubeš & Honza Mikulka, Prague based journalists  #HonestGuide","[{'title': 'Watch out for the', 'timestamp': '0:00:00'}, {'title': 'Close call situations', 'timestamp': '0:00:30'}, {'title': 'Passing tram from the left', 'timestamp': '0:01:24'}, {'title': 'Trams vs Pedestrians', 'timestamp': '0:02:39'}, {'title': 'AD: Surfshark', 'timestamp': '0:04:01'}, {'title': 'Crashes', 'timestamp': '0:05:18'}, {'title': 'We LOVE trams', 'timestamp': '0:06:57'}]",7,04092026
550,-ylCAFjwzBs,Best Police chase Fails and crashes. Accidents with police cars,01012020,UCg5eBECNDdwbcxvDLbYUmnw,947389,"This video include video police, police chase, police fails, police car crash, police driving fails.   —— In these type of videos Im trying to show situations on the roads which are for educational and journalistic purposes, so the drivers can learn from others common driving mistakes that resulted to damaging accidents. Take this video as a learning tool, drive safely and always obey the traffic laws of the road.  Want to buy a dash cam or related accessories? Here are some Amazon Affiliate links (anything purchased through these helps the channel keep going) 👉 APEMAN Dash Cam 1080P  Best seller #1 Amazon https://amzn.to/30Q6Jla 👉 Vantrue N2 Pro Uber Dual Front and Inside Dash Cam https://amzn.to/3akDyeq 👉 Garmin Dash Cam 66W https://amzn.to/2uZZ9bS 👉 Compatible memory card 64GB https://amzn.to/2R3ifGp  👉 Compatible memory card 128GB https://amzn.to/2NEh9ip 👉 BEST SELLERS dashcam https://amzn.to/2sRaYAi —— Get 10 % OFF for ALL dashcams BlackVue. 👉Code: KINGOFROAD 👉http://bit.ly/2TDHjpd BlackVue Subscribe youtube https://www.youtube.com/channel/UCg5eBECNDdwbcxvDLbYUmnw?sub_confirmation=1 Join to https://vk.com/kingotroad Join to https://web.facebook.com/Kingotroad Follow us on twitter https://twitter.com/KINGofROAD9  Help with channel development: https://donate.stream/ya410015113421643 QIWI: 4890494596358374  Dear viewers, if you own the copyright to any video posted on the channel, and you are against placing your videos on the list, and if you want to see your video in the compilation please write us: video.kingroad@mail.ru —— WANT TO SUBMIT A CLIP TO BE FEATURED? Please email your clip to: video.kingroad@mail.ru ——  All videos are used with permission of the owners. DISCLAIMER: Under Section 107 of the Copyright Act 1976, allowance is made for ""fair use"" for purposes such as criticism, comment, news reporting, teaching, scholarship, and research. Fair use is a use permitted by copyright statute that might otherwise be infringing.""  This video https://youtu.be/-ylCAFjwzBs  #Police #Policefails #Kingofroad",[],6,04092026
551,hcL_BQYIQhY,Indonesian Car Crash Compilation #1 Dash Cam Owners Indonesia,07082019,UCcQ5IHT8kmbN2C4fG4Y1b6g,134900,If you have Video/Photo please send email at dashcamownersindonesia3@gmail.com for file above 25MB can use Dropbox/Google Drive  Submit your video  https://docs.google.com/forms/d/e/1FAIpQLSdDjA7UWQ4ex63NEaGgc0Fgfy8DaDTQys1KxK81YYC5T_qbiQ/viewform?c=0&w=1 Facebook Groups:  https://www.facebook.com/groups/1963229320363386 Instagram:  https://www.instagram.com/dashcam_owners_indonesia/ Buy a Dashcam Tokopedia at https://m.tokopedia.com/search?q=dash+cam&st=product    #dashcamindonesia #selamatdijalan #indonesiacarcrash,[],6,04092026
552,ewsfs8J13PM,Saudi Arabian Car Crash / Road Rage Compilation (1),22082022,UCygISJtog2MXdhaHhXFBAGw,76155,"This video is the first in the educational series that is all about Saudi Arabian Road Rage, Car Crashes, Brake Checks, Instant Karma, Hit and Runs, and Bad Drivers in 2022.  If you're into insane dash cam footage, fails, and more, this is the video for you.   * Send your clips to originalddstv2@gmail.com to get featured! *  Visit USADashcams.com and use promo code ""DDSTV"" --  to get a 1 year warranty, free shipping, AND 10% off!","[{'title': 'AEGON', 'timestamp': '0:00:00'}, {'title': 'APPLE MONSTER', 'timestamp': '0:00:48'}, {'title': 'KALEL', 'timestamp': '0:01:33'}, {'title': 'HEOK', 'timestamp': '0:02:34'}, {'title': 'JALAN', 'timestamp': '0:04:02'}, {'title': 'ALAA', 'timestamp': '0:05:03'}, {'title': 'TAIE', 'timestamp': '0:06:04'}, {'title': 'SADEQ', 'timestamp': '0:06:25'}, {'title': 'RR22', 'timestamp': '0:07:26'}]",5,04092026
553,tm_AV1-37A0,India car and bike crash compilation 1,18062018,UCDmLE4K92N-_6wYQrPrBLeQ,350440,Our latest video takes us to India where the drivers aren't particularly well known for their prowess,[],5,04092026
554,mHC_Tr1AnIE,Insane Car Crash Compilation 2023: Ultimate Idiots in Cars Caught on Camera #103,08062023,UC1DbclQ_UnornBbPDpWag0Q,47507,"Protect yourself from idiots in cars!  Shop dashcams here: https://alli.pub/6n576a and https://amzn.to/3Fe2p4t / ? Tags: car crash compilation, car crash compilation 2023,  車禍, instant karma, car crash, car crashes, dashcam driving fails, bad drivers, car crash compilation 2023, car crash compilation usa, car fails, car crash time, dashcam crash, car crash uk, car accidents, car, car crashes compilation, crashes,  bad driving, accidents, bad drivers usa, crazy drivers, driving fails, driving fails compilation, driving fails in canada, driving fails in america, driving fails uk, driving fails 2023 usa, driving fails usa, driving fails funny, driving fails 2023, driving fails uk 2023, driving fails instant karma, driving fails coffin dance, driving fails failarmy, driving fails russia, car crash compilation, car crash uk, car crash compilation uk, car crash compilation usa, car crash compilation 2023, car crashes of usa, usa bad drivers, usa, car crash compilation, compilation, car crashes, dash cam, crash compilation, car crashes in america, north american driving fails, dash cam accidents, dash cam fails, road rage, car crashes 2023, american car crashes, best of live pd, crash compilation russia 2023, дтп, аварии, дтп 2023, аварии, car wrecks compilation fails, 2023, car crash compilation, car crash time, car crash meme, car crash usa, car crash america, car crash ad, car crash accident, a car crash, a car crash in real life, car crash channel, car crash compilation 2023, car crash dash cam, c car crashes, car crash dash cam usa, car crash fails, car crash funny, car crash fails ,car crashing, europe, drag, racing, lowrider, police, chase, jump, roll over, champ, jumping, ramp, derby, demolition, epic, thrills, spills, insane, wheelstands, wheelie, offroad, 4x4, funny, crashes,  explosions, absturz, zusammenstellung, auto, abstuerzen, ziehen, rallye, wahnsinnig, verrückt, germany, fail 2023, Crazy Auto , Best Driving Fails 2023,Dashcam USA, c, crazy driver, , car crashes in America, beaming drive, accident, accidents, best crash, high speed  jumps, worst driving fails 2023, dump car driver, bad drivers USA, dash cam crashes, crazy drivers, horrible car crashes 2023, bad drivers in USA, video, car crashes 2023, car crashes in America, beaming drive  crashes, beaming drive, beaming, accident, fails,  fail, car in winter, bad driving, instant karma, аварии, accidents, stupid drivers, bad drivers, accident USA, road rage, car fail, crashcam, best crash, beaming drive high speed crashes, beaming drive jumps, high speed jumps, dump crash, fail compilation 2023, car accidents, failcrash, best crashes, driver fail, high speed crashes, car accident , worst driving fails , dump car driver, dump driver, police chase, bad drivers USA, cars crashing, beaming drive compilation, аварии на видеорегистратор, дтп channel, dash cam fails, drivers crash, car crash USA, crazy driver, аварии 2023,  fatal car crashes, dash cam crashes, dashcam, dash cam crashes 2023, bad drivers Canada, bad drivers in Usa, beamIng drive chained cars crashes, car accident, beaming crash compilation, tr Araba Kazaları, bike crashes, dash camera, car crash compilation in Usa, craziest car crashes Usa, car crash compilation in Uk, realistic crashes, Araba Kazaları, brutal crash compilation, car crashes time, crazy drivers, American car crashes, driving, supercar crash, Dashcam crash, dash cams, supercar fails, rally crashes, horrible car crashes, car crash compilation 2023, crash compilation, 車禍彙編, scare cam, road rage, road rage Usa, car, supercar fails, brutal car crash, instant karma, bad drivers, car accident compilation, idiots in cars, Wypadek, crashing cars, car crash 2023, crash compilation, idiot in cars, caught on camera, fatal car crash, car crash fever road rage 2023 Dds Tv  #dashcam #carcrash #drivingfails",[],5,04092026
555,kgnV0EswnLs,Insane Car Crash Compilation - Terrible driving fails of 2020,17062020,UCgMzWjqVXPjSAvv7qxNhauw,15124409,"Horrible Drivers Of 2020 USA, CANADA, UK  If you want a clip in a certain video to be taken down please contact me at: thundercomps@gmail.com and I will take it down immediately.  Clips in the video 1. https://www.youtube.com/watch?v=VZvQwpPXlZk  2. https://www.youtube.com/watch?v=VHZUzyJ1UlM  3. https://www.youtube.com/watch?v=UciJ7MdbUT8  4. https://streamable.com/6wnj28  5. https://streamable.com/5m4nml  6. https://www.youtube.com/watch?v=F_a7TvHodvg  7. https://www.youtube.com/watch?v=nn3H1F-x654 8. SUV hits parked car and rolls 9. https://www.youtube.com/watch?v=HYHVbfjYTEY  10. https://www.youtube.com/watch?v=Sy9C1SddIIc  11. https://www.youtube.com/watch?v=K8h2vBvAm_8  12. https://www.youtube.com/watch?v=9mNyg7m3VIU  13. https://streamable.com/2587qk  14. https://www.youtube.com/watch?v=7P8pbTZETe4  15. https://www.youtube.com/watch?v=ieN5pKWTQTw  16. https://www.youtube.com/watch?v=MTrIpgYgvoI  17. https://www.youtube.com/watch?v=giWYYK5nndg  18. https://www.youtube.com/watch?v=16fRLRiChFw  19. https://www.youtube.com/watch?v=ZR-UccbKqzk  20. https://www.youtube.com/watch?v=pY8TZ4fNJsQ  21. https://www.youtube.com/watch?v=27cxppK_DiA  22. https://www.youtube.com/watch?v=xnVc0cmSL8g  23. https://www.youtube.com/watch?v=E6-pZ5cD_3U 24. https://www.youtube.com/watch?v=gWeyqqb_8RI 25. https://www.youtube.com/watch?v=KmZWxvu-WcY 26. https://www.youtube.com/watch?v=CRzcvYwM3Gg  27. https://www.youtube.com/watch?reload=9&v=UoU3tTIkb7s  28. https://www.youtube.com/watch?v=JqxKsb8_U_M  29. https://streamable.com/w93qfw  30. https://www.youtube.com/watch?v=bln5BqsDYV8  31. https://www.youtube.com/watch?v=vUHwzzfMhgI  32. https://streamable.com/aa8u8x 33. https://www.youtube.com/watch?v=eMAYB2ZhVio 34. https://www.youtube.com/watch?v=ualeXD-71T4  35. https://www.youtube.com/watch?v=Fmjwvn0Z064  36. https://www.youtube.com/watch?v=QcWbK31VaDk  37. https://www.youtube.com/watch?reload=9&v=xkbe2NP30Fs  38. https://www.youtube.com/watch?v=X3cWj3_0sRE 39. https://streamable.com/5yvpr9  40. https://www.youtube.com/watch?v=BOY2R7lOc1c  41. https://www.youtube.com/watch?v=PWznqk9kFBw  42. https://www.youtube.com/watch?v=BN6rvpoUrA4  43. https://www.youtube.com/watch?v=2TkyhNEdhxE  44. https://streamable.com/940isb  45. https://streamable.com/mlzakk 46. https://streamable.com/g8x9pa  47. https://streamable.com/04sjo6  48. https://www.youtube.com/watch?v=6qHK3YfP1tk  49. https://www.youtube.com/watch?v=vMWyCQDm64o  50. https://www.youtube.com/watch?v=U1STgg3XTFQ  51. https://www.youtube.com/watch?v=94pCc81m0uY     #Carcrashcompilation #Cars",[],5,04092026
556,8NOgVv8eZ84,Japan Car Crash Compilation - Fear of accidents & Bad Drivers & Driving Fails #4,01102022,UCnEpSBXMtRrObI89vS8jlUg,158042,"This dashcam caught a video featuring driving fails, instant karma, car crashes, good drivers, and bad drivers from Japan. This video has a great educational value which will help the viewer to learn safe driving as well as better road safety. Also, from the footage and additional information, a viewer can learn the consequences of bad driving and can educate his/her self with better driving safety. This process also gives our video a great educational value.  In addition, Japan, like the UK, drives in the left lane, and I think people in the right lane can learn about movements that are unfamiliar to them. I hope you find it useful when you travel abroad in the future.  Idiots In Cars - Idiots In Cars Compilation | Idiots In Cars Idiots In Cars / Idiots In Cars ~ Idiots In Cars Caught On Dash Cam  If you want me to remove any MUSIC or CLIPS, please contact to me.  ● Music Released and Provided by Tasty  ● Song Title: TheFatRat - Xenogenesis ● Music Video: https://youtu.be/_nabH71Bgyc ● Label Channel: http://youtube.com/TastyNetwork ● Album Download: https://tasty.network/2Ui29Le",[],4,04092026
557,AEVBGKZSU_k,MOTORCYCLE CRASH & FAIL COMPILATION 🔥 [Ep #1],05022023,UCGldmerRei_cveWIRdjcQig,4635927,MY GEAR:  GoPro 11 - https://amzn.to/3YKYrYk External Mic - https://amzn.to/3YwWDSs Helmet backpack - https://amzn.to/3Jx6fZm  Dashcam - https://amzn.to/3JI1iN6  MOTORCYCLE CRASH & FAIL COMPILATION 🔥 [Ep #1]  Subscribe here: https://www.youtube.com/channel/UCGldmerRei_cveWIRdjcQig  BIG THANKS TO THESE VIDEO OWNERS PLEASE GIVE THEM A SUB: [00:00] - INTRO - MOTORCYCLE CRASH & FAIL COMPILATION 🔥 [Ep #1] [00:10] - JVE_MOTO - https://www.youtube.com/watch?v=FAsQ7OqqUdA&lc=UgxS41MImwnPcXKllGR4AaABAg.9l6owldzUa09l6rjFdCCrB [00:48] - _Don_Patchy -https://www.youtube.com/watch?v=6iJoU3VJkl4 [01:49] - FullGaz - https://www.youtube.com/watch?v=oRRW2ixK5OE [03:18] - Kyle E - https://www.youtube.com/watch?v=pUOHoeBWVpQ [03:53] - Sacchini Productions - https://www.youtube.com/watch?v=V90qsEuBivs [05:00] - 360 moan - https://www.youtube.com/watch?v=TiDOjQJfCaw [06:06] - Capt.ZX10R - https://www.youtube.com/watch?v=t50ajTcsopA [06:54] - MuscleMoto - https://www.youtube.com/watch?v=WZBh6_JLBxk  ALL VIDEOS ARE USED WITH ORIGINAL COPYRIGHT OWNERS PERMISSION  #MotorCycles  #MotorBikes  #Bystro299,"[{'title': 'INTRO - MOTORCYCLE CRASH & FAIL COMPILATION 🔥 [Ep #1]', 'timestamp': '0:00:00'}, {'title': 'JVE_MOTO', 'timestamp': '0:00:10'}, {'title': '_Don_Patchy', 'timestamp': '0:00:48'}, {'title': 'FullGaz', 'timestamp': '0:01:49'}, {'title': 'Kyle E', 'timestamp': '0:03:18'}, {'title': 'Sacchini Productions', 'timestamp': '0:03:53'}, {'title': '360 moan', 'timestamp': '0:05:00'}, {'title': 'Capt.ZX10R', 'timestamp': '0:06:06'}, {'title': 'MuscleMoto', 'timestamp': '0:06:54'}]",4,04092026
558,USmZfz9Fpf4,"Dashcam Compilation #1 | CRASHES, ROAD RAGE AND MUCH MORE",28112023,UCo4Hpc0Emms1iogz5QKEWXA,3615,Welcome to The Dashcam Guardian!  People documenting the unpredictable side of the road.   Brace yourself for a raw and unfiltered look at unexpected moments on the asphalt. From minor fender benders to heart-pounding close calls and obviously major accidents. This is the reality of the open road. Buckle up and witness the chaos.   Drive safe out there! :)  Hope you enjoy the compilation!  Want to send your own videos? Send them to: thedashcamguardian@gmail.com  Send me a message if you want credits! (with proof)  Linktree: https://linktr.ee/thedashcamguardian  #Dashcam #RoadSafety #DriveSafe #TrafficIncident #CarCam #OnTheRoad #BehindTheWheel #RoadTripMoments #SafeDriving #AccidentAwareness #RoadFootage #TrafficWatch #CarAdventure #DriveSmart #DriveAware #HighwayViews #SafeJourney #TrafficSnapshot #RoadObservers #StayAlert #Crash #Crashes #Accidents #thedashcamguardian,[],4,04092026
559,7KanRPC2Zp8,Accident Compilation 2019 Sri Lanka # 03,22102019,UCWcIBUMu8jsTFdgGK6j7yNw,993561,Recent accidents reported in Sri Lanka!,[],4,04092026
560,30WmWwA8OWU,,,,0,,,4,04092026
561,q86QYr7wQ5g,"Car Crashes into Stores Compilation #1 / Car crash, Idiots In Cars, Securitycam",04052023,UCsM8TZ7Vd3lHi5ws4Gl_rXg,31094,"Car Crashes into stores Compilation / Car crash, Bad Drivers, Securitycam  Thank you for watching these Lesson one Videos! This video is only for educational purposes. Be careful on the road. Drive safely and keep yourself and others safe.  If you enjoy these videos please like, comment and subscribe!  #carcrash #baddrivers  #securitycamera   car crash compilation, Securitycam, car crash, car crashes, dashcam driving fails, bad drivers, car crash compilation usa, car fails, car crash time, dashcam crash, car crash uk, car accidents, car, car crashes compilation, crashes,  bad driving, accidents, bad drivers usa, crazy drivers, driving fails, driving fails compilation, driving fails in america, driving fails uk, driving fails usa, driving fails,  driving fails instant karma, driving fails coffin dance, driving fails failarmy, driving fails russia, car crash compilation, car crash uk, car crash compilation uk, car crash compilation usa, car crash compilation 2023, car crashes of usa, usa bad drivers, usa, car crash compilation, compilation, car crashes, dash cam, dash cam fails, road rage, american car crashes, best of live pd, дтп, аварии, car crash compilation, car crash time, car crash meme, car crash usa, car crash america, car crash ad, car crash accident, a car crash, a car crash in real life, car crash channel,, car crash dash cam, c car crashes, car crash dash cam usa, car crash fails, car crash",[],4,04092026
562,3Xms4cQF_G8,Close Call- Hard- Near Death- Nearly Hits Crashes Rally Car Compilation,30032015,UCx7fKugRcMjBbaX2xn2yQbw,996,There it is finally completed the Close Call-Crash Compilation with movie maker.  Soundtracks; Spectrem-Shine / Main Reaktor-Awakening Soundtracks from NoCopyrightSounds Credits/Thanks to:  *-TheOnePB for inspiring me *- Wrc for great clips of cars going of the road and crash *- Other youtubers like : JokTv and Rally Car Crash for great clips   Did you like the video please leave a like or a comment aready thanks  Spektrem-Shine https://www.youtube.com/watch?v=n4tK7LYFxI0 Spektrem-Shine http://fb.com/originaljessew Main Reaktor-Awakening https://www.youtube.com/watch?v=bKG2RFUmATs Main Reaktor https://www.facebook.com/mainreaktorm...,[],4,04092026
563,jYY8luP4QFw,"DASHCAM: 1 killed, 3 hurt in chain-reaction crash on 15 Freeway I ABC7",06062019,UCVxBA3Cbu3pm8w8gEIoMEog,266409,"A woman was killed and three men were hospitalized Tuesday morning after a DUI suspect on the 15 Freeway struck several cars, one of which careened into a parking structure near Temecula City Hall. https://abc7.la/31a4WqJ",[],4,04092026
564,tQ7YkL3jIvw,Car Crashes Caught on Camera Compilation at Dangerous Width Restriction Bollards in Watford,11102021,UCz3kwgi1nKHBcamph2g1SOQ,136684,"Witness the jaw-dropping bollards vs cars chaos on the most notorious road in all of Britain 12 cars have crashed in the same place in six weeks, and that includes a police van meeting their fate in the same exact spot.    Each collision paints a vivid picture of the road's sinister reputation.  Watch the heart-pounding  collisions footage captured by a vigilant Ring doorbell as they happened at the treacherous width restrictions of Woodmere Avenue. Experience the absolute chaos that has made Woodmere Avenue the undeniable epicenter of pointless crashes.   Watch when it was first discovered before the owner got his ring doorbell https://www.youtube.com/watch?v=h_3xnTNCk8E  https://watnews.uk/crashes-caught-on-video-at-woodmere-width-restriction/   🚗✨ Love cars? Subscribe to https://www.youtube.com/@SuperCarShowTour for a world of new & classic British and American cars, plus custom Hot Rods! Don’t miss out on jaw-dropping rides & vintage treasures. 🏁  NEW:  CAR CATAPULTS into CARTWHEEL https://www.youtube.com/watch?v=kDs4Wwrlee0  I hope you liked the video, please subscribe @WatfordLondon  https://facebook.com/WatfordHertsLondon/ https://twitter.com/WatfordLondon  https://instagram.com/watfordhertslondon/ https://watnews.uk   #viralvideo #cars #crash",[],4,04092026
565,Xzkrb5ow2JE,"accident, dashcam recode, speed test, live, crazy, crash, cctv, how to driving your car,compilation",19042021,UCnMRKMirucNFQ7oLbgtRxOw,417,#accident,[],4,04092026
566,BuNaeUzgjdU,Hydroplaning car crashes on Dashcam - Driving in rain,08092021,UChywVJaXBQwxImhSlxFCIsA,92394,A description isn't available for this video,[],3,04092026
567,l3GMCdK0G0M,USA DASH CAM | FATAL CAR CRASHES COMPILATION PART 6,25082026,UCv1-hovMVlnb-L2tI439ZCQ,64358,"#shorts #dashcam #usa #dashcamvideos #drivingfails   dash,dashcam,usadashcam,dashcamusa,americandashcam,usdashcam,drivingfails,usa",[],3,04092026
568,RutPUYDbMAg,Dashcam Gold | The Most Unbelievable Idiot UK Drivers | Compilation 9,18082026,UCuN7anK2gOdqWAAENarYY2Q,21453,"Idiot UK Drivers Exposed: Caught on Dashcam| Crashes, Idiot Drivers & Road Rage #8   📬 Have your own dashcam footage? Submit your clips here to be featured: https://shorturl.at/4hRHb  Protect yourself with a Nextbase front and rear Dash Cam - Use Exclusive discount Code SAFECAM15 for 15% off all products! https://tidd.ly/4tpkF2A World’s first truly Smart Dash Cam, Nextbase iQ!  https://shorturl.at/FKdeJ - Google App https://shorturl.at/Q4eTy - Apple App https://shorturl.at/bBClY - Website    Facebook/ idiotukdriversmedia     Instagram / idiotukdrivers    #dashcam #crash #roadrage #roadtrip #driving #viral #trucks",[],3,04092026
569,MMnCPBZXpdc,Wait For The Last One... Car Fails Compilation 😳🚙 #fails #carfails #shorts,30082026,UC6yoKAcIoyi9_0ZlIYPQS8Q,26944,"Watch these wild car fails and moments where drivers completely lose control on the road.  From dangerous oversteer to close near misses, this compilation captures the most shocking driving mishaps caught on camera. Whether you are a car enthusiast or just looking for some intense footage, these clips show exactly what happens when things go wrong behind the wheel.  Tell me which clip was the most intense in the comments below.",[],3,04092026
570,CEYNV2DWVQs,Fiery Car Crash After Home Invasion Turns Into Police Chase #shorts,08072022,UC9k-yiEpRHMNVOnOi_aQK8w,2358276,"Three teenage suspects are in police custody after an alleged home invasion followed by a police chase. It happened in Washtenaw County, Michigan. Police say a homeowner woke up in the middle of the night to her door wide open and her belongings scattered across her yard. She also reported to police her car had been stolen. The suspects, police say, stole her car and led them on a chase that ended with a fiery crash.",[],3,04092026
571,4q4nIY4Ph1Y,Mustang-Driving 22-Year-Old Slams Into Porsche #shorts,10052023,UC9k-yiEpRHMNVOnOi_aQK8w,14352178,A Mustang-driving 22-year-old was caught on camera rear-ending a Range Rover and a Porsche in an alleged road rage incident in Los Angeles.,[],3,04092026
572,DeFY9u69tkE,Cars taking the (I-5 South) Union street exit too fast,30112021,UC_zDdYITq4yRf0L3MrqjCrw,6114445,"Over the past four years, I've been recording vehicles taking the I-5 Union street freeway exit too fast. This is just a quick compilation of the crashes that I've recorded.",[],3,04092026
573,jbFH0wFU7m0,Speeding car forces bus off its route crashing into nearby house #crash #bristol #bus,21042023,UCFQgi22Ht00CpaOQLtvZx2A,658637,A description isn't available for this video,[],3,04092026
574,ThT-2TeLlpk,Dramatic car crash caught on camera,30082016,UC8p1vwvWtl6T73JiExfWs1g,2693164,Dashcam video captured a dramatic car crash in upstate New York that caused a massive pileup on the highway. CBSN's Elaine Quijano has more.,[],2,04092026
575,q8Xi1Jzy39U,Accident Compilation 2019 Sri Lanka # 02,31052019,UCWcIBUMu8jsTFdgGK6j7yNw,11463052,Please note that non of the drivers/ riders and the passengers were seriously injured with these accidents and majority of them walk away from the accidents with very minor injuries.   Music: https://www.bensound.com,[],2,04092026
576,BIaLQf-WbCU,Car goes flying after crashing into tow truck,31052023,UCupvZG-5ko_eiXAupbDfxWw,424246,"Bodycam video from Lowndes County Sheriff’s Office in Georgia shows the moment a driver hit the flatbed of a tow truck, flew through the air and crashed. Deputies were on scene of a separate traffic incident at the time. Georgia State Patrol confirmed to CNN affiliate WSB that the driver survived but is hospitalized with severe injuries. It’s unclear if any charges will be filed against the driver. The deputy injured by the debris was released from the hospital in good condition. #cnn #news",[],2,04092026
577,zCJ7vB4XRbQ,"UK Bad Drivers, Road Rage, Crash Compilation #12 [2015]",17102015,UCOX6ftzHrXKkgrqZwtI7uGw,575700,"UK Dash Cam Compilation #12 to Expose UK Bad Drivers/Driving. Features Crashes, Road Rage and Crash for Cash from 2015. Contains Strong Language. Enjoy!  No copyright infringement intended. All rights attributed accordingly. All material belongs to their appropriate owners and used in adherence to Fair Use copyright law for Journalistic/Satirical purposes.  **Copyright issue? Send me a message and we'll get it resolved ASAP.  Copyright Disclaimer:  Under Section 107 of the Copyright Act 1976, allowance is made for «fair use» for purposes such as criticism, comment, news reporting, teaching, scholarship, and research. Fair use is a use permitted by copyright statute that might otherwise be infringing. Non-profit, educational or personal use tips the balance in favor of «fair use». The recent amendments to the Copyright Act of 1976 pertain to music. «Fair use» remains in force for film and video.  CREDITS: To be completed.  MUSIC: Tobu - Candyland",[],2,04092026
578,eWwSunVccKc,Bus crash caught on video after driver falls asleep,05032015,UCP6HGa63sBC7-KHtkme-p-g,1307010,"A Detroit bus driver allegedly dozed off and awoke just before crashing into a row of vehicles. The accident investigation stretched approximately one-half mile long. **************** Humankind: Amazing moments that give us hope ➤ http://bit.ly/2MrPxvd Humankind: Stories worth sharing ➤ http://bit.ly/2FWYXNP Animalkind: Cute, cuddly & curious animals ➤ http://bit.ly/2GdNf2j Just the FAQs: When news breaks, we break it down for you ➤ http://bit.ly/2Dw3Wnh    The Wall: An in-depth examination of Donald Trump’s border wall ➤ http://bit.ly/2sksl8F",[],2,04092026
579,IxZnJ7LhHiA,Car launched into air by runaway tire,26032023,UCinjnmQEwCddOudyCC1v7qA,517143,"Dash-cam footage from a Tesla captured the moment a vehicle ran over a tire on a Southern California freeway that had just come off a nearby pickup truck, launching the car into a midair spin. This report aired on KTLA 5 News at 10, Mar. 26, 2023.   Details: https://ktla.com/news/local-news/loose-tire-launches-car-into-midair-spin-on-118-freeway-in-chatsworth-video/  Get Los Angeles breaking news, entertainment, weather, traffic and sports from L.A.'s Very Own, KTLA 5 News. Keeping Southern Californians informed since 1947.",[],2,04092026
580,3bPRIDE2xLY,Car Crash Compilation #72,23032021,UCra6DSh-41G0y1OTLK8sOpg,33,"We have selected a compilation of accidents for YOU, these car accidents are only needed for familiarization, so that you can avoid car accidents on the highway. You will see the accidents recorded on the DVR, the accidents in HD format. We will show you the Russian Car Crash Compilation as well as the US Car Crash compilation. Watch our Car Accident Compilation HD.  Telegramm - https://t.me/rus_car_crash Ficebook - https://www.facebook.com/groups/2902763956651269  #Drivingfails #Dashcam #BadDrivers",[],2,04092026
581,5oO226PgSkg,"1,300HP Mercury Comet BRAKE FAILURE CRASH",08072022,UCbvnFQK524Y7PXx3ceWCTQQ,12778791,"1,300HP Mercury Comet has brake failure causing the car to slam into the back of a minivan causing injuries to the driver and passenger. Everyone has healed from the accident and the car will be back on the road one day.  Buy Merch: https://atlamerch.com/  AutotopiaLA Social Media:  Instagram https://www.instagram.com/autotopiala/ Facebook https://www.facebook.com/autotopiala/ Web https://www.autotopiala.com​​​​​​  Paul Welsh - Videography & Tech support: https://www.instagram.com/mr.paulwelsh/  Builder's Social Media: https://www.instagram.com/russsto/?hl=en  Edited by Kyle Simon: https://www.instagram.com/_kylesimon/  We want to hear from you. Like the music? Like the cars? Like the locations? Tell us what you’d like to see and we’ll do our best to bring it to you as we continue creating content. Thanks for watching and help spread the word by telling your friends to check out AutotopiaLA! New episode every Tuesday and Friday at 5 pm (pst).","[{'title': 'Intro', 'timestamp': '0:00:00'}, {'title': 'What Happened', 'timestamp': '0:00:53'}, {'title': 'Casual Driving', 'timestamp': '0:02:31'}, {'title': 'Rolling Shots', 'timestamp': '0:03:06'}, {'title': 'Turning Around', 'timestamp': '0:04:12'}, {'title': 'Stop Light', 'timestamp': '0:04:55'}, {'title': 'No Brakes', 'timestamp': '0:06:08'}, {'title': 'Crash', 'timestamp': '0:07:07'}, {'title': 'Lessons Learned', 'timestamp': '0:08:32'}]",2,04092026
582,1FB3Q--TlmI,Video Shows POV Of Deadly Distracted Driver Crash,29102020,UCry2gCVdntv6r661sKUiKXw,54366,"Sam Hicks got an alert on his phone and looked down at it for just eight seconds. At 63 miles per hour, the crash took the life of 54 year old Robert Bursick (1:04). WCCO 4 News At 6 - October 29, 2020",[],2,04092026
583,D-QS6ynpMC8,Onboard Cameras Highlight the Dangers of Bus Crashes,01102014,UCBi2mrWuNuyYy4gbM6fU18Q,132967,Spokane crash raises questions about need for seat belts on public buses.,[],2,04092026
584,9vKYPiqylzA,Ozzy Man Reviews: Dashcams #2,21042021,UCeE3lj6pLX_gCd0Yvns517Q,4905843,"Welcome back to another instalment of analysing dashcam footage. Drive safe yeah nah yeah!? Check out the ripper Ozzy Man Merch: https://www.ozzymanshop.com​ cheers ya legends!   Sauces:   1. Submarine Car @Bruno_Nafal on Instagram 2. Deer Crossing @STOPCHAM   https://tinyurl.com/dvykpe8 3. Tragic Trolley Boy @viralhog  https://tinyurl.com/y3sx2dyh 4. Stubborn Cars @Pendulum_1337 on Reddit https://tinyurl.com/2t58j9s4​ 5. Ducks Crossing @Cyrdoslav1 on Reddit https://tinyurl.com/whzc436 6. Mini Motorbike Chase @DashCamOwnersAustralia https://tinyurl.com/bhf558jh 7. Kangaroo Freakout  @Dash Cam Owners Australia   https://tinyurl.com/36cvv4xy 8. Elk Crossing @Braderbilt on Reddit: https://tinyurl.com/49ch3tmm 9. Truck Terror @Hawk View Photography https://tinyurl.com/tfrmjdm  Oi. I'm on Tik Tok, Facebook and Telegram too ay.  https://t.me/ozzymanofficial  Check 'em all out.",[],2,04092026
585,vdbpSiGslFo,Shocking Car Crashes Caught On Camera (Dashcam Compilation) #shorts #accident,24082026,UC9z9Kz7jZMy7Ce6ffxB-k9Q,1,"Welcome to Accident Archive! If you love raw dashcam footage, shocking car crash compilations, and crazy driving fails, you are in the right place. We share intense real-life traffic incidents and unexpected road moments to help you stay alert and promote safe driving.  #shorts #carcrash #dashcam #carcrashcompilation #drivingfails #roadrage #accident #traffic #AccidentArchive #roadsafety",[],2,04092026
586,E7oYR7nQ_0k,"Viral CCTV: Speeding Car Rams Into Petrol Pump Workers, One Sent Flying | Delhi News",31082026,UCZFMm1mMw0F81Z37aaEzTUA,84115,"Delhi: A shocking CCTV video from a petrol pump has gone viral, showing a speeding Swift crashing into multiple workers at the fuel station. The impact sent one of the workers flying and left him seriously injured. Police later arrested the driver, identified as Deepanshu. The accused reportedly claimed that his foot became stuck near the accelerator, causing the car to accelerate and preventing him from applying the brakes. Legal action is underway.  #DelhiNews #DelhiCarAccident #DelhiSwiftCar #CarsHits #PetrolPump #CCTVFootage #CarCrash #DelhiCarCrash #RoadAccident #ViralVideo #SwiftCar #AccidentVideo #PetrolPumpAccident #WorkersInjured #NDTV   $MetaTags$1#Digital Original2#News4#Ahtasham Khan$MetaTags$  About NDTV (English news channel):    NDTV is India's Most-Trusted News Broadcaster with the latest updates in news, sports, entertainment and much more from within India and around the world. Watch big political debates, exclusive entertainment interviews, news bulletins, current affairs, talk shows and tech reviews with our 24x7 news live streams, packed with credible information across all platforms: TV, Internet and Mobile.  For Latest Videos, click here: https://www.youtube.com/playlist?list=PLYSfYVdrOZvh5iPadUPTAg3sxFD_DZpT_  To watch NDTV's premium shows listed together for your easy access, click here: https://www.youtube.com/@NDTV/playlists?view=50&sort=dd&shelf_id=5  For Ground Reports and Analysis from NDTV's reporters and anchors of day's top news stories, click here: https://www.youtube.com/playlist?list=PLYSfYVdrOZvgHr6OHiZYKbr_21MOmvk04  For News in Shorts, click here: https://www.youtube.com/playlist?list=PLYSfYVdrOZvjJ8fhLPk_Fz4tFARkpG-Y-  Subscribe to our channel to get latest news updates.   Follow us on Social Media:  WhatsApp: https://whatsapp.com/channel/0029Va4lixw7z4kcvZI9JM12  Facebook: https://www.facebook.com/ndtv/ Twitter: https://twitter.com/ndtv/    Instagram: https://www.instagram.com/ndtv/  Telegram Messenger: https://t.me/NDTVbot/?start=hi    Follow us on Google News for Breaking and Latest News Updates: NDTV: https://bit.ly/3e5ngbP NDTV India (Hindi News): https://bit.ly/3mNVwMY    Download NDTV Mobile Apps: http://www.ndtv.com/page/apps    #BreakingNews #LatestNews #TodayNews #News #IndiaNews #CurrentAffairs #NDTV",[],2,04092026
587,ydL2-_3hzU0,9-Year-Old Crashes Family Car With 4-Year-Old Sister Inside,03062021,UC9k-yiEpRHMNVOnOi_aQK8w,1475576,"Officials say a 9-year-old Utah girl took her 4-year-old sister on a joyride they hoped would end with a swim in the ocean. Instead, it ended with a head-on crash with a semi-truck. Police say the girls drove about 10 miles away from their home. on both streets and freeways, before hopping a median and crashing into the truck. Both girls were wearing their seatbelts, and walked away from the accident unharmed. #InsideEdition",[],2,04092026
588,Hz21yx7pzJY,Idiots On Car | Video 1 | Car Crash Compilation 2023,09032023,UC888pYnh6IefNHrs5QKxZOA,4115,"Enjoy watching, be careful on the road! Submit your videos: dukaa91@gmail.com  The best collection of car videos caught on DashCam from around the world. On this channel you will find a large selection of videos on various topics of cars: idiot on cars, road rage, driving fails, close calls, instant karma, and many other compilations. All pleasant viewing! New compilation every day!.  Dear viewers, if you own the copyright to any video posted on the channel, and you are against placing your videos on the list, and if you want to see your video in the compilation please write us: dukaa91@gmail.com",[],2,04092026
589,rWPRzdG6CpQ,Dashcam Video: Truck Driver Allegedly Looking at Phone at Time of Fatal Crash,04112013,UCBi2mrWuNuyYy4gbM6fU18Q,2157577,Police release dashcam video of Jorge Espinoza moments before his semi plowed through police cars.,[],1,04092026
590,fRb71dG41bM,CCTV Footage Shows Head-On Collision of Trains in India | VOANews,12112019,UCVSNOxehfALut52NbkfRBaA,6115944,"Closed-circuit television (CCTV) footage released by Indian Railways showed the moment when two trains collided head-on in India's southern city of Hyderabad, Monday, November 11.   At least 16 people, including a train driver, were injured when the accident took place Monday morning. The trapped driver was rescued after being stuck for six hours.   Six coaches of a local train and three coaches of Hundry Express derailed from the tracks due to the collision impact. (REUTERS) #india #train #voanews",[],1,04092026
591,GkOBk3QQtdU,23-Year-Old Survives Horrific Car Crash Involving Alleged Drunk Driver,02012018,UC9k-yiEpRHMNVOnOi_aQK8w,4084814,"A Kansas man who survived a horrific car crash in 2015 is still thanking the first responders who saved his life. Jeff Kudlacik survived a March 2015 drunk driving accident which left his car split in two. He was thrown from the car and left with broken ribs and legs and a punctured lung. Looking back on the accident, Kudlacik says he is forever grateful to the first responders who arrived at the scene. “Without these firefighters, I wouldn’t be here,” he told Inside Edition. #InsideEdition",[],1,04092026
592,0n8x6-5eQHA,Semi truck crash I5 Multi-Vehicle Pileup 1080p Dash Cam Footage,24052018,UCylTmiOXmFLKKJwnTDzZ56w,1549921,A description isn't available for this video,[],1,04092026
593,lk3UBQ5cTVo,Crazy accident golf gti at high speed,25012015,UCBet4xssWTmwKo_elJyG4yQ,18583258,A description isn't available for this video,[],1,04092026
594,eQ6X-0_Q830,Accident Honda Civic X v/s Toyota Corolla | Wait Till The End #shorts #lahore #pakistan,25092021,UCd8XtiZr7Hgoimi9S89z1hQ,194548,Accident Honda Civic X v/s Toyota Corolla | Wait Till The End #shorts #lahore #pakistan,[],1,04092026
595,J9TgB0pONSI,Anne Heche in Critical Condition After Fiery Car Crash,09082022,UC9k-yiEpRHMNVOnOi_aQK8w,521009,"Actress Anne Heche remains in a coma after a fiery car crash. Her condition is far worse than originally believed. According to her spokesperson, she is in critical condition and on a ventilator. Heche's burns will require ""surgical intervention"" and she has ""a significant pulmonary injury."" Also, new information about the moments before the crash was released.  Roughly 30 minutes before the incident, she stopped by a hair salon in Venice Beach to buy a red wig.",[],1,04092026
596,oNhM2972jK8,Idiot Drivers Compilation 2022 | lost control in the curve | Dashcam #shorts #viral,22052022,UCvGSmXeTLusWrGtpGYAZUAQ,16,"#shorts #short #dashcam New Workd Gold Accidents #drivingfails #fails #idiotsoncars #carcrash #carcrashcompilation #drivingfails #baddrivers #car #compilation #fail #driving #keșfet #trending #trend #trendingvideo #carcrashes #kaza #araba #shorts #viral #funny #skills #trendingnow  Stay protect!  This short video has a great educațional value which will help the viewer to learn safe draiving as well as better road safety.#trynottodo Make sure to learn from other people's mistakes in this video. Thanks for watching!    Car cras compilation,car Crash spune efect,car Crash test,car Crash game, car cras meme,car Crash compilation 2021,idiots in care 2021, car Crashes,idiot in care, instant karma,bad Drivers,driving tăios Dash cam,dashcam,Expensive car Crash Luxury Car crashes,super crash care,Expensive Luxury car Crash compilation,car Crash tv, idiot supercars Drivers, great Shorts,driving tăios, Truck idiot Drivers,supercars,fail funny vinde. Best fails care, funny fails, awesome videos,epic videos k21,funny vinde compilation,ultimate retarder videos,need for Speedy,NFS,Dirt Rally,Road idiots. #MindWarehouse #IncredibleMoments #CaughtOnCamera #InterestingFacts car crash compilation 2021, car crashes, bad drivers, dash cam, car crash compilation, funny videos, fails compilation, car crashes in america, road rage, try not to laugh, car crash test, car crash, car crash videos, car crash usa, car crash compilation reaction, car crash compilation 2021,car crashes,bad drivers,dash cam,funny videos,car crashes in america,car crash test,car crash,car crash usa,Dash Cam Car Crash Compilation 2021 Russia __ USA __ Canada ,uk dash cameras,uk dash cams,dash cams uk,crashes,uk crashes,uk accidents,uk road rage,fights,compilation,fail,2020,dash cams,close calls,uk dash cam,uk dash cam compilation,dash cam accidents,crash compilation russia dash cam, dash cam accidents, dash cam crashes, dash cam australia, dash cam uk, car crash compilation, car crash compilation 2021, dash cam car crash, dash cam videos, road rage uk, car crash uk, uk dash cam, car crash, dash cam crash, car crashes in america, dashcam, dash cam compilation, dashcam accidents, crash, dash cam accidents 2021, dash cam funny moments, dash cam usa, car crash compilation 2021 russia, car crash compilation uk,car accidents compilation, car crash compilation, car crash compilation usa, car crash uk, dash cam crashes, dashcam russia, fatal car crashes 2021 america, uk dash cam, car accidents with bodies video, car crash accident, crash compilation, driver caught lying on dashcam, fatal crash extraction 2020, nj fatal car accident graphic, road rage fights colorado, fatal crash, car dash cam, dash cam car crash compilation usa, dash cam 2021, dashcam russia 2021, car crash russia 2021, car fails compilation 2021, road rage usa, car crash compilation 2021 usa, dash cam accidents usa, dash cam crashes 2021, funny accidents try not to laugh, uk road rage, dash cam owners australia, dashcam crash, roadrage, dash cam australia 2021, dash cam funny, dashcam russia, australia car crash compilation, car crash 2021, car crash usa, dashcam accident, dashcam funny, car crash compilation usa, crash cam, Suddenly, Now, Announcing, Introducing, Improvement, Amazing, Sensational, Remarkable, Revolutionary, Startling, Miracle, Magic, Offer, Quick, Easy, Wanted, Challenge, Compare, Bargain, Hurry, .",[],1,04092026
597,HD5OJpZfSwc,Dash Cam Saves Driver From Road Raging Insurance Scammer,23042024,UCGOQS9mWlDGGTRW1ggcb9nQ,3099042,A description isn't available for this video,[],1,04092026
598,Vwh0lBPHg9o,RAW: Toronto road rage caught on camera,08072015,UCuFFtHWoLl5fauMMD5Ww2jA,12050189,"Watch what happens when a CBC News interview with a police officer is interrupted by a road rage incident on a nearby road. To read more about it:  http://www.cbc.ca/1.3143188 »»» Subscribe to CBC News to watch more videos:   https://www.youtube.com/user/cbcnews?sub_confirmation=1  Connect with CBC News Online:  For breaking news, video, audio and in-depth coverage: http://www.cbcnews.ca Find CBC News on Facebook: https://www.facebook.com/cbcnews Follow CBC News on Twitter: https://twitter.com/cbcnews For breaking news on Twitter: https://twitter.com/CBCAlerts Follow CBC News on Google+:  https://plus.google.com/+CBCNews/posts Follow CBC News on Instagram: http://instagram.com/cbcnews Follow CBC News on Pinterest: https://www.pinterest.com/cbcnews// Follow CBC News on Tumblr: http://cbcnews.tumblr.com   »»»»»»»»»»»»»»»»»» For more than 75 years, CBC News has been the source Canadians turn to, to keep them informed about their communities, their country and their world. Through regional and national programming on multiple platforms, including CBC Television, CBC News Network, CBC Radio, CBCNews.ca, mobile and on-demand, CBC News and its internationally recognized team of award-winning journalists deliver the breaking stories, the issues, the analyses and the personalities that matter to Canadians.",[],1,04092026
599,G60dFKHvbu8,😱HUGE #Motorcycle CRASH AT DAYTONA INTERNATIONAL RACEWAY! #shorts,12032023,UCN2Pl_bflnLpy_cdv8lV1gQ,9381188,A description isn't available for this video,[],1,04092026
600,c6w3TnUqom4,CCTV Footage Shows Deadly Truck Crash on Airport Road,17092025,UCLIMdoS-InL1-GIBUKSvydg,372209,"A truck went out of control on Airport Road, striking multiple pedestrians. CCTV footage has surfaced showing the shocking moment. Emergency services rushed to the scene as several people were injured. Authorities are investigating the cause of the crash, warning citizens to stay alert on the busy road.  #TruckAccident #AirportRoadCrash #OutOfControlTruck #PedestriansHit #CCTVFootage #BreakingNews #AccidentAlert #TrafficDisaster #InjuriesReported #TruckRampage #midday #middayindia #worldnews #globalaffairs #us #russia #ukraine #israel #iran #geopolitics #breakingnews #trending #featured #india #narendramodi #vladmirputin #benjaminnetanyahu #donaldtrump #usnews #uk #america   We know Mumbai best, now we bring you the world. From the streets of Mumbai to headlines across the globe, stay updated with the latest in news, Bollywood, crime, sports, and more. We’re proudly #MadeInMumbai, reporting for the world.  Subscribe now for real stories that matter: http://bit.ly/2KUYCyq  Follow us here for exclusive updates and videos: Meta: https://www.facebook.com/middayindia X:https://x.com/mid_day Instagram: https://www.instagram.com/middayindia",[],1,04092026
601,q7NxL4II_vI,High speed accident at Quick Quack Car Wash,12012015,UCCrM3iovg8e8iUwMbWTj5WQ,24200591,**No part of this video was sped up.** Fortunately no one was seriously injured when a customer stepped on the gas instead of the brake and flew through the car wash at high speed. Notice the other customer leaving the vacuum area just seconds before this one crashes. We are proud of our staff for their professionalism and amazing responses. We were back up and running in just a couple of days!  Download the Quick Quack Car Wash Theme Song on iTunes here: https://itunes.apple.com/us/album/dont-drive-dirty-single/id433414590,[],1,04092026
602,UUFAHxrXKE4,"Delhi-Mumbai Expressway Accident: Mercedes Crashes Into Container Truck, Student Killed #viralvideo",31082026,UCYPvAwZP8pZhSMW8qs7cVCw,25502,"Delhi-Mumbai Expressway Accident: Mercedes Crashes Into Container Truck, Student Killed #viralvideo   A fatal road accident took place on the Delhi-Mumbai Expressway after a Mercedes car crashed into a container truck. The engineering student who was driving the car died in the accident.  #DelhiMumbaiExpressway #RoadAccident #MercedesCrash #CCTV #FatalAccident #RoadSafety #ExpresswayAccident #CarCrash #EngineeringStudent #accidentnews    Delhi Mumbai Expressway accident, Mercedes crash, Mercedes container truck crash, engineering student killed, Delhi Mumbai Expressway crash, CCTV road accident, fatal car accident  Subscribe to India Today for NEW VIDEOS EVERY DAY and make sure to enable Push Notifications so you'll never miss a new video.   All you need to do is PRESS THE BELL ICON next to the Subscribe button!   India Today TV is India's leading English News Channel. India Today YouTube channel offers latest news videos on Politics, Business, Cricket, Bollywood, Lifestyle, Auto, Technology, Travel, Entertainment and a lot more.   Stay tuned for latest updates and in-depth analysis of news from India and around the world!   For more updates, subscribe our channel: https://www.youtube.com/channel/UCYPvAwZP8pZhSMW8qs7cVCw?sub_confirmation=1  For LIVE updates, analysis, and expert opinions — only on India Today https://youtube.com/live/sYZtOFzM78M https://youtube.com/live/lNe8hisFwMM   NewsToday with Rajdeep sardesai: https://youtube.com/playlist?list=PLPPKwCCueQ_BDuN36y_c4eIFbbsTWudmi&si=Afk5JfoGFBsX8lvH  India First with Gaurav Sawant: https://youtube.com/playlist?list=PLPPKwCCueQ_BFk7nVk4khuMvyci5nuX4Z&si=iYuw0hIt9NTcrcOo  To The Point with Preeti Choudhry: https://youtube.com/playlist?list=PLPPKwCCueQ_AARG0z9XWZ3_lMCiLlMzfD&si=5AewBYYZZC-GkCny  NewsTrack with Marya Shakill:  https://youtube.com/playlist?list=PLPPKwCCueQ_AzhqTbhMb8kfaauJmeH_IQ&si=Pzh_FY-lYsSoSEVJ  WhatsApp Channel: https://whatsapp.com/channel/0029Va2AnW3JENxxg7OuJv00  Download App: https://play.google.com/store/apps/details?id=com.indiatoday&hl=en_IN  Follow us: Official website: https://www.indiatoday.in/  Twitter: https://twitter.com/IndiaToday   Facebook: https://www.facebook.com/IndiaToday",[],1,04092026
